{"graph_0": {"_type": "graph-file", "path": "media/graph/graph_0_summary_89da0567.graph.json", "sha256": "89da056784f1ca6a76007967182a8fc1b5f175f84c33129b5c2381536663d421", "size": 700}, "_timestamp": 1585619006.2409754, "Episode length": 999, "Episode reward": -99.8999999999986, "Policy Loss": -0.7201483249664307, "_step": 499, "Value Loss": 0.019814373925328255, "_runtime": 21636.608105897903, "gradients/fc.2.bias": {"_type": "histogram", "values": [0.0, 0.0, 0.0, 0.0, 0.0, 0.0, 0.0, 0.0, 0.0, 0.0, 0.0, 0.0, 0.0, 0.0, 0.0, 0.0, 0.0, 0.0, 0.0, 0.0, 0.0, 0.0, 0.0, 0.0, 0.0, 0.0, 0.0, 0.0, 0.0, 0.0, 0.0, 0.0, 1.0, 0.0, 0.0, 0.0, 0.0, 0.0, 0.0, 0.0, 0.0, 0.0, 0.0, 0.0, 0.0, 0.0, 0.0, 0.0, 0.0, 0.0, 0.0, 0.0, 0.0, 0.0, 0.0, 0.0, 0.0, 0.0, 0.0, 0.0, 0.0, 0.0, 0.0, 0.0], "bins": [-0.00023327101371251047, -0.00023327101371251047, -0.00023327101371251047, -0.00023327101371251047, -0.00023327101371251047, -0.00023327101371251047, -0.00023327101371251047, -0.00023327101371251047, -0.00023327101371251047, -0.00023327101371251047, -0.00023327101371251047, -0.00023327101371251047, -0.00023327101371251047, -0.00023327101371251047, -0.00023327101371251047, -0.00023327101371251047, -0.00023327101371251047, -0.00023327101371251047, -0.00023327101371251047, -0.00023327101371251047, -0.00023327101371251047, -0.00023327101371251047, -0.00023327101371251047, -0.00023327101371251047, -0.00023327101371251047, -0.00023327101371251047, -0.00023327101371251047, -0.00023327101371251047, -0.00023327101371251047, -0.00023327101371251047, -0.00023327101371251047, -0.00023327101371251047, -0.00023327101371251047, -0.00023327101371251047, -0.00023327101371251047, -0.00023327101371251047, -0.00023327101371251047, -0.00023327101371251047, -0.00023327101371251047, -0.00023327101371251047, -0.00023327101371251047, -0.00023327101371251047, -0.00023327101371251047, -0.00023327101371251047, -0.00023327101371251047, -0.00023327101371251047, -0.00023327101371251047, -0.00023327101371251047, -0.00023327101371251047, -0.00023327101371251047, -0.00023327101371251047, -0.00023327101371251047, -0.00023327101371251047, -0.00023327101371251047, -0.00023327101371251047, -0.00023327101371251047, -0.00023327101371251047, -0.00023327101371251047, -0.00023327101371251047, -0.00023327101371251047, -0.00023327101371251047, -0.00023327101371251047, -0.00023327101371251047, -0.00023327101371251047, -0.00023327101371251047]}, "gradients/fc.2.weight": {"_type": "histogram", "values": [1.0, 0.0, 0.0, 0.0, 0.0, 0.0, 0.0, 0.0, 0.0, 0.0, 0.0, 0.0, 0.0, 0.0, 0.0, 1.0, 0.0, 0.0, 0.0, 0.0, 0.0, 0.0, 1.0, 0.0, 0.0, 0.0, 0.0, 0.0, 1.0, 0.0, 1.0, 0.0, 1.0, 0.0, 0.0, 0.0, 1.0, 0.0, 0.0, 0.0, 0.0, 0.0, 1.0, 2.0, 0.0, 0.0, 0.0, 0.0, 0.0, 0.0, 1.0, 0.0, 0.0, 0.0, 0.0, 0.0, 0.0, 0.0, 0.0, 0.0, 0.0, 0.0, 0.0, 5.0], "bins": [-0.1999180018901825, -0.1967906355857849, -0.19366326928138733, -0.19053590297698975, -0.18740855157375336, -0.18428118526935577, -0.1811538189649582, -0.1780264526605606, -0.17489908635616302, -0.17177173495292664, -0.16864436864852905, -0.16551700234413147, -0.1623896360397339, -0.1592622697353363, -0.15613490343093872, -0.15300753712654114, -0.14988018572330475, -0.14675281941890717, -0.14362545311450958, -0.140498086810112, -0.1373707354068756, -0.13424336910247803, -0.13111600279808044, -0.12798863649368286, -0.12486127018928528, -0.12173391133546829, -0.11860654503107071, -0.11547917872667313, -0.11235181987285614, -0.10922445356845856, -0.10609708726406097, -0.10296972841024399, -0.0998423621058464, -0.09671499580144882, -0.09358763694763184, -0.09046027064323425, -0.08733290433883667, -0.08420554548501968, -0.0810781791806221, -0.07795081287622452, -0.07482345402240753, -0.07169608771800995, -0.06856872141361237, -0.06544135510921478, -0.062314003705978394, -0.05918663740158081, -0.05605927109718323, -0.052931904792785645, -0.04980453848838806, -0.04667717218399048, -0.04354982078075409, -0.040422454476356506, -0.03729508817195892, -0.03416772186756134, -0.031040355563163757, -0.027912989258766174, -0.024785637855529785, -0.021658271551132202, -0.01853090524673462, -0.015403538942337036, -0.012276172637939453, -0.00914880633354187, -0.006021454930305481, -0.002894088625907898, 0.00023327767848968506]}, "gradients/fc.1.bias": {"_type": "histogram", "values": [1.0, 0.0, 0.0, 0.0, 0.0, 0.0, 0.0, 0.0, 0.0, 0.0, 0.0, 0.0, 0.0, 0.0, 0.0, 0.0, 0.0, 0.0, 0.0, 0.0, 0.0, 0.0, 0.0, 0.0, 0.0, 0.0, 0.0, 1.0, 0.0, 1.0, 0.0, 1.0, 0.0, 0.0, 0.0, 1.0, 1.0, 0.0, 0.0, 1.0, 0.0, 0.0, 1.0, 0.0, 0.0, 0.0, 0.0, 1.0, 0.0, 0.0, 0.0, 5.0, 0.0, 0.0, 0.0, 0.0, 0.0, 0.0, 0.0, 1.0, 0.0, 0.0, 0.0, 1.0], "bins": [-0.0013158468063920736, -0.0012904376490041614, -0.001265028491616249, -0.0012396193342283368, -0.0012142101768404245, -0.0011888010194525123, -0.0011633918620646, -0.0011379827046766877, -0.0011125735472887754, -0.0010871643899008632, -0.001061755232512951, -0.0010363460751250386, -0.0010109369177371264, -0.000985527876764536, -0.0009601186611689627, -0.0009347095037810504, -0.0009093003463931382, -0.0008838911890052259, -0.0008584820316173136, -0.0008330728742294014, -0.0008076637168414891, -0.0007822545594535768, -0.0007568454020656645, -0.0007314362446777523, -0.0007060271454975009, -0.0006806179881095886, -0.0006552088307216763, -0.0006297996733337641, -0.0006043905159458518, -0.0005789813585579395, -0.0005535722011700273, -0.000528163043782115, -0.0005027538863942027, -0.00047734472900629044, -0.00045193557161837816, -0.0004265264142304659, -0.0004011172568425536, -0.00037570809945464134, -0.00035029894206672907, -0.0003248897846788168, -0.0002994806272909045, -0.00027407146990299225, -0.00024866231251508, -0.0002232531551271677, -0.00019784399773925543, -0.00017243484035134315, -0.00014702568296343088, -0.00012161652557551861, -9.620748460292816e-05, -7.079832721501589e-05, -4.5389169827103615e-05, -1.998001243919134e-05, 5.429144948720932e-06, 3.0838302336633205e-05, 5.624745972454548e-05, 8.165661711245775e-05, 0.00010706577450037003, 0.0001324749318882823, 0.00015788408927619457, 0.00018329324666410685, 0.00020870240405201912, 0.0002341115614399314, 0.00025952071882784367, 0.00028492987621575594, 0.0003103390336036682]}, "gradients/fc.0.weight": {"_type": "histogram", "values": [1.0, 0.0, 0.0, 1.0, 1.0, 0.0, 0.0, 1.0, 0.0, 1.0, 0.0, 0.0, 1.0, 1.0, 0.0, 1.0, 1.0, 0.0, 0.0, 1.0, 0.0, 0.0, 0.0, 0.0, 0.0, 0.0, 0.0, 0.0, 0.0, 0.0, 0.0, 0.0, 0.0, 0.0, 0.0, 0.0, 1.0, 0.0, 0.0, 1.0, 0.0, 0.0, 1.0, 6.0, 4.0, 7.0, 1.0, 3.0, 6.0, 10.0, 6.0, 1.0, 0.0, 1.0, 0.0, 1.0, 2.0, 0.0, 1.0, 1.0, 0.0, 0.0, 0.0, 1.0],