{"graph_0": {"_type": "graph-file", "path": "media/graph/graph_0_summary_190dd5ce.graph.json", "sha256": "190dd5ce24b336d55ab392026e6acab58533bd51c99fe0489f9c00a58d13c5f8", "size": 700}, "_runtime": 661.460024356842, "Episode reward": 32.599999999999554, "Value Loss": 14.81782054901123, "Policy Loss": 0.41536134481430054, "_step": 499, "_timestamp": 1585509739.880754, "Episode length": 674, "gradients/fc.0.bias": {"_type": "histogram", "values": [1.0, 0.0, 0.0, 1.0, 0.0, 0.0, 0.0, 0.0, 1.0, 0.0, 0.0, 0.0, 0.0, 1.0, 0.0, 0.0, 0.0, 0.0, 0.0, 0.0, 0.0, 0.0, 4.0, 6.0, 1.0, 1.0, 0.0, 0.0, 0.0, 0.0, 0.0, 0.0, 0.0, 1.0, 0.0, 1.0, 0.0, 0.0, 0.0, 0.0, 0.0, 0.0, 0.0, 0.0, 0.0, 1.0, 1.0, 2.0, 0.0, 1.0, 0.0, 1.0, 1.0, 0.0, 0.0, 0.0, 0.0, 3.0, 1.0, 0.0, 0.0, 1.0, 1.0, 1.0], "bins": [-1.5925554037094116, -1.5245670080184937, -1.4565786123275757, -1.3885902166366577, -1.3206018209457397, -1.2526134252548218, -1.1846250295639038, -1.1166366338729858, -1.0486482381820679, -0.9806598424911499, -0.9126714468002319, -0.844683051109314, -0.776694655418396, -0.708706259727478, -0.6407178640365601, -0.5727294683456421, -0.5047410726547241, -0.43675267696380615, -0.3687642812728882, -0.3007758855819702, -0.23278748989105225, -0.16479909420013428, -0.09681069850921631, -0.02882230281829834, 0.03916609287261963, 0.1071544885635376, 0.17514288425445557, 0.24313127994537354, 0.3111196756362915, 0.3791080713272095, 0.44709646701812744, 0.5150848627090454, 0.5830732583999634, 0.6510616540908813, 0.7190500497817993, 0.7870384454727173, 0.8550268411636353, 0.9230152368545532, 0.9910036325454712, 1.0589920282363892, 1.1269804239273071, 1.194968819618225, 1.262957215309143, 1.330945611000061, 1.398934006690979, 1.466922402381897, 1.534910798072815, 1.602899193763733, 1.6708875894546509, 1.7388759851455688, 1.8068643808364868, 1.8748527765274048, 1.9428411722183228, 2.010829448699951, 2.078817844390869, 2.146806240081787, 2.214794635772705, 2.282783031463623, 2.350771427154541, 2.418759822845459, 2.486748218536377, 2.554736614227295, 2.622725009918213, 2.690713405609131, 2.758701801300049]}, "gradients/fc.0.weight": {"_type": "histogram", "values": [1.0, 1.0, 1.0, 0.0, 0.0, 1.0, 3.0, 0.0, 0.0, 0.0, 0.0, 1.0, 1.0, 0.0, 1.0, 0.0, 2.0, 1.0, 1.0, 0.0, 0.0, 0.0, 0.0, 0.0, 0.0, 0.0, 0.0, 0.0, 1.0, 0.0, 1.0, 0.0, 0.0, 0.0, 0.0, 0.0, 0.0, 1.0, 3.0, 2.0, 18.0, 6.0, 1.0, 6.0, 6.0, 1.0, 0.0, 0.0, 0.0, 0.0, 1.0, 0.0, 0.0, 0.0, 0.0, 1.0, 0.0, 0.0, 0.0, 0.0, 1.0, 0.0, 0.0, 1.0], "bins": [-0.8952882289886475, -0.8731889724731445, -0.8510896563529968, -0.8289903998374939, -0.806891143321991, -0.7847918272018433, -0.7626925706863403, -0.7405933141708374, -0.7184940576553345, -0.6963947415351868, -0.6742954850196838, -0.6521961688995361, -0.6300969123840332, -0.6079976558685303, -0.5858983993530273, -0.5637991428375244, -0.5416998267173767, -0.519600510597229, -0.49750128388404846, -0.47540199756622314, -0.4533027410507202, -0.4312034547328949, -0.4091041684150696, -0.38700491189956665, -0.36490559577941895, -0.342806339263916, -0.3207070827484131, -0.29860782623291016, -0.27650851011276245, -0.2544092535972595, -0.2323099970817566, -0.2102106809616089, -0.18811142444610596, -0.16601216793060303, -0.14391285181045532, -0.12181359529495239, -0.09971433877944946, -0.07761502265930176, -0.05551576614379883, -0.0334165096282959, -0.011317253112792969, 0.010782063007354736, 0.032881319522857666, 0.054980576038360596, 0.0770798921585083, 0.09917914867401123, 0.12127840518951416, 0.1433776617050171, 0.16547703742980957, 0.1875762939453125, 0.20967555046081543, 0.23177480697631836, 0.2538740634918213, 0.2759733200073242, 0.29807257652282715, 0.32017195224761963, 0.34227120876312256, 0.3643704652786255, 0.3864697217941284, 0.40856897830963135, 0.4306682348251343, 0.45276761054992676, 0.4748668670654297, 0.4969661235809326, 0.5190653800964355]}, "gradients/fc.1.weight": {"_type": "histogram", "values": [18.0, 16.0, 9.0, 26.0, 3.0, 12.0, 0.0, 0.0, 0.0, 0.0, 0.0, 0.0, 288.0, 0.0, 0.0, 0.0, 0.0, 0.0, 0.0, 0.0, 0.0, 0.0, 0.0, 1.0, 0.0, 0.0, 1.0, 1.0, 3.0, 5.0, 3.0, 5.0, 4.0, 3.0, 11.0, 4.0, 10.0, 8.0, 3.0, 13.0, 4.0, 5.0, 10.0, 5.0, 4.0, 4.0, 7.0, 3.0, 0.0, 5.0, 2.0, 1.0, 0.0, 1.0, 2.0, 3.0, 0.0, 0.0, 3.0, 3.0, 1.0, 0.0, 1.0, 1.0], "bins": [-0.17001385986804962, -0.15616652369499207, -0.14231917262077332, -0.12847183644771576, -0.1146245002746582, -0.10077716410160065, -0.0869298204779625, -0.07308247685432434, -0.059235140681266785, -0.04538780450820923, -0.03154046833515167, -0.017693117260932922, -0.003845781087875366, 0.01000155508518219, 0.02384890615940094, 0.037696242332458496, 0.05154357850551605, 0.06539091467857361, 0.07923825085163116, 0.09308560192584991, 0.10693292319774628, 0.12078027427196503, 0.13462762534618378, 0.14847494661808014, 0.1623222976922989, 0.17616964876651764, 0.190016970038414, 0.20386432111263275, 0.2177116721868515, 0.23155899345874786, 0.2454063445329666, 0.25925368070602417, 0.2731010317802429, 0.28694838285446167, 0.30079567432403564, 0.3146430253982544, 0.32849037647247314, 0.3423377275466919, 0.35618507862091064, 0.3700324296951294, 0.38387972116470337, 0.3977270722389221, 0.41157442331314087, 0.4254217743873596, 0.43926912546157837, 0.4531164765357971, 0.4669637680053711, 0.48081111907958984, 0.4946584701538086, 0.5085058212280273, 0.5223531723022461, 0.5362004637718201, 0.5500478148460388, 0.5638951659202576, 0.5777425169944763, 0.5915898680686951, 0.6054372191429138, 0.6192845106124878, 0.6331318616867065, 0.6469792127609253, 0.660826563835144, 0.6746739149093628, 0.6885212063789368, 0.7023685574531555, 0.7162159085273743]}, "gradients/fc.2.weight": {"_type": "histogram", "values": [9.0, 0.0, 0.0, 0.0, 0.0, 0.0, 0.0, 0.0, 0.0, 0.0, 0.0, 0.0, 0.0, 0.0, 0.0, 0.0, 0.0, 0.0, 0.0, 1.0, 0.0, 0.0, 0.0, 0.0, 0.0, 0.0, 0.0, 0.0, 0.0, 0.0, 0.0, 0.0, 0.0, 0.0, 0.0, 0.0, 0.0, 0.0, 0.0, 0.0, 0.0, 0.0, 0.0, 0.0, 2.0, 0.0, 0.0, 0.0, 1.0, 0.0, 0.0, 0.0, 0.0, 0.0, 1.0, 1.0, 0.0, 0.0, 0.0, 0.0, 0.0, 0.0, 0.0, 1.0], "bins": [-0.054112713783979416, 0.05776458606123924, 0.1696418821811676, 0.28151920437812805, 0.3933964967727661, 0.5052737593650818, 0.6171510815620422, 0.7290283441543579, 0.8409056663513184, 0.952782928943634, 1.0646603107452393, 1.1765376329421997, 1.2884149551391602, 1.4002922773361206, 1.5121694803237915, 1.624046802520752, 1.7359241247177124, 1.8478014469146729, 1.9596786499023438, 2.0715560913085938, 2.1834332942962646, 2.2953107357025146, 2.4071879386901855, 2.5190651416778564, 2.6309425830841064, 2.7428197860717773, 2.8546972274780273, 2.9665744304656982, 3.078451633453369, 3.190329074859619, 3.30220627784729, 3.41408371925354, 3.525960922241211, 3.637838125228882, 3.749715566635132, 3.8615927696228027, 3.9734699726104736, 4.0853471755981445, 4.1972246170043945, 4.309101581573486, 4.420979022979736, 4.532856464385986, 4.644733905792236, 4.756610870361328, 4.868488311767578, 4.980365753173828, 5.09224271774292, 5.20412015914917, 5.31599760055542, 5.427874565124512, 5.539752006530762, 5.651629447937012, 5.763506889343262, 5.8753838539123535, 5.9872612953186035, 6.0991387367248535, 6.211015701293945, 6.322893142700195, 6.434770584106445, 6.546647548675537, 6.658524990081787, 6.770402431488037, 6.882279872894287, 6.994156837463379, 7.106034278869629]}, "gradients/fc.2.bias": {"_type": "histogram", "values": [0.0, 0.0, 0.0, 0.0, 0.0, 0.0, 0.0, 0.0, 0.0, 0.0, 0.0, 0.0, 0.0, 0.0, 0.0, 0.0, 0.0, 0.0, 0.0, 0.0, 0.0, 0.0, 0.0, 0.0, 0.0, 0.0, 0.0, 0.0, 0.0, 0.0, 0.0, 0.0, 1.0, 0.0, 0.0, 0.0, 0.0, 0.0, 0.0, 0.0, 0.0, 0.0, 0.0, 0.0, 0.0, 0.0, 0.0, 0.0, 0.0, 0.0, 0.0, 0.0, 0.0, 0.0, 0.0, 0.0, 0.0, 0.0, 0.0, 0.0, 0.0, 0.0, 0.0, 0.0],