{"graph_0": {"_type": "graph-file", "path": "media/graph/graph_0_summary_b3e50250.graph.json", "sha256": "b3e50250dc9f535fbf4385c3bca7dae1537f05a6d0ccb68323adb79d0a7d9326", "size": 700}, "Value Loss": 12.285368919372559, "Policy Loss": 0.10262410342693329, "Episode length": 813, "_step": 64, "Episode reward": 18.77536486983334, "_runtime": 100.70011854171753, "_timestamp": 1585508997.7291162}
