{"graph_0": {"_type": "graph-file", "path": "media/graph/graph_0_summary_f0ae4879.graph.json", "sha256": "f0ae48798461defcca9a1ae0e468f0ba4edbd8969975c2043f3f2b1b24033945", "size": 700}, "Policy Loss": -2.0380353927612305, "Value Loss": 7040.12451171875, "Episode length": 999, "_runtime": 16.658799409866333, "_timestamp": 1585505119.8431365, "Episode reward": -99.8999544962933, "_step": 3}
