{"graph_0": {"_type": "graph-file", "path": "media/graph/graph_0_summary_7d079d89.graph.json", "sha256": "7d079d891cb08cc3b1ed6be1c27efff25e0239a7ed01fcaaba5d22c9fc81ce16", "size": 700}, "_runtime": 5381.455147743225, "Value Loss": 0.0002533624938223511, "Episode length": 999, "_timestamp": 1585575297.299781, "Episode reward": -97.36559152533039, "_step": 499, "Policy Loss": -0.0036042688880115747, "gradients/fc.2.weight": {"_type": "histogram", "values": [1.0, 0.0, 0.0, 0.0, 0.0, 0.0, 0.0, 0.0, 0.0, 0.0, 0.0, 0.0, 0.0, 0.0, 0.0, 0.0, 0.0, 0.0, 0.0, 0.0, 0.0, 0.0, 0.0, 0.0, 0.0, 0.0, 0.0, 0.0, 1.0, 1.0, 0.0, 0.0, 0.0, 0.0, 0.0, 0.0, 0.0, 1.0, 0.0, 0.0, 0.0, 0.0, 0.0, 0.0, 0.0, 0.0, 3.0, 0.0, 0.0, 0.0, 0.0, 0.0, 0.0, 0.0, 0.0, 1.0, 0.0, 0.0, 0.0, 0.0, 1.0, 1.0, 1.0, 5.0], "bins": [-0.24475689232349396, -0.22722455859184265, -0.20969222486019135, -0.19215989112854004, -0.17462754249572754, -0.15709522366523743, -0.13956287503242493, -0.12203054130077362, -0.10449820756912231, -0.08696587383747101, -0.0694335401058197, -0.051901206374168396, -0.034368857741355896, -0.01683652400970459, 0.0006958097219467163, 0.01822812855243683, 0.03576047718524933, 0.05329282581806183, 0.07082514464855194, 0.08835749328136444, 0.10588981211185455, 0.12342216074466705, 0.14095447957515717, 0.15848682820796967, 0.17601917684078217, 0.19355149567127228, 0.21108384430408478, 0.2286161631345749, 0.2461485117673874, 0.2636808753013611, 0.2812131643295288, 0.2987455129623413, 0.3162778615951538, 0.3338102102279663, 0.3513425588607788, 0.36887484788894653, 0.38640719652175903, 0.40393954515457153, 0.42147189378738403, 0.43900418281555176, 0.45653653144836426, 0.47406888008117676, 0.49160122871398926, 0.5091335773468018, 0.5266658663749695, 0.544198215007782, 0.5617305636405945, 0.579262912273407, 0.5967952609062195, 0.6143275499343872, 0.6318598985671997, 0.6493922472000122, 0.6669245958328247, 0.6844568848609924, 0.7019892334938049, 0.7195215821266174, 0.7370539307594299, 0.7545862793922424, 0.7721186280250549, 0.7896509766578674, 0.8071832060813904, 0.8247155547142029, 0.8422479033470154, 0.8597802519798279, 0.8773126006126404]}, "gradients/fc.0.weight": {"_type": "histogram", "values": [1.0, 0.0, 0.0, 0.0, 1.0, 0.0, 0.0, 1.0, 1.0, 0.0, 0.0, 0.0, 2.0, 0.0, 1.0, 1.0, 0.0, 0.0, 1.0, 0.0, 1.0, 1.0, 3.0, 2.0, 2.0, 0.0, 4.0, 0.0, 3.0, 5.0, 1.0, 3.0, 0.0, 0.0, 1.0, 0.0, 1.0, 2.0, 2.0, 3.0, 4.0, 0.0, 2.0, 1.0, 1.0, 0.0, 2.0, 1.0, 1.0, 1.0, 1.0, 0.0, 3.0, 1.0, 0.0, 0.0, 1.0, 0.0, 1.0, 0.0, 0.0, 0.0, 0.0, 1.0], "bins": [-0.48732346296310425, -0.4720218777656555, -0.4567202925682068, -0.44141870737075806, -0.4261171221733093, -0.4108155369758606, -0.39551395177841187, -0.3802123963832855, -0.3649108111858368, -0.34960922598838806, -0.33430764079093933, -0.3190060555934906, -0.30370447039604187, -0.28840288519859314, -0.2731013298034668, -0.25779974460601807, -0.24249814450740814, -0.2271965742111206, -0.21189498901367188, -0.19659340381622314, -0.18129181861877441, -0.16599023342132568, -0.15068864822387695, -0.13538706302642822, -0.12008547782897949, -0.10478389263153076, -0.08948230743408203, -0.07418075203895569, -0.05887916684150696, -0.04357758164405823, -0.028275996446609497, -0.012974411249160767, 0.002327173948287964, 0.017628729343414307, 0.03293031454086304, 0.04823189973831177, 0.0635334849357605, 0.07883507013320923, 0.09413665533065796, 0.10943824052810669, 0.12473982572555542, 0.14004141092300415, 0.15534299612045288, 0.1706445813179016, 0.18594616651535034, 0.20124775171279907, 0.2165493369102478, 0.23185092210769653, 0.24715250730514526, 0.262454092502594, 0.2777556777000427, 0.29305726289749146, 0.3083588480949402, 0.3236604332923889, 0.33896195888519287, 0.3542635440826416, 0.36956512928009033, 0.38486671447753906, 0.4001682996749878, 0.4154698848724365, 0.43077147006988525, 0.446073055267334, 0.4613746404647827, 0.47667622566223145, 0.4919778108596802]}, "gradients/fc.1.bias": {"_type": "histogram", "values": [1.0, 0.0, 0.0, 0.0, 0.0, 0.0, 0.0, 0.0, 0.0, 0.0, 0.0, 0.0, 0.0, 0.0, 0.0, 0.0, 0.0, 0.0, 0.0, 0.0, 0.0, 0.0, 0.0, 0.0, 0.0, 0.0, 0.0, 0.0, 0.0, 0.0, 0.0, 0.0, 0.0, 0.0, 0.0, 0.0, 0.0, 0.0, 0.0, 1.0, 1.0, 0.0, 0.0, 0.0, 0.0, 0.0, 0.0, 1.0, 0.0, 0.0, 0.0, 0.0, 0.0, 0.0, 0.0, 0.0, 1.0, 0.0, 0.0, 0.0, 3.0, 6.0, 1.0, 1.0], "bins": [-0.40668627619743347, -0.40009060502052307, -0.3934949040412903, -0.3868992328643799, -0.3803035616874695, -0.3737078905105591, -0.3671122193336487, -0.3605165183544159, -0.3539208471775055, -0.3473251760005951, -0.3407294750213623, -0.3341338038444519, -0.3275381326675415, -0.3209424614906311, -0.3143467903137207, -0.3077510893344879, -0.3011554181575775, -0.2945597469806671, -0.2879640460014343, -0.2813683748245239, -0.2747727036476135, -0.2681770324707031, -0.2615813612937927, -0.25498566031455994, -0.24838998913764954, -0.24179431796073914, -0.23519863188266754, -0.22860294580459595, -0.22200727462768555, -0.21541160345077515, -0.20881591737270355, -0.20222023129463196, -0.19562456011772156, -0.18902888894081116, -0.18243320286273956, -0.17583751678466797, -0.16924184560775757, -0.16264617443084717, -0.15605047345161438, -0.14945480227470398, -0.14285913109779358, -0.13626345992088318, -0.12966778874397278, -0.12307208776473999, -0.11647641658782959, -0.10988074541091919, -0.1032850444316864, -0.096689373254776, -0.0900937020778656, -0.0834980309009552, -0.0769023597240448, -0.07030665874481201, -0.06371098756790161, -0.05711531639099121, -0.05051961541175842, -0.04392394423484802, -0.03732827305793762, -0.03073260188102722, -0.02413693070411682, -0.017541229724884033, -0.010945558547973633, -0.004349887371063232, 0.0022458136081695557, 0.008841484785079956, 0.015437155961990356]}, "gradients/fc.1.weight": {"_type": "histogram", "values": [1.0, 0.0, 0.0, 0.0, 1.0, 0.0, 0.0, 0.0, 0.0, 0.0, 0.0, 1.0, 0.0, 0.0, 1.0, 0.0, 0.0, 1.0, 1.0, 2.0, 0.0, 2.0, 2.0, 3.0, 3.0, 6.0, 3.0, 13.0, 33.0, 347.0, 31.0, 8.0, 13.0, 5.0, 8.0, 4.0, 3.0, 3.0, 1.0, 3.0, 1.0, 2.0, 2.0, 0.0, 1.0, 0.0, 2.0, 1.0, 0.0, 0.0, 1.0, 0.0, 0.0, 0.0, 1.0, 0.0, 0.0, 0.0, 0.0, 0.0, 1.0, 0.0, 0.0, 1.0], "bins": [-0.28898459672927856, -0.2791934609413147, -0.26940232515335083, -0.25961118936538696, -0.2498200386762619, -0.24002890288829803, -0.23023775219917297, -0.2204466164112091, -0.21065548062324524, -0.20086434483528137, -0.1910732090473175, -0.18128205835819244, -0.17149092257022858, -0.1616997867822647, -0.15190863609313965, -0.14211750030517578, -0.13232636451721191, -0.12253522872924805, -0.11274409294128418, -0.10295294225215912, -0.09316180646419525, -0.08337067067623138, -0.07357951998710632, -0.06378838419914246, -0.05399724841117859, -0.04420611262321472, -0.034414976835250854, -0.024623841047286987, -0.014832675457000732, -0.005041539669036865, 0.004749596118927002, 0.01454073190689087, 0.024331867694854736, 0.034123003482818604, 0.04391413927078247, 0.05370527505874634, 0.0634964108467102, 0.07328757643699646, 0.08307871222496033, 0.0928698480129242, 0.10266098380088806, 0.11245211958885193, 0.1222432553768158, 0.13203439116477966, 0.14182555675506592, 0.15161669254302979, 0.16140782833099365, 0.17119896411895752, 0.1809900999069214, 0.19078123569488525, 0.20057237148284912, 0.210363507270813, 0.22015464305877686, 0.22994577884674072, 0.2397369146347046, 0.24952805042266846, 0.2593192458152771, 0.26911038160324097, 0.27890151739120483, 0.2886926531791687, 0.29848378896713257, 0.30827492475509644, 0.3180660605430603, 0.32785719633102417, 0.33764833211898804]}, "gradients/fc.2.bias": {"_type": "histogram", "values": [0.0, 0.0, 0.0, 0.0, 0.0, 0.0, 0.0, 0.0, 0.0, 0.0, 0.0, 0.0, 0.0, 0.0, 0.0, 0.0, 0.0, 0.0, 0.0, 0.0, 0.0, 0.0, 0.0, 0.0, 0.0, 0.0, 0.0, 0.0, 0.0, 0.0, 0.0, 1.0, 0.0, 0.0, 0.0, 0.0, 0.0, 0.0, 0.0, 0.0, 0.0, 0.0, 0.0, 0.0, 0.0, 0.0, 0.0, 0.0, 0.0, 0.0, 0.0, 0.0, 0.0, 0.0, 0.0, 0.0, 0.0, 0.0, 0.0, 0.0, 0.0, 0.0, 0.0, 0.0],