{"graph_0": {"_type": "graph-file", "path": "media/graph/graph_0_summary_ca85383a.graph.json", "sha256": "ca85383a1a9fc91b09e2547ab0950b666344f3ca780008090facb8c7eaccc533", "size": 700}, "_runtime": 13219.659927368164, "Value Loss": 0.018036404624581337, "Episode length": 999, "_timestamp": 1585583135.5045607, "Episode reward": -99.80048328973213, "_step": 499, "Policy Loss": -0.5953243970870972, "gradients/fc.2.weight": {"_type": "histogram", "values": [1.0, 0.0, 0.0, 0.0, 0.0, 0.0, 0.0, 0.0, 0.0, 0.0, 0.0, 0.0, 0.0, 0.0, 0.0, 0.0, 0.0, 0.0, 0.0, 0.0, 0.0, 0.0, 0.0, 0.0, 0.0, 0.0, 0.0, 0.0, 0.0, 0.0, 0.0, 0.0, 0.0, 0.0, 0.0, 0.0, 0.0, 0.0, 0.0, 0.0, 0.0, 0.0, 0.0, 0.0, 0.0, 0.0, 0.0, 0.0, 0.0, 0.0, 1.0, 0.0, 0.0, 0.0, 0.0, 0.0, 0.0, 1.0, 0.0, 0.0, 0.0, 0.0, 0.0, 13.0], "bins": [-1.3518141508102417, -1.3306196928024292, -1.3094252347946167, -1.2882307767868042, -1.2670363187789917, -1.2458418607711792, -1.2246474027633667, -1.2034528255462646, -1.1822583675384521, -1.1610639095306396, -1.1398694515228271, -1.1186749935150146, -1.0974805355072021, -1.0762860774993896, -1.0550916194915771, -1.0338971614837646, -1.0127027034759521, -0.9915082454681396, -0.9703137874603271, -0.9491193294525146, -0.9279248714447021, -0.9067304134368896, -0.8855358958244324, -0.8643414378166199, -0.8431469798088074, -0.8219525218009949, -0.8007580637931824, -0.7795636057853699, -0.7583690881729126, -0.7371746301651001, -0.7159801721572876, -0.6947857141494751, -0.6735912561416626, -0.6523967981338501, -0.6312023401260376, -0.6100078821182251, -0.5888134241104126, -0.5676189064979553, -0.5464244484901428, -0.5252299904823303, -0.5040355324745178, -0.4828410744667053, -0.4616466164588928, -0.4404521584510803, -0.41925764083862305, -0.39806318283081055, -0.37686872482299805, -0.35567426681518555, -0.33447980880737305, -0.31328535079956055, -0.29209089279174805, -0.27089643478393555, -0.24970197677612305, -0.22850751876831055, -0.20731306076049805, -0.18611860275268555, -0.1649240255355835, -0.143729567527771, -0.1225351095199585, -0.101340651512146, -0.0801461935043335, -0.058951735496520996, -0.037757277488708496, -0.016562819480895996, 0.004631638526916504]}, "gradients/fc.0.weight": {"_type": "histogram", "values": [1.0, 0.0, 0.0, 0.0, 0.0, 0.0, 0.0, 0.0, 0.0, 0.0, 0.0, 0.0, 0.0, 0.0, 0.0, 0.0, 0.0, 0.0, 0.0, 0.0, 1.0, 0.0, 1.0, 1.0, 0.0, 1.0, 0.0, 1.0, 0.0, 0.0, 0.0, 0.0, 0.0, 0.0, 0.0, 0.0, 2.0, 0.0, 0.0, 0.0, 0.0, 0.0, 0.0, 0.0, 1.0, 0.0, 1.0, 0.0, 3.0, 0.0, 2.0, 1.0, 2.0, 2.0, 1.0, 1.0, 1.0, 0.0, 1.0, 8.0, 26.0, 0.0, 1.0, 5.0], "bins": [-0.03230160102248192, -0.03176183998584747, -0.03122207708656788, -0.030682314187288284, -0.03014255128800869, -0.029602788388729095, -0.02906302735209465, -0.028523264452815056, -0.02798350155353546, -0.027443740516901016, -0.026903977617621422, -0.026364214718341827, -0.025824453681707382, -0.025284690782427788, -0.024744927883148193, -0.024205166846513748, -0.023665403947234154, -0.02312564104795456, -0.022585880011320114, -0.02204611711204052, -0.021506354212760925, -0.02096659317612648, -0.020426830276846886, -0.01988706737756729, -0.019347306340932846, -0.01880754344165325, -0.018267780542373657, -0.017728019505739212, -0.017188256606459618, -0.016648493707180023, -0.01610873080790043, -0.015568969771265984, -0.01502920687198639, -0.014489443972706795, -0.01394968293607235, -0.013409920036792755, -0.01287015713751316, -0.012330396100878716, -0.011790633201599121, -0.011250870302319527, -0.010711107403039932, -0.010171346366405487, -0.009631583467125893, -0.009091820567846298, -0.008552059531211853, -0.008012296631932259, -0.007472533732652664, -0.006932772696018219, -0.006393009796738625, -0.00585324689745903, -0.005313485860824585, -0.0047737229615449905, -0.004233960062265396, -0.003694199025630951, -0.0031544361263513565, -0.002614673227071762, -0.002074912190437317, -0.0015351492911577225, -0.000995386391878128, -0.00045562535524368286, 8.413940668106079e-05, 0.000623900443315506, 0.0011636614799499512, 0.0017034262418746948, 0.00224318727850914]}, "gradients/fc.1.bias": {"_type": "histogram", "values": [1.0, 0.0, 0.0, 0.0, 0.0, 0.0, 0.0, 0.0, 0.0, 0.0, 0.0, 0.0, 0.0, 0.0, 0.0, 0.0, 0.0, 0.0, 0.0, 0.0, 1.0, 0.0, 0.0, 0.0, 0.0, 0.0, 0.0, 0.0, 0.0, 0.0, 0.0, 0.0, 0.0, 0.0, 0.0, 0.0, 0.0, 13.0, 0.0, 0.0, 0.0, 0.0, 0.0, 0.0, 0.0, 0.0, 0.0, 0.0, 0.0, 0.0, 0.0, 0.0, 0.0, 0.0, 0.0, 0.0, 0.0, 0.0, 0.0, 0.0, 0.0, 0.0, 0.0, 1.0], "bins": [-0.018254617229104042, -0.017772629857063293, -0.017290640622377396, -0.016808653250336647, -0.01632666401565075, -0.01584467664361, -0.015362687408924103, -0.014880700036883354, -0.014398710802197456, -0.013916723430156708, -0.01343473419547081, -0.012952746823430061, -0.012470758520066738, -0.011988770216703415, -0.011506781913340092, -0.011024793609976768, -0.010542805306613445, -0.010060817003250122, -0.009578828699886799, -0.009096840396523476, -0.008614852093160152, -0.00813286378979683, -0.007650875486433506, -0.007168887183070183, -0.006686899811029434, -0.006204911507666111, -0.005722923204302788, -0.005240934900939465, -0.004758946597576141, -0.004276958294212818, -0.003794969990849495, -0.0033129816874861717, -0.0028309933841228485, -0.0023490060120821, -0.001867016777396202, -0.0013850294053554535, -0.0009030401706695557, -0.00042105279862880707, 6.093643605709076e-05, 0.0005429238080978394, 0.0010249130427837372, 0.0015069004148244858, 0.0019888896495103836, 0.002470877021551132, 0.00295286625623703, 0.0034348536282777786, 0.0039168428629636765, 0.004398830235004425, 0.004880817607045174, 0.0053628068417310715, 0.00584479421377182, 0.006326783448457718, 0.0068087708204984665, 0.007290760055184364, 0.007772747427225113, 0.00825473666191101, 0.00873672403395176, 0.009218713268637657, 0.009700700640678406, 0.010182689875364304, 0.010664677247405052, 0.01114666648209095, 0.011628653854131699, 0.012110643088817596, 0.012592630460858345]}, "gradients/fc.1.weight": {"_type": "histogram", "values": [1.0, 1.0, 0.0, 0.0, 1.0, 0.0, 0.0, 0.0, 0.0, 2.0, 0.0, 0.0, 0.0, 0.0, 0.0, 0.0, 0.0, 0.0, 0.0, 0.0, 1.0, 1.0, 1.0, 0.0, 2.0, 1.0, 0.0, 0.0, 0.0, 0.0, 0.0, 1.0, 0.0, 8.0, 11.0, 3.0, 0.0, 422.0, 7.0, 4.0, 19.0, 2.0, 0.0, 18.0, 0.0, 0.0, 1.0, 0.0, 0.0, 0.0, 0.0, 0.0, 0.0, 0.0, 0.0, 0.0, 0.0, 2.0, 0.0, 0.0, 0.0, 1.0, 0.0, 2.0], "bins": [-0.11772724986076355, -0.11462556570768356, -0.11152388155460358, -0.10842220485210419, -0.1053205206990242, -0.10221883654594421, -0.09911715984344482, -0.09601547569036484, -0.09291379153728485, -0.08981210738420486, -0.08671042323112488, -0.08360874652862549, -0.0805070623755455, -0.07740537822246552, -0.07430370151996613, -0.07120201736688614, -0.06810033321380615, -0.06499864906072617, -0.06189696863293648, -0.05879528820514679, -0.0556936040520668, -0.052591919898986816, -0.04949024319648743, -0.04638855904340744, -0.043286874890327454, -0.04018519073724747, -0.03708350658416748, -0.03398182988166809, -0.030880145728588104, -0.027778461575508118, -0.024676784873008728, -0.02157510071992874, -0.018473416566848755, -0.015371732413768768, -0.012270048260688782, -0.009168371558189392, -0.0060666874051094055, -0.002965003252029419, 0.0001366734504699707, 0.0032383576035499573, 0.006340041756629944, 0.009441718459129333, 0.012543410062789917, 0.015645086765289307, 0.018746763467788696, 0.02184845507144928, 0.02495013177394867, 0.028051823377609253, 0.031153500080108643, 0.03425517678260803, 0.037356868386268616, 0.040458545088768005, 0.04356023669242859, 0.04666191339492798, 0.04976359009742737, 0.05286528170108795, 0.05596695840358734, 0.05906863510608673, 0.062170326709747314, 0.0652720034122467, 0.0683736801147461, 0.07147537171840668, 0.07457704842090607, 0.07767874002456665, 0.08078041672706604]}, "gradients/fc.2.bias": {"_type": "histogram",