{"graph_0": {"_type": "graph-file", "path": "media/graph/graph_0_summary_4a83c8d7.graph.json", "sha256": "4a83c8d7af2f5cd25338bc57ba2453880ffa22257a309a6337d41e7dc8e60a86", "size": 691}, "ICM Loss": 0.021620994433760643, "_step": 27, "Episode reward": {"_type": "torch.Tensor", "var": 10587.38671875, "mean": -116.66014862060547, "min": -425.04388427734375, "max": 111.48443603515625, "10%": -247.6932403564453, "25%": -179.50511932373047, "75%": -47.584959983825684, "90%": 17.96138381958007, "size": 128}, "Extrinsic reward": -108.95983189289086, "_runtime": 198.82865953445435, "_timestamp": 1585851684.6084871, "Intrinsic reward": 10.799677848815918, "Loss": -13.350447654724121}
