{"graph_0": {"_type": "graph-file", "path": "media/graph/graph_0_summary_47739367.graph.json", "sha256": "47739367a7420bcd227fd88070534042aadecd5e3ab36fc8c9e4d9c7a3938fbb", "size": 700}, "_runtime": 6910.534022331238, "Episode reward": -99.8999999999986, "Value Loss": 0.014110218733549118, "Policy Loss": 0.03210971876978874, "_step": 499, "_timestamp": 1585515988.954752, "Episode length": 999, "gradients/fc.0.bias": {"_type": "histogram", "values": [2.0, 2.0, 1.0, 0.0, 2.0, 0.0, 1.0, 0.0, 4.0, 0.0, 0.0, 1.0, 0.0, 0.0, 0.0, 0.0, 0.0, 0.0, 0.0, 0.0, 1.0, 0.0, 0.0, 0.0, 0.0, 0.0, 0.0, 0.0, 0.0, 0.0, 0.0, 0.0, 0.0, 0.0, 0.0, 0.0, 0.0, 0.0, 0.0, 0.0, 1.0, 0.0, 0.0, 0.0, 0.0, 0.0, 0.0, 0.0, 0.0, 0.0, 0.0, 0.0, 0.0, 0.0, 0.0, 1.0, 2.0, 0.0, 3.0, 4.0, 1.0, 2.0, 2.0, 2.0], "bins": [-1600724.5, -1569113.75, -1537503.0, -1505892.25, -1474281.5, -1442670.75, -1411060.0, -1379449.125, -1347838.375, -1316227.625, -1284616.875, -1253006.125, -1221395.375, -1189784.625, -1158173.875, -1126563.0, -1094952.25, -1063341.5, -1031730.8125, -1000120.0, -968509.25, -936898.5, -905287.75, -873677.0, -842066.25, -810455.4375, -778844.6875, -747233.9375, -715623.1875, -684012.4375, -652401.625, -620790.875, -589180.125, -557569.375, -525958.625, -494347.875, -462737.125, -431126.375, -399515.5, -367904.75, -336294.0, -304683.25, -273072.5, -241461.75, -209851.0, -178240.25, -146629.5, -115018.75, -83408.0, -51797.125, -20186.375, 11424.375, 43035.125, 74645.875, 106256.625, 137867.375, 169478.125, 201088.875, 232699.625, 264310.5, 295921.25, 327532.0, 359142.75, 390753.5, 422364.25]}, "gradients/fc.0.weight": {"_type": "histogram", "values": [4.0, 1.0, 2.0, 1.0, 4.0, 1.0, 0.0, 0.0, 0.0, 0.0, 1.0, 0.0, 0.0, 0.0, 0.0, 0.0, 0.0, 1.0, 1.0, 2.0, 3.0, 5.0, 4.0, 2.0, 0.0, 0.0, 0.0, 0.0, 0.0, 4.0, 2.0, 6.0, 2.0, 4.0, 0.0, 0.0, 0.0, 0.0, 0.0, 0.0, 0.0, 0.0, 0.0, 0.0, 0.0, 0.0, 0.0, 0.0, 1.0, 0.0, 0.0, 0.0, 0.0, 0.0, 0.0, 1.0, 0.0, 4.0, 0.0, 1.0, 2.0, 1.0, 2.0, 2.0], "bins": [-828672.875, -796542.875, -764412.8125, -732282.8125, -700152.75, -668022.75, -635892.75, -603762.6875, -571632.6875, -539502.625, -507372.625, -475242.59375, -443112.5625, -410982.53125, -378852.53125, -346722.5, -314592.46875, -282462.4375, -250332.4375, -218202.375, -186072.375, -153942.3125, -121812.3125, -89682.3125, -57552.25, -25422.25, 6707.8125, 38837.8125, 70967.8125, 103097.875, 135227.875, 167357.9375, 199487.9375, 231618.0, 263748.0, 295878.0, 328008.0, 360138.125, 392268.125, 424398.125, 456528.125, 488658.125, 520788.25, 552918.25, 585048.25, 617178.25, 649308.25, 681438.375, 713568.375, 745698.375, 777828.375, 809958.375, 842088.5, 874218.5, 906348.5, 938478.5, 970608.5, 1002738.625, 1034868.625, 1066998.625, 1099128.625, 1131258.625, 1163388.75, 1195518.75, 1227648.75]}, "gradients/fc.1.weight": {"_type": "histogram", "values": [1.0, 1.0, 0.0, 2.0, 2.0, 2.0, 3.0, 6.0, 4.0, 2.0, 6.0, 6.0, 3.0, 8.0, 7.0, 4.0, 8.0, 8.0, 5.0, 6.0, 6.0, 11.0, 8.0, 10.0, 9.0, 10.0, 4.0, 8.0, 3.0, 2.0, 5.0, 4.0, 3.0, 1.0, 0.0, 0.0, 0.0, 0.0, 0.0, 0.0, 0.0, 0.0, 0.0, 0.0, 1.0, 7.0, 4.0, 0.0, 140.0, 0.0, 0.0, 0.0, 0.0, 4.0, 1.0, 6.0, 17.0, 27.0, 24.0, 26.0, 39.0, 29.0, 15.0, 4.0], "bins": [-367226.53125, -359684.125, -352141.6875, -344599.28125, -337056.875, -329514.4375, -321972.03125, -314429.625, -306887.21875, -299344.78125, -291802.375, -284259.96875, -276717.5625, -269175.125, -261632.71875, -254090.296875, -246547.875, -239005.46875, -231463.046875, -223920.640625, -216378.21875, -208835.8125, -201293.390625, -193750.96875, -186208.5625, -178666.140625, -171123.734375, -163581.3125, -156038.890625, -148496.484375, -140954.0625, -133411.65625, -125869.234375, -118326.8125, -110784.40625, -103242.0, -95699.5625, -88157.15625, -80614.75, -73072.3125, -65529.90625, -57987.5, -50445.09375, -42902.65625, -35360.25, -27817.84375, -20275.40625, -12733.0, -5190.59375, 2351.84375, 9894.25, 17436.65625, 24979.0625, 32521.5, 40063.90625, 47606.3125, 55148.75, 62691.15625, 70233.5625, 77776.0, 85318.40625, 92860.8125, 100403.21875, 107945.65625, 115488.0625]}, "gradients/fc.2.weight": {"_type": "histogram", "values": [4.0, 0.0, 0.0, 0.0, 0.0, 0.0, 0.0, 0.0, 0.0, 0.0, 0.0, 0.0, 0.0, 0.0, 0.0, 0.0, 0.0, 0.0, 0.0, 0.0, 0.0, 0.0, 0.0, 0.0, 0.0, 0.0, 0.0, 0.0, 0.0, 0.0, 0.0, 0.0, 0.0, 0.0, 0.0, 0.0, 0.0, 0.0, 0.0, 0.0, 0.0, 0.0, 0.0, 0.0, 0.0, 0.0, 0.0, 0.0, 0.0, 0.0, 0.0, 0.0, 0.0, 1.0, 1.0, 0.0, 0.0, 1.0, 1.0, 0.0, 3.0, 1.0, 0.0, 4.0], "bins": [-76466.2421875, -13103.671875, 50258.8984375, 113621.4765625, 176984.03125, 240346.59375, 303709.1875, 367071.75, 430434.3125, 493796.875, 557159.4375, 620522.0, 683884.625, 747247.1875, 810609.75, 873972.3125, 937334.875, 1000697.5, 1064060.0, 1127422.625, 1190785.125, 1254147.75, 1317510.25, 1380872.875, 1444235.5, 1507598.0, 1570960.625, 1634323.125, 1697685.75, 1761048.25, 1824410.875, 1887773.375, 1951136.0, 2014498.625, 2077861.25, 2141223.75, 2204586.25, 2267948.75, 2331311.5, 2394674.0, 2458036.5, 2521399.25, 2584761.75, 2648124.25, 2711486.75, 2774849.5, 2838212.0, 2901574.5, 2964937.25, 3028299.75, 3091662.25, 3155024.75, 3218387.5, 3281750.0, 3345112.5, 3408475.0, 3471837.75, 3535200.25, 3598562.75, 3661925.5, 3725288.0, 3788650.5, 3852013.0, 3915375.75, 3978738.25]}, "gradients/fc.2.bias": {"_type": "histogram", "values": [0.0, 0.0, 0.0, 0.0, 0.0, 0.0, 0.0, 0.0, 0.0, 0.0, 0.0, 0.0, 0.0, 0.0, 0.0, 0.0, 0.0, 0.0, 0.0, 0.0, 0.0, 0.0, 0.0, 0.0, 0.0, 0.0, 0.0, 0.0, 0.0, 0.0, 0.0, 0.0, 1.0, 0.0, 0.0, 0.0, 0.0, 0.0, 0.0, 0.0, 0.0, 0.0, 0.0, 0.0, 0.0, 0.0, 0.0, 0.0, 0.0, 0.0, 0.0, 0.0, 0.0, 0.0, 0.0, 0.0, 0.0, 0.0, 0.0, 0.0, 0.0, 0.0, 0.0, 0.0], "bins": [76466.2421875, 76466.2421875, 76466.2421875, 76466.2421875, 76466.2421875, 76466.2421875, 76466.2421875, 76466.2421875, 76466.2421875, 76466.2421875, 76466.2421875, 76466.2421875, 76466.2421875, 76466.2421875, 76466.2421875, 76466.2421875, 76466.2421875, 76466.2421875, 76466.2421875, 76466.2421875, 76466.2421875, 76466.2421875, 76466.2421875, 76466.2421875, 76466.2421875, 76466.2421875, 76466.2421875, 76466.2421875, 76466.2421875, 76466.2421875, 76466.2421875, 76466.2421875, 76466.2421875, 76466.2421875, 76466.2421875, 76466.2421875, 76466.2421875, 76466.2421875, 76466.2421875, 76466.2421875, 76466.2421875, 76466.2421875, 76466.2421875, 76466.2421875, 76466.2421875, 76466.2421875, 76466.2421875, 76466.2421875, 76466.2421875, 76466.2421875, 76466.2421875, 76466.2421875, 76466.2421875, 76466.2421875, 76466.2421875, 76466.2421875, 76466.2421875, 76466.2421875, 76466.2421875, 76466.2421875, 76466.2421875, 76466.2421875, 76466.2421875, 76466.2421875, 76466.2421875]}, "gradients/fc.1.bias": {"_type": "histogram", "values": [1.0, 0.0, 0.0, 0.0, 1.0, 0.0, 2.0, 0.0, 1.0, 1.0, 1.0, 0.0, 0.0, 1.0, 0.0, 0.0, 0.0, 0.0, 0.0, 0.0, 1.0, 1.0, 0.0, 1.0, 0.0, 1.0, 0.0, 0.0, 0.0, 0.0, 0.0, 0.0, 0.0, 0.0, 0.0, 0.0, 0.0, 0.0, 0.0, 0.0, 0.0, 0.0, 0.0, 0.0, 0.0, 0.0, 0.0, 0.0, 0.0, 0.0, 0.0, 0.0, 0.0, 0.0, 0.0, 0.0, 0.0, 0.0, 0.0, 0.0, 0.0, 0.0, 0.0, 4.0], "bins": [-129731.921875, -127704.859375, -125677.796875, -123650.734375, -121623.671875, -119596.609375, -117569.546875, -115542.484375, -113515.421875, -111488.359375, -109461.296875, -107434.234375, -105407.171875, -103380.109375, -101353.0546875, -99325.9921875, -97298.9296875, -95271.8671875, -93244.8046875, -91217.7421875, -89190.6796875, -87163.6171875, -85136.5546875, -83109.4921875, -81082.4296875, -79055.3671875, -77028.3046875, -75001.25, -72974.1875, -70947.125, -68920.0625, -66893.0, -64865.93359375, -62838.875, -60811.8125, -58784.75, -56757.6875, -54730.625, -52703.5625, -50676.5, -48649.4375, -46622.375, -44595.3125, -42568.25, -40541.1875, -38514.125, -36487.0625, -34460.0, -32432.9375, -30405.875, -28378.8125, -26351.75, -24324.6875, -22297.625, -20270.5703125, -18243.5078125, -16216.4453125, -14189.3828125, -12162.3203125, -10135.2578125, -8108.1953125, -6081.1328125, -4054.0703125, -2027.0078125, 0.0546875]}}
