{"graph_0": {"_type": "graph-file", "path": "media/graph/graph_0_summary_05be747d.graph.json", "sha256": "05be747ddc48c6db12cece4ec6505e6546ddd217a2fe5c3233f8a7a6373398a5", "size": 691}, "Episode length": 999, "Policy Loss": -12.019124984741211, "Episode reward": -94.70612298608403, "_step": 500, "Value Loss": 0.02672458253800869, "_runtime": 584.0755248069763, "_timestamp": 1585076838.420988, "gradients/fc.1.bias": {"_type": "histogram", "values": [1.0, 0.0, 0.0, 0.0, 1.0, 0.0, 0.0, 0.0, 0.0, 0.0, 0.0, 1.0, 0.0, 0.0, 0.0, 0.0, 0.0, 0.0, 0.0, 0.0, 1.0, 0.0, 0.0, 0.0, 0.0, 1.0, 2.0, 0.0, 1.0, 0.0, 0.0, 1.0, 0.0, 1.0, 0.0, 0.0, 0.0, 0.0, 1.0, 2.0, 0.0, 0.0, 0.0, 0.0, 1.0, 1.0, 0.0, 0.0, 0.0, 0.0, 0.0, 0.0, 0.0, 0.0, 0.0, 0.0, 0.0, 0.0, 0.0, 0.0, 0.0, 0.0, 0.0, 1.0], "bins": [-234.7506561279297, -226.9407958984375, -219.1309356689453, -211.32107543945312, -203.51121520996094, -195.70135498046875, -187.8914794921875, -180.08163452148438, -172.27175903320312, -164.4619140625, -156.65203857421875, -148.84219360351562, -141.03231811523438, -133.2224578857422, -125.41259765625, -117.60273742675781, -109.79287719726562, -101.98301696777344, -94.17315673828125, -86.36329650878906, -78.55343627929688, -70.74357604980469, -62.9337158203125, -55.12385559082031, -47.31398010253906, -39.504119873046875, -31.694259643554688, -23.8843994140625, -16.074539184570312, -8.264678955078125, -0.4548187255859375, 7.35504150390625, 15.164901733398438, 22.974777221679688, 30.784622192382812, 38.59449768066406, 46.40434265136719, 54.21421813964844, 62.02406311035156, 69.83393859863281, 77.64378356933594, 85.45365905761719, 93.26350402832031, 101.07337951660156, 108.88322448730469, 116.69309997558594, 124.50294494628906, 132.3128204345703, 140.12269592285156, 147.9325408935547, 155.74241638183594, 163.55226135253906, 171.3621368408203, 179.17198181152344, 186.9818572998047, 194.7917022705078, 202.60157775878906, 210.4114227294922, 218.22129821777344, 226.03114318847656, 233.8410186767578, 241.65086364746094, 249.4607391357422, 257.27056884765625, 265.0804443359375]}, "gradients/fc.2.bias": {"_type": "histogram", "values": [0.0, 0.0, 0.0, 0.0, 0.0, 0.0, 0.0, 0.0, 0.0, 0.0, 0.0, 0.0, 0.0, 0.0, 0.0, 0.0, 0.0, 0.0, 0.0, 0.0, 0.0, 0.0, 0.0, 0.0, 0.0, 0.0, 0.0, 0.0, 0.0, 0.0, 0.0, 0.0, 1.0, 0.0, 0.0, 0.0, 0.0, 0.0, 0.0, 0.0, 0.0, 0.0, 0.0, 0.0, 0.0, 0.0, 0.0, 0.0, 0.0, 0.0, 0.0, 0.0, 0.0, 0.0, 0.0, 0.0, 0.0, 0.0, 0.0, 0.0, 0.0, 0.0, 0.0, 0.0], "bins": [-486.9173278808594, -486.9173278808594, -486.9173278808594, -486.9173278808594, -486.9173278808594, -486.9173278808594, -486.9173278808594, -486.9173278808594, -486.9173278808594, -486.9173278808594, -486.9173278808594, -486.9173278808594, -486.9173278808594, -486.9173278808594, -486.9173278808594, -486.9173278808594, -486.9173278808594, -486.9173278808594, -486.9173278808594, -486.9173278808594, -486.9173278808594, -486.9173278808594, -486.9173278808594, -486.9173278808594, -486.9173278808594, -486.9173278808594, -486.9173278808594, -486.9173278808594, -486.9173278808594, -486.9173278808594, -486.9173278808594, -486.9173278808594, -486.9173278808594, -486.9173278808594, -486.9173278808594, -486.9173278808594, -486.9173278808594, -486.9173278808594, -486.9173278808594, -486.9173278808594, -486.9173278808594, -486.9173278808594, -486.9173278808594, -486.9173278808594, -486.9173278808594, -486.9173278808594, -486.9173278808594, -486.9173278808594, -486.9173278808594, -486.9173278808594, -486.9173278808594, -486.9173278808594, -486.9173278808594, -486.9173278808594, -486.9173278808594, -486.9173278808594, -486.9173278808594, -486.9173278808594, -486.9173278808594, -486.9173278808594, -486.9173278808594, -486.9173278808594, -486.9173278808594, -486.9173278808594, -486.9173278808594]}, "gradients/fc.1.weight": {"_type": "histogram", "values": [1.0, 2.0, 0.0, 0.0, 1.0, 2.0, 1.0, 0.0, 0.0, 1.0, 2.0, 2.0, 3.0, 3.0, 5.0, 5.0, 4.0, 3.0, 3.0, 5.0, 7.0, 5.0, 9.0, 16.0, 11.0, 33.0, 29.0, 21.0, 38.0, 43.0, 43.0, 45.0, 25.0, 18.0, 20.0, 10.0, 11.0, 13.0, 11.0, 15.0, 5.0, 7.0, 7.0, 4.0, 7.0, 7.0, 1.0, 0.0, 2.0, 0.0, 1.0, 0.0, 1.0, 0.0, 0.0, 0.0, 1.0, 0.0, 0.0, 0.0, 0.0, 0.0, 2.0, 1.0], "bins": [-203.82867431640625, -197.04763793945312, -190.26661682128906, -183.48558044433594, -176.7045440673828, -169.92352294921875, -163.14248657226562, -156.3614501953125, -149.58041381835938, -142.7993927001953, -136.0183563232422, -129.23733520507812, -122.456298828125, -115.67526245117188, -108.89423370361328, -102.11319732666016, -95.33216857910156, -88.55113983154297, -81.77010345458984, -74.98907470703125, -68.20803833007812, -61.42701721191406, -54.64598083496094, -47.86494445800781, -41.08392333984375, -34.302886962890625, -27.5218505859375, -20.740814208984375, -13.959793090820312, -7.1787567138671875, -0.3977203369140625, 6.38330078125, 13.164337158203125, 19.94537353515625, 26.726394653320312, 33.50743103027344, 40.28846740722656, 47.069488525390625, 53.85052490234375, 60.631561279296875, 67.41259765625, 74.19363403320312, 80.97463989257812, 87.75567626953125, 94.53671264648438, 101.3177490234375, 108.09878540039062, 114.87982177734375, 121.66082763671875, 128.44186401367188, 135.222900390625, 142.00393676757812, 148.78497314453125, 155.56600952148438, 162.3470458984375, 169.1280517578125, 175.90908813476562, 182.69012451171875, 189.47116088867188, 196.252197265625, 203.03323364257812, 209.81423950195312, 216.59527587890625, 223.37631225585938, 230.1573486328125]}, "gradients/fc.2.weight": {"_type": "histogram", "values": [1.0, 0.0, 0.0, 0.0, 1.0, 0.0, 0.0, 0.0, 0.0, 0.0, 0.0, 0.0, 0.0, 0.0, 0.0, 0.0, 0.0, 0.0, 0.0, 0.0, 0.0, 1.0, 0.0, 0.0, 0.0, 0.0, 1.0, 0.0, 0.0, 1.0, 1.0, 0.0, 0.0, 0.0, 0.0, 0.0, 0.0, 0.0, 0.0, 2.0, 1.0, 0.0, 1.0, 0.0, 0.0, 1.0, 1.0, 0.0, 0.0, 0.0, 0.0, 1.0, 0.0, 0.0, 0.0, 1.0, 0.0, 0.0, 0.0, 0.0, 0.0, 0.0, 1.0, 1.0], "bins": [-444.64874267578125, -433.6449279785156, -422.64111328125, -411.6373291015625, -400.6335144042969, -389.62969970703125, -378.6258850097656, -367.6220703125, -356.6182861328125, -345.6144714355469, -334.61065673828125, -323.60687255859375, -312.60302734375, -301.5992431640625, -290.5954284667969, -279.59161376953125, -268.58782958984375, -257.583984375, -246.5802001953125, -235.57638549804688, -224.5725860595703, -213.5687713623047, -202.56497192382812, -191.5611572265625, -180.55734252929688, -169.55352783203125, -158.54974365234375, -147.54592895507812, -136.5421142578125, -125.53829956054688, -114.53451538085938, -103.53070068359375, -92.52688598632812, -81.5230712890625, -70.51925659179688, -59.515472412109375, -48.51165771484375, -37.507843017578125, -26.5040283203125, -15.500244140625, -4.496429443359375, 6.50738525390625, 17.511199951171875, 28.5150146484375, 39.518798828125, 50.522613525390625, 61.52642822265625, 72.53021240234375, 83.5340576171875, 94.537841796875, 105.54168701171875, 116.54547119140625, 127.54925537109375, 138.5531005859375, 149.556884765625, 160.5606689453125, 171.56451416015625, 182.56829833984375, 193.5721435546875, 204.575927734375, 215.5797119140625, 226.58355712890625, 237.58734130859375, 248.5911865234375, 259.594970703125]}, "gradients/fc.0.weight": {"_type": "histogram", "values": [1.0, 0.0, 1.0, 0.0, 1.0, 0.0, 2.0, 0.0, 0.0, 0.0, 0.0, 1.0, 3.0, 0.0, 0.0, 0.0, 1.0, 2.0, 2.0, 1.0, 0.0, 0.0, 32.0, 2.0, 2.0, 0.0, 1.0, 0.0, 0.0, 0.0, 0.0, 0.0, 0.0, 1.0, 0.0, 0.0, 1.0, 1.0, 0.0, 0.0, 0.0, 0.0, 0.0, 2.0, 0.0, 1.0, 0.0, 0.0, 0.0, 2.0, 0.0, 0.0, 1.0, 1.0, 0.0, 0.0, 0.0, 0.0, 0.0, 0.0, 0.0, 1.0, 0.0, 1.0],