{"graph_0": {"_type": "graph-file", "path": "media/graph/graph_0_summary_c020aed0.graph.json", "sha256": "c020aed0d8124d43ba18f4568c07aec566004ae5d0941b65363d2631d59b9cd3", "size": 700}, "_runtime": 14785.26554107666, "Value Loss": 21.318681716918945, "Episode length": 446, "_timestamp": 1585584701.1101744, "Episode reward": 55.39999999999964, "_step": 499, "Policy Loss": 1.59269118309021, "gradients/fc.2.weight": {"_type": "histogram", "values": [14.0, 0.0, 1.0, 0.0, 0.0, 0.0, 0.0, 0.0, 0.0, 0.0, 0.0, 0.0, 0.0, 0.0, 0.0, 0.0, 0.0, 0.0, 0.0, 0.0, 0.0, 0.0, 0.0, 0.0, 0.0, 0.0, 0.0, 0.0, 0.0, 0.0, 0.0, 0.0, 0.0, 0.0, 0.0, 0.0, 0.0, 0.0, 0.0, 0.0, 0.0, 0.0, 0.0, 0.0, 0.0, 0.0, 0.0, 0.0, 0.0, 0.0, 0.0, 0.0, 0.0, 0.0, 0.0, 0.0, 0.0, 0.0, 0.0, 0.0, 0.0, 0.0, 0.0, 1.0], "bins": [-0.006924943067133427, 0.095163993537426, 0.19725292921066284, 0.2993418574333191, 0.40143078565597534, 0.5035197734832764, 0.6056087017059326, 0.7076976299285889, 0.8097865581512451, 0.9118754863739014, 1.0139644145965576, 1.1160533428192139, 1.2181422710418701, 1.3202311992645264, 1.4223201274871826, 1.5244090557098389, 1.6264979839324951, 1.7285869121551514, 1.8306758403778076, 1.9327647686004639, 2.034853935241699, 2.1369428634643555, 2.2390317916870117, 2.341120719909668, 2.443209648132324, 2.5452985763549805, 2.6473875045776367, 2.749476432800293, 2.851565361022949, 2.9536542892456055, 3.0557432174682617, 3.157832145690918, 3.259921073913574, 3.3620100021362305, 3.4640989303588867, 3.566187858581543, 3.668276786804199, 3.7703657150268555, 3.8724546432495117, 3.974543571472168, 4.076632499694824, 4.1787214279174805, 4.280810356140137, 4.382899284362793, 4.484988212585449, 4.5870771408081055, 4.689166069030762, 4.791254997253418, 4.893343925476074, 4.9954328536987305, 5.097521781921387, 5.199610710144043, 5.301699638366699, 5.4037885665893555, 5.505877494812012, 5.607966423034668, 5.710055351257324, 5.8121442794799805, 5.914233207702637, 6.016322135925293, 6.118411064147949, 6.2204999923706055, 6.322588920593262, 6.424677848815918, 6.526766777038574]}, "gradients/fc.0.weight": {"_type": "histogram", "values": [1.0, 1.0, 0.0, 0.0, 0.0, 1.0, 1.0, 0.0, 0.0, 1.0, 0.0, 0.0, 1.0, 0.0, 0.0, 1.0, 0.0, 1.0, 0.0, 0.0, 0.0, 0.0, 0.0, 1.0, 0.0, 0.0, 0.0, 0.0, 0.0, 0.0, 0.0, 0.0, 0.0, 0.0, 0.0, 0.0, 0.0, 0.0, 0.0, 0.0, 0.0, 0.0, 0.0, 0.0, 0.0, 0.0, 0.0, 1.0, 3.0, 22.0, 2.0, 5.0, 6.0, 2.0, 0.0, 1.0, 3.0, 4.0, 0.0, 1.0, 1.0, 2.0, 1.0, 1.0], "bins": [-0.2811533212661743, -0.27545374631881714, -0.26975420117378235, -0.26405462622642517, -0.2583550810813904, -0.2526555061340332, -0.2469559609889984, -0.24125640094280243, -0.23555684089660645, -0.22985728085041046, -0.22415772080421448, -0.2184581458568573, -0.2127586007118225, -0.20705902576446533, -0.20135948061943054, -0.19565990567207336, -0.18996036052703857, -0.1842607855796814, -0.1785612404346466, -0.17286166548728943, -0.16716212034225464, -0.16146254539489746, -0.15576298534870148, -0.1500634253025055, -0.1443638652563095, -0.13866430521011353, -0.13296474516391754, -0.12726518511772156, -0.12156562507152557, -0.11586606502532959, -0.1101665049791336, -0.10446694493293762, -0.09876738488674164, -0.09306782484054565, -0.08736826479434967, -0.08166870474815369, -0.0759691447019577, -0.07026958465576172, -0.06457002460956573, -0.05887046456336975, -0.05317090451717377, -0.04747134447097778, -0.0417717844247818, -0.036072224378585815, -0.030372649431228638, -0.024673104286193848, -0.01897352933883667, -0.01327398419380188, -0.007574409246444702, -0.0018748641014099121, 0.0038247108459472656, 0.009524255990982056, 0.015223830938339233, 0.020923376083374023, 0.0266229510307312, 0.03232249617576599, 0.03802207112312317, 0.04372161626815796, 0.04942119121551514, 0.05512073636054993, 0.060820311307907104, 0.0665198564529419, 0.07221943140029907, 0.07791897654533386, 0.08361855149269104]}, "gradients/fc.1.bias": {"_type": "histogram", "values": [11.0, 0.0, 3.0, 0.0, 0.0, 1.0, 0.0, 0.0, 0.0, 0.0, 0.0, 0.0, 0.0, 0.0, 0.0, 0.0, 0.0, 0.0, 0.0, 0.0, 0.0, 0.0, 0.0, 0.0, 0.0, 0.0, 0.0, 0.0, 0.0, 0.0, 0.0, 0.0, 0.0, 0.0, 0.0, 0.0, 0.0, 0.0, 0.0, 0.0, 0.0, 0.0, 0.0, 0.0, 0.0, 0.0, 0.0, 0.0, 0.0, 0.0, 0.0, 0.0, 0.0, 0.0, 0.0, 0.0, 0.0, 0.0, 0.0, 0.0, 0.0, 0.0, 0.0, 1.0], "bins": [0.0, 0.0013904994120821357, 0.0027809988241642714, 0.004171498119831085, 0.005561997648328543, 0.006952497176826, 0.00834299623966217, 0.009733496233820915, 0.011123995296657085, 0.012514494359493256, 0.013904994353652, 0.01529549341648817, 0.01668599247932434, 0.018076492473483086, 0.01946699246764183, 0.020857490599155426, 0.02224799059331417, 0.023638490587472916, 0.02502898871898651, 0.026419488713145256, 0.027809988707304, 0.029200486838817596, 0.03059098683297634, 0.031981486827135086, 0.03337198495864868, 0.034762486815452576, 0.03615298494696617, 0.03754348307847977, 0.03893398493528366, 0.040324483066797256, 0.04171498119831085, 0.043105483055114746, 0.04449598118662834, 0.04588647931814194, 0.04727698117494583, 0.04866747930645943, 0.05005797743797302, 0.051448479294776917, 0.05283897742629051, 0.05422947555780411, 0.055619977414608, 0.0570104755461216, 0.05840097367763519, 0.05979147553443909, 0.06118197366595268, 0.06257247179746628, 0.06396297365427017, 0.06535347551107407, 0.06674396991729736, 0.06813447177410126, 0.06952497363090515, 0.07091546803712845, 0.07230596989393234, 0.07369647175073624, 0.07508696615695953, 0.07647746801376343, 0.07786796987056732, 0.07925846427679062, 0.08064896613359451, 0.08203946799039841, 0.0834299623966217, 0.0848204642534256, 0.08621096611022949, 0.08760146051645279, 0.08899196237325668]}, "gradients/fc.1.weight": {"_type": "histogram", "values": [9.0, 4.0, 2.0, 0.0, 8.0, 432.0, 29.0, 13.0, 1.0, 1.0, 0.0, 2.0, 0.0, 1.0, 1.0, 0.0, 0.0, 0.0, 0.0, 0.0, 0.0, 0.0, 0.0, 0.0, 0.0, 0.0, 0.0, 0.0, 1.0, 0.0, 0.0, 0.0, 0.0, 0.0, 0.0, 0.0, 0.0, 0.0, 0.0, 0.0, 0.0, 0.0, 0.0, 0.0, 1.0, 1.0, 0.0, 1.0, 0.0, 1.0, 0.0, 0.0, 0.0, 0.0, 0.0, 0.0, 0.0, 1.0, 0.0, 0.0, 1.0, 0.0, 1.0, 1.0], "bins": [-0.08884803205728531, -0.07225143909454346, -0.05565484240651131, -0.039058245718479156, -0.022461652755737305, -0.005865059792995453, 0.010731540620326996, 0.027328133583068848, 0.0439247265458107, 0.06052132695913315, 0.0771179124712944, 0.09371451288461685, 0.1103111132979393, 0.12690770626068115, 0.1435042917728424, 0.16010087728500366, 0.1766974925994873, 0.19329407811164856, 0.2098906934261322, 0.22648727893829346, 0.2430838644504547, 0.25968047976493835, 0.2762770652770996, 0.29287365078926086, 0.3094702661037445, 0.32606685161590576, 0.342663437128067, 0.35926002264022827, 0.3758566379547119, 0.39245322346687317, 0.4090498089790344, 0.4256463944911957, 0.4422430098056793, 0.45883962512016296, 0.47543618083000183, 0.4920327961444855, 0.5086293816566467, 0.5252259373664856, 0.5418225526809692, 0.5584191679954529, 0.5750157237052917, 0.5916123390197754, 0.608208954334259, 0.6248055100440979, 0.6414021253585815, 0.6579987406730652, 0.674595296382904, 0.6911919116973877, 0.7077885270118713, 0.7243850827217102, 0.7409816980361938, 0.7575782537460327, 0.7741748690605164, 0.790771484375, 0.8073680400848389, 0.8239646553993225, 0.8405612707138062, 0.857157826423645, 0.8737544417381287, 0.8903510570526123, 0.9069476127624512, 0.9235442280769348, 0.9401407837867737, 0.9567374587059021, 0.973334014415741]}, "gradients/fc.2.bias": {"_type": "histogram", "values": [0.0, 0.0, 0.0, 0.0, 0.0, 0.0, 0.0, 0.0, 0.0, 0.0, 0.0, 0.0, 0.0, 0.0, 0.0, 0.0, 0.0, 0.0, 0.0, 0.0, 0.0, 0.0, 0.0, 0.0, 0.0, 0.0, 0.0, 0.0, 0.0, 0.0, 0.0, 0.0, 1.0, 0.0, 0.0, 0.0, 0.0, 0.0, 0.0, 0.0, 0.0, 0.0, 0.0, 0.0, 0.0, 0.0, 0.0, 0.0, 0.0, 0.0, 0.0, 0.0, 0.0, 0.0, 0.0, 0.0, 0.0, 0.0, 0.0, 0.0, 0.0, 0.0, 0.0, 0.0],