{"graph_0": {"_type": "graph-file", "path": "media/graph/graph_0_summary_52c7e602.graph.json", "sha256": "52c7e6028b79fed3c832d185624458514029dc9972b895c211941eb336888780", "size": 691}, "_timestamp": 1585423605.7455347, "Episode reward": -104.52731891088607, "Policy Loss": -0.062212638556957245, "_step": 9, "Episode length": 999, "_runtime": 439.7989056110382, "Value Loss": 0.32977527379989624}
