{"graph_0": {"_type": "graph-file", "path": "media/graph/graph_0_summary_e0e6d98b.graph.json", "sha256": "e0e6d98be44c74d1f2f8bcfb1ceb8d1ab42c15fb93fccc6efd66a66e5f5ea4b4", "size": 691}, "_timestamp": 1585424327.965837, "Episode reward": -195.18704968802476, "Policy Loss": 3.3543834686279297, "_step": 9, "Episode length": 999, "_runtime": 1162.0192079544067, "Value Loss": 370.39984130859375}
