{"graph_0": {"_type": "graph-file", "path": "media/graph/graph_0_summary_13cf6ec7.graph.json", "sha256": "13cf6ec7abe4cd6d04e2ade785d1e0205328b003feaa67c9accc3f80211bf3cf", "size": 700}, "_runtime": 1452.5269601345062, "Value Loss": 0.0012103216722607613, "Episode length": 999, "_timestamp": 1585571368.3715935, "Episode reward": -70.79420409965442, "_step": 499, "Policy Loss": 0.0042234137654304504, "gradients/fc.2.weight": {"_type": "histogram", "values": [1.0, 0.0, 0.0, 0.0, 0.0, 0.0, 0.0, 0.0, 0.0, 0.0, 0.0, 0.0, 0.0, 0.0, 0.0, 0.0, 0.0, 0.0, 0.0, 0.0, 0.0, 0.0, 0.0, 0.0, 1.0, 0.0, 0.0, 0.0, 0.0, 0.0, 1.0, 0.0, 0.0, 1.0, 1.0, 0.0, 0.0, 0.0, 0.0, 0.0, 0.0, 0.0, 1.0, 0.0, 1.0, 0.0, 0.0, 1.0, 1.0, 1.0, 1.0, 0.0, 0.0, 0.0, 0.0, 0.0, 1.0, 1.0, 1.0, 1.0, 0.0, 0.0, 0.0, 1.0], "bins": [-3.6912670135498047, -3.6101083755493164, -3.5289499759674072, -3.447791337966919, -3.3666326999664307, -3.2854743003845215, -3.204315662384033, -3.123157024383545, -3.0419983863830566, -2.9608399868011475, -2.879681348800659, -2.79852294921875, -2.7173643112182617, -2.6362056732177734, -2.555047035217285, -2.473888397216797, -2.3927299976348877, -2.3115715980529785, -2.2304129600524902, -2.149254322052002, -2.0680956840515137, -1.986937165260315, -1.9057786464691162, -1.824620008468628, -1.7434614896774292, -1.6623029708862305, -1.5811443328857422, -1.499985694885254, -1.4188272953033447, -1.3376686573028564, -1.2565100193023682, -1.175351619720459, -1.0941929817199707, -1.0130343437194824, -0.9318759441375732, -0.850717306137085, -0.7695586681365967, -0.6884002685546875, -0.6072416305541992, -0.5260829925537109, -0.44492435455322266, -0.3637659549713135, -0.2826073169708252, -0.20144867897033691, -0.12029027938842773, -0.03913164138793945, 0.04202699661254883, 0.12318539619445801, 0.2043440341949463, 0.28550267219543457, 0.36666107177734375, 0.44781970977783203, 0.5289783477783203, 0.6101369857788086, 0.6912956237792969, 0.772453784942627, 0.8536124229431152, 0.9347710609436035, 1.0159296989440918, 1.09708833694458, 1.1782469749450684, 1.2594051361083984, 1.3405637741088867, 1.421722412109375, 1.5028810501098633]}, "gradients/fc.0.weight": {"_type": "histogram", "values": [1.0, 0.0, 0.0, 0.0, 1.0, 0.0, 0.0, 0.0, 0.0, 0.0, 0.0, 0.0, 0.0, 0.0, 1.0, 0.0, 0.0, 1.0, 0.0, 0.0, 1.0, 2.0, 2.0, 0.0, 1.0, 0.0, 1.0, 3.0, 2.0, 4.0, 1.0, 3.0, 1.0, 3.0, 6.0, 2.0, 5.0, 1.0, 1.0, 6.0, 2.0, 1.0, 0.0, 0.0, 0.0, 2.0, 1.0, 1.0, 0.0, 0.0, 0.0, 2.0, 1.0, 0.0, 1.0, 0.0, 2.0, 0.0, 0.0, 0.0, 0.0, 1.0, 0.0, 1.0], "bins": [-2.7391180992126465, -2.6610565185546875, -2.5829949378967285, -2.5049333572387695, -2.4268717765808105, -2.3488101959228516, -2.2707486152648926, -2.1926870346069336, -2.1146254539489746, -2.0365638732910156, -1.9585022926330566, -1.8804407119750977, -1.8023791313171387, -1.7243175506591797, -1.6462559700012207, -1.5681943893432617, -1.4901328086853027, -1.4120712280273438, -1.3340096473693848, -1.2559480667114258, -1.1778864860534668, -1.0998249053955078, -1.0217633247375488, -0.9437017440795898, -0.8656401634216309, -0.7875785827636719, -0.7095170021057129, -0.6314554214477539, -0.5533938407897949, -0.47533226013183594, -0.39727067947387695, -0.31920909881591797, -0.24114751815795898, -0.1630859375, -0.08502435684204102, -0.006962776184082031, 0.07109880447387695, 0.14916038513183594, 0.22722196578979492, 0.3052835464477539, 0.3833451271057129, 0.4614067077636719, 0.5394682884216309, 0.6175298690795898, 0.6955914497375488, 0.7736530303955078, 0.8517146110534668, 0.9297761917114258, 1.0078377723693848, 1.0858993530273438, 1.1639609336853027, 1.2420225143432617, 1.3200840950012207, 1.3981456756591797, 1.4762072563171387, 1.5542688369750977, 1.6323304176330566, 1.7103919982910156, 1.7884535789489746, 1.8665151596069336, 1.9445767402648926, 2.0226383209228516, 2.1006999015808105, 2.1787614822387695, 2.2568230628967285]}, "gradients/fc.1.bias": {"_type": "histogram", "values": [1.0, 0.0, 0.0, 1.0, 0.0, 0.0, 1.0, 0.0, 0.0, 0.0, 0.0, 0.0, 0.0, 0.0, 1.0, 0.0, 0.0, 1.0, 1.0, 0.0, 0.0, 1.0, 0.0, 0.0, 0.0, 0.0, 1.0, 1.0, 0.0, 0.0, 0.0, 0.0, 1.0, 0.0, 0.0, 0.0, 0.0, 0.0, 1.0, 1.0, 0.0, 0.0, 0.0, 0.0, 0.0, 0.0, 0.0, 0.0, 0.0, 0.0, 0.0, 0.0, 0.0, 0.0, 0.0, 1.0, 0.0, 0.0, 0.0, 0.0, 1.0, 0.0, 1.0, 1.0], "bins": [-2.161391258239746, -2.09259295463562, -2.023794651031494, -1.9549963474273682, -1.8861980438232422, -1.8173997402191162, -1.7486014366149902, -1.6798031330108643, -1.6110048294067383, -1.5422065258026123, -1.4734082221984863, -1.4046099185943604, -1.335811734199524, -1.267013430595398, -1.198215126991272, -1.129416823387146, -1.06061851978302, -0.991820216178894, -0.9230219125747681, -0.8542236089706421, -0.7854253053665161, -0.7166270017623901, -0.6478286981582642, -0.5790303945541382, -0.5102322101593018, -0.4414339065551758, -0.3726356029510498, -0.30383729934692383, -0.23503899574279785, -0.16624069213867188, -0.0974423885345459, -0.028644084930419922, 0.040154218673706055, 0.10895252227783203, 0.177750825881958, 0.24654912948608398, 0.31534743309020996, 0.38414573669433594, 0.4529440402984619, 0.5217423439025879, 0.5905406475067139, 0.6593389511108398, 0.7281372547149658, 0.7969355583190918, 0.8657338619232178, 0.9345321655273438, 1.0033304691314697, 1.0721287727355957, 1.1409268379211426, 1.2097251415252686, 1.2785234451293945, 1.3473217487335205, 1.4161200523376465, 1.4849183559417725, 1.5537166595458984, 1.6225149631500244, 1.6913132667541504, 1.7601115703582764, 1.8289098739624023, 1.8977084159851074, 1.9665064811706543, 2.0353050231933594, 2.1041030883789062, 2.1729016304016113, 2.241699695587158]}, "gradients/fc.1.weight": {"_type": "histogram", "values": [1.0, 0.0, 0.0, 0.0, 0.0, 2.0, 0.0, 1.0, 0.0, 0.0, 2.0, 1.0, 4.0, 1.0, 5.0, 2.0, 3.0, 8.0, 9.0, 10.0, 4.0, 10.0, 9.0, 18.0, 11.0, 9.0, 15.0, 13.0, 28.0, 35.0, 34.0, 67.0, 35.0, 27.0, 16.0, 23.0, 21.0, 9.0, 10.0, 4.0, 8.0, 8.0, 5.0, 5.0, 5.0, 4.0, 3.0, 3.0, 3.0, 6.0, 2.0, 1.0, 3.0, 2.0, 2.0, 0.0, 0.0, 2.0, 0.0, 0.0, 1.0, 0.0, 0.0, 2.0], "bins": [-1.737634301185608, -1.6822515726089478, -1.6268688440322876, -1.5714861154556274, -1.5161033868789673, -1.4607206583023071, -1.4053380489349365, -1.3499553203582764, -1.2945725917816162, -1.239189863204956, -1.183807134628296, -1.1284244060516357, -1.0730416774749756, -1.0176589488983154, -0.9622762203216553, -0.9068934917449951, -0.851510763168335, -0.7961280345916748, -0.7407453060150146, -0.6853625774383545, -0.6299798488616943, -0.5745971202850342, -0.519214391708374, -0.46383166313171387, -0.40844905376434326, -0.3530663251876831, -0.29768359661102295, -0.2423008680343628, -0.18691813945770264, -0.13153541088104248, -0.07615268230438232, -0.020769953727722168, 0.03461277484893799, 0.08999550342559814, 0.1453782320022583, 0.20076096057891846, 0.2561436891555786, 0.31152641773223877, 0.3669091463088989, 0.4222918748855591, 0.47767460346221924, 0.5330573320388794, 0.5884400606155396, 0.6438227891921997, 0.6992055177688599, 0.75458824634552, 0.8099709749221802, 0.8653537034988403, 0.9207361936569214, 0.9761189222335815, 1.0315016508102417, 1.0868843793869019, 1.142267107963562, 1.1976498365402222, 1.2530325651168823, 1.3084152936935425, 1.3637980222702026, 1.4191807508468628, 1.474563479423523, 1.529946208000183, 1.5853289365768433, 1.6407116651535034, 1.6960943937301636, 1.7514771223068237, 1.8068598508834839]}, "gradients/fc.2.bias": {"_type": "histogram", "values": [0.0, 0.0, 0.0, 0.0, 0.0, 0.0, 0.0, 0.0, 0.0, 0.0, 0.0, 0.0, 0.0, 0.0, 0.0, 0.0, 0.0, 0.0, 0.0, 0.0, 0.0, 0.0, 0.0, 0.0, 0.0, 0.0, 0.0, 0.0, 0.0, 0.0, 0.0, 0.0, 1.0, 0.0, 0.0, 0.0, 0.0, 0.0, 0.0, 0.0, 0.0, 0.0, 0.0, 0.0, 0.0, 0.0, 0.0, 0.0, 0.0, 0.0, 0.0, 0.0, 0.0, 0.0, 0.0, 0.0, 0.0, 0.0, 0.0, 0.0, 0.0, 0.0, 0.0, 0.0],