{"graph_0": {"_type": "graph-file", "path": "media/graph/graph_0_summary_bf9ade75.graph.json", "sha256": "bf9ade754c68a3a9d49e105e44fe9ca98d1a59f4727a6dac7d9ca80991f0d3da", "size": 700}, "Value Loss": 0.0067137167789042, "Policy Loss": -0.028624434024095535, "_runtime": 2614.2882373332977, "Episode reward": -94.37618066619726, "_timestamp": 1585597363.304911, "Episode length": 999, "_step": 404, "gradients/fc.0.weight": {"_type": "histogram", "values": [1.0, 1.0, 1.0, 1.0, 1.0, 1.0, 0.0, 3.0, 1.0, 1.0, 2.0, 1.0, 2.0, 2.0, 2.0, 1.0, 3.0, 1.0, 1.0, 3.0, 0.0, 0.0, 1.0, 0.0, 0.0, 0.0, 0.0, 0.0, 0.0, 0.0, 0.0, 0.0, 0.0, 0.0, 0.0, 0.0, 2.0, 3.0, 3.0, 3.0, 1.0, 3.0, 0.0, 2.0, 2.0, 0.0, 0.0, 1.0, 2.0, 3.0, 1.0, 3.0, 0.0, 0.0, 1.0, 2.0, 0.0, 0.0, 0.0, 1.0, 0.0, 0.0, 0.0, 1.0], "bins": [-0.21806278824806213, -0.21062278747558594, -0.20318277180194855, -0.19574277102947235, -0.18830277025699615, -0.18086275458335876, -0.17342275381088257, -0.16598275303840637, -0.15854273736476898, -0.15110273659229279, -0.1436627209186554, -0.1362227201461792, -0.128782719373703, -0.12134271115064621, -0.11390270292758942, -0.10646270215511322, -0.09902269393205643, -0.09158268570899963, -0.08414268493652344, -0.07670266926288605, -0.06926266849040985, -0.061822667717933655, -0.054382652044296265, -0.04694265127182007, -0.03950265049934387, -0.03206263482570648, -0.024622634053230286, -0.01718263328075409, -0.0097426176071167, -0.002302616834640503, 0.005137383937835693, 0.012577399611473083, 0.02001740038394928, 0.027457401156425476, 0.034897416830062866, 0.04233741760253906, 0.04977741837501526, 0.057217419147491455, 0.06465744972229004, 0.07209745049476624, 0.07953745126724243, 0.08697745203971863, 0.09441745281219482, 0.10185745358467102, 0.1092974841594696, 0.1167374849319458, 0.124177485704422, 0.1316174864768982, 0.1390574872493744, 0.14649748802185059, 0.15393751859664917, 0.16137751936912537, 0.16881752014160156, 0.17625752091407776, 0.18369752168655396, 0.19113752245903015, 0.19857755303382874, 0.20601755380630493, 0.21345755457878113, 0.22089755535125732, 0.22833755612373352, 0.23577755689620972, 0.2432175874710083, 0.2506575882434845, 0.2580975890159607]}, "gradients/fc.1.weight": {"_type": "histogram", "values": [1.0, 1.0, 1.0, 0.0, 1.0, 3.0, 3.0, 2.0, 3.0, 5.0, 5.0, 3.0, 6.0, 9.0, 9.0, 7.0, 15.0, 19.0, 20.0, 19.0, 20.0, 29.0, 39.0, 26.0, 40.0, 38.0, 27.0, 23.0, 23.0, 23.0, 14.0, 15.0, 13.0, 7.0, 5.0, 7.0, 9.0, 4.0, 3.0, 0.0, 6.0, 2.0, 0.0, 1.0, 1.0, 0.0, 0.0, 0.0, 1.0, 0.0, 1.0, 0.0, 1.0, 0.0, 0.0, 0.0, 1.0, 0.0, 0.0, 0.0, 0.0, 0.0, 0.0, 1.0], "bins": [-0.08514346927404404, -0.08161371201276779, -0.07808394730091095, -0.0745541900396347, -0.07102443277835846, -0.06749467551708221, -0.06396491080522537, -0.06043515354394913, -0.056905392557382584, -0.05337563157081604, -0.049845874309539795, -0.04631611332297325, -0.04278635233640671, -0.03925659507513046, -0.03572683408856392, -0.032197076827287674, -0.02866731584072113, -0.025137554854154587, -0.021607793867588043, -0.018078036606311798, -0.014548279345035553, -0.011018514633178711, -0.007488757371902466, -0.003959000110626221, -0.00042923539876937866, 0.0031005218625068665, 0.006630279123783112, 0.010160036385059357, 0.013689801096916199, 0.017219558358192444, 0.02074931561946869, 0.02427908033132553, 0.027808837592601776, 0.03133859485387802, 0.03486835956573486, 0.03839811682701111, 0.04192788153886795, 0.045457638800144196, 0.04898739606142044, 0.052517153322696686, 0.05604691058397293, 0.059576667845249176, 0.06310644000768661, 0.06663619726896286, 0.0701659545302391, 0.07369571179151535, 0.0772254690527916, 0.08075522631406784, 0.08428499847650528, 0.08781475573778152, 0.09134451299905777, 0.09487427026033401, 0.09840402752161026, 0.1019337847828865, 0.10546354204416275, 0.10899331420660019, 0.11252307146787643, 0.11605282872915268, 0.11958258599042892, 0.12311234325170517, 0.126642107963562, 0.13017186522483826, 0.1337016224861145, 0.13723137974739075, 0.140761137008667]}, "gradients/fc.0.bias": {"_type": "histogram", "values": [1.0, 0.0, 0.0, 0.0, 1.0, 1.0, 2.0, 1.0, 0.0, 1.0, 4.0, 0.0, 2.0, 1.0, 0.0, 1.0, 0.0, 0.0, 0.0, 0.0, 0.0, 0.0, 0.0, 0.0, 0.0, 0.0, 0.0, 0.0, 0.0, 0.0, 0.0, 0.0, 0.0, 0.0, 0.0, 0.0, 0.0, 0.0, 0.0, 0.0, 0.0, 0.0, 0.0, 0.0, 0.0, 3.0, 1.0, 0.0, 0.0, 0.0, 3.0, 1.0, 1.0, 2.0, 1.0, 1.0, 2.0, 0.0, 0.0, 1.0, 0.0, 0.0, 0.0, 1.0], "bins": [-0.9391685128211975, -0.9087019562721252, -0.8782353401184082, -0.8477687835693359, -0.8173022270202637, -0.7868356108665466, -0.7563690543174744, -0.7259024381637573, -0.6954358816146851, -0.6649693250656128, -0.6345027089118958, -0.6040361523628235, -0.5735695362091064, -0.5431029796600342, -0.5126364231109619, -0.48216983675956726, -0.4517032504081726, -0.42123669385910034, -0.3907700777053833, -0.36030352115631104, -0.329836905002594, -0.29937034845352173, -0.26890379190444946, -0.23843717575073242, -0.20797061920166016, -0.1775040626525879, -0.14703744649887085, -0.11657088994979858, -0.08610433340072632, -0.05563771724700928, -0.02517116069793701, 0.005295455455780029, 0.035762012004852295, 0.06622856855392456, 0.09669512510299683, 0.12716180086135864, 0.1576283574104309, 0.18809491395950317, 0.21856147050857544, 0.2490280270576477, 0.2794947028160095, 0.3099612593650818, 0.34042781591415405, 0.3708943724632263, 0.4013609290122986, 0.43182748556137085, 0.46229416131973267, 0.49276071786880493, 0.5232272744178772, 0.5536938309669495, 0.5841603875160217, 0.6146270632743835, 0.6450936198234558, 0.6755601763725281, 0.7060267329216003, 0.7364932894706726, 0.7669598460197449, 0.7974265217781067, 0.827893078327179, 0.8583596348762512, 0.8888261914253235, 0.9192927479743958, 0.9497594237327576, 0.9802259802818298, 1.0106925964355469]}, "gradients/fc.1.bias": {"_type": "histogram", "values": [1.0, 0.0, 0.0, 0.0, 0.0, 1.0, 1.0, 0.0, 1.0, 0.0, 1.0, 0.0, 0.0, 0.0, 1.0, 1.0, 0.0, 0.0, 0.0, 1.0, 0.0, 1.0, 0.0, 0.0, 0.0, 0.0, 0.0, 0.0, 0.0, 0.0, 0.0, 1.0, 0.0, 0.0, 0.0, 0.0, 0.0, 1.0, 0.0, 0.0, 1.0, 0.0, 0.0, 0.0, 0.0, 0.0, 0.0, 0.0, 0.0, 0.0, 0.0, 0.0, 1.0, 0.0, 0.0, 0.0, 2.0, 0.0, 0.0, 0.0, 0.0, 0.0, 0.0, 1.0], "bins": [-0.138331800699234, -0.1331244558095932, -0.1279171109199524, -0.12270977348089218, -0.11750242859125137, -0.11229508370161057, -0.10708774626255035, -0.10188040137290955, -0.09667305648326874, -0.09146571159362793, -0.08625836670398712, -0.08105102926492691, -0.0758436843752861, -0.0706363394856453, -0.06542900204658508, -0.060221657156944275, -0.05501431226730347, -0.04980696737766266, -0.04459962248802185, -0.03939228504896164, -0.03418494015932083, -0.028977595269680023, -0.023770257830619812, -0.018562912940979004, -0.013355568051338196, -0.008148223161697388, -0.0029408782720565796, 0.0022664666175842285, 0.007473796606063843, 0.012681141495704651, 0.01788848638534546, 0.023095831274986267, 0.028303176164627075, 0.03351052105426788, 0.03871786594390869, 0.0439252108335495, 0.04913255572319031, 0.05433988571166992, 0.05954723060131073, 0.06475457549095154, 0.06996192038059235, 0.07516926527023315, 0.08037661015987396, 0.08558395504951477, 0.09079128503799438, 0.09599862992763519, 0.101205974817276, 0.10641331970691681, 0.11162066459655762, 0.11682799458503723, 0.12203535437583923, 0.12724268436431885, 0.13245004415512085, 0.13765737414360046, 0.14286473393440247, 0.14807206392288208, 0.1532793939113617, 0.1584867537021637, 0.1636940836906433, 0.1689014434814453, 0.17410877346992493, 0.17931613326072693, 0.18452346324920654, 0.18973082304000854, 0.19493815302848816]}, "gradients/fc.2.bias": {"_type": "histogram", "values": [0.0, 0.0, 0.0, 0.0, 0.0, 0.0, 0.0, 0.0, 0.0, 0.0, 0.0, 0.0, 0.0, 0.0, 0.0, 0.0, 0.0, 0.0, 0.0, 0.0, 0.0, 0.0, 0.0, 0.0, 0.0, 0.0, 0.0, 0.0, 0.0, 0.0, 0.0, 0.0, 1.0, 0.0, 0.0, 0.0, 0.0, 0.0, 0.0, 0.0, 0.0, 0.0, 0.0, 0.0, 0.0, 0.0, 0.0, 0.0, 0.0, 0.0, 0.0, 0.0, 0.0, 0.0, 0.0, 0.0, 0.0, 0.0, 0.0, 0.0, 0.0, 0.0, 0.0, 0.0],