{"graph_0": {"_type": "graph-file", "path": "media/graph/graph_0_summary_32408147.graph.json", "sha256": "3240814770e52ef499257ff665514daaed970cb070ecfeb3b530faa9e9830a09", "size": 700}, "_runtime": 68.08332419395447, "_timestamp": 1585506667.0600574, "_step": 33, "Policy Loss": -1946.4290771484375, "Value Loss": 1997825.5, "Episode length": 999, "Episode reward": -536492.234977551}
