{"graph_0": {"_type": "graph-file", "path": "media/graph/graph_0_summary_72521fbf.graph.json", "sha256": "72521fbf1074e1fa0901f8a090733ff2cb88b3b62420dcffbb039492b8563186", "size": 691}, "Episode reward": -104.17430097171346, "Policy Loss": 0.09429628401994705, "Episode length": 999, "Value Loss": 0.16872136294841766, "_runtime": 166.16389918327332, "_step": 9, "_timestamp": 1585422890.4309402}
