{"graph_0": {"_type": "graph-file", "path": "media/graph/graph_0_summary_e34f4e9e.graph.json", "sha256": "e34f4e9e725a70f8f94781468c1e83cca7f10ba718b46a2a9c67d9eec17a4cc7", "size": 691}, "Policy Loss": 0.3101377785205841, "Value Loss": 19.90519142150879, "_runtime": 173.24403834342957, "_timestamp": 1585421602.208022, "Episode reward": 37.3041505202933, "_step": 99, "Episode length": 503, "gradients/fc.0.weight": {"_type": "histogram", "values": [1.0, 1.0, 0.0, 1.0, 0.0, 0.0, 2.0, 1.0, 0.0, 1.0, 1.0, 0.0, 0.0, 3.0, 1.0, 0.0, 0.0, 3.0, 1.0, 1.0, 33.0, 1.0, 0.0, 0.0, 1.0, 0.0, 0.0, 0.0, 0.0, 0.0, 0.0, 0.0, 0.0, 1.0, 1.0, 0.0, 1.0, 0.0, 0.0, 1.0, 0.0, 0.0, 1.0, 0.0, 0.0, 0.0, 1.0, 1.0, 0.0, 0.0, 0.0, 0.0, 1.0, 1.0, 0.0, 0.0, 0.0, 0.0, 1.0, 0.0, 0.0, 0.0, 0.0, 2.0], "bins": [-13.59260082244873, -12.932226181030273, -12.271852493286133, -11.611477851867676, -10.951103210449219, -10.290728569030762, -9.630353927612305, -8.969980239868164, -8.309605598449707, -7.64923095703125, -6.988856792449951, -6.328482627868652, -5.668107986450195, -5.007733345031738, -4.347359657287598, -3.6869850158691406, -3.0266103744506836, -2.3662357330322266, -1.7058610916137695, -1.045487403869629, -0.3851127624511719, 0.27526187896728516, 0.9356355667114258, 1.5960102081298828, 2.25638484954834, 2.9167585372924805, 3.577134132385254, 4.2375078201293945, 4.897881507873535, 5.558257102966309, 6.218630790710449, 6.879006385803223, 7.539380073547363, 8.199753761291504, 8.860129356384277, 9.520503044128418, 10.180878639221191, 10.841252326965332, 11.501626014709473, 12.162001609802246, 12.822375297546387, 13.482748985290527, 14.1431245803833, 14.803498268127441, 15.463871955871582, 16.124248504638672, 16.784622192382812, 17.444995880126953, 18.105369567871094, 18.765743255615234, 19.426116943359375, 20.08649444580078, 20.746868133544922, 21.407241821289062, 22.067615509033203, 22.727989196777344, 23.388362884521484, 24.04874038696289, 24.70911407470703, 25.369487762451172, 26.029861450195312, 26.690235137939453, 27.35061264038086, 28.010986328125, 28.67136001586914]}, "gradients/fc.0.bias": {"_type": "histogram", "values": [2.0, 0.0, 0.0, 0.0, 0.0, 1.0, 0.0, 0.0, 0.0, 0.0, 1.0, 1.0, 0.0, 0.0, 0.0, 0.0, 1.0, 1.0, 0.0, 0.0, 0.0, 1.0, 0.0, 0.0, 1.0, 0.0, 0.0, 1.0, 0.0, 1.0, 1.0, 0.0, 0.0, 0.0, 0.0, 0.0, 0.0, 0.0, 0.0, 1.0, 0.0, 0.0, 2.0, 0.0, 1.0, 1.0, 3.0, 0.0, 0.0, 1.0, 3.0, 0.0, 0.0, 1.0, 1.0, 0.0, 1.0, 2.0, 0.0, 0.0, 1.0, 0.0, 1.0, 1.0], "bins": [-54.479434967041016, -53.224273681640625, -51.969112396240234, -50.713951110839844, -49.45878982543945, -48.20362854003906, -46.94846725463867, -45.69330596923828, -44.43814468383789, -43.1829833984375, -41.92782211303711, -40.67266082763672, -39.41749572753906, -38.16233825683594, -36.90717315673828, -35.652015686035156, -34.3968505859375, -33.141693115234375, -31.88652992248535, -30.63136863708496, -29.37620735168457, -28.12104606628418, -26.86588478088379, -25.6107234954834, -24.355560302734375, -23.100399017333984, -21.845237731933594, -20.590076446533203, -19.334915161132812, -18.079753875732422, -16.82459259033203, -15.56943130493164, -14.31427001953125, -13.05910873413086, -11.803947448730469, -10.548786163330078, -9.293624877929688, -8.038463592529297, -6.783302307128906, -5.528141021728516, -4.272979736328125, -3.0178184509277344, -1.7626571655273438, -0.5074958801269531, 0.7476654052734375, 2.002826690673828, 3.2579879760742188, 4.513149261474609, 5.768314361572266, 7.023475646972656, 8.278636932373047, 9.533794403076172, 10.788959503173828, 12.044116973876953, 13.29928207397461, 14.554439544677734, 15.80960464477539, 17.064762115478516, 18.319927215576172, 19.575084686279297, 20.830249786376953, 22.085407257080078, 23.340572357177734, 24.59572982788086, 25.850894927978516]}, "gradients/fc.1.weight": {"_type": "histogram", "values": [1.0, 1.0, 1.0, 0.0, 1.0, 0.0, 1.0, 2.0, 0.0, 1.0, 2.0, 2.0, 1.0, 1.0, 1.0, 3.0, 4.0, 6.0, 4.0, 5.0, 3.0, 4.0, 7.0, 4.0, 7.0, 15.0, 14.0, 30.0, 26.0, 27.0, 35.0, 36.0, 48.0, 40.0, 35.0, 17.0, 20.0, 10.0, 11.0, 11.0, 9.0, 11.0, 9.0, 9.0, 3.0, 12.0, 7.0, 3.0, 5.0, 0.0, 1.0, 1.0, 0.0, 1.0, 0.0, 0.0, 1.0, 0.0, 0.0, 0.0, 0.0, 1.0, 1.0, 1.0], "bins": [-58.435909271240234, -56.6195068359375, -54.8031005859375, -52.986698150634766, -51.170291900634766, -49.35388946533203, -47.53748321533203, -45.7210807800293, -43.90467834472656, -42.08827209472656, -40.27186584472656, -38.45546340942383, -36.639060974121094, -34.822654724121094, -33.00625228881836, -31.189847946166992, -29.373443603515625, -27.557039260864258, -25.74063491821289, -23.924232482910156, -22.107826232910156, -20.291423797607422, -18.475017547607422, -16.658615112304688, -14.842212677001953, -13.025806427001953, -11.209403991699219, -9.392997741699219, -7.576595306396484, -5.760189056396484, -3.94378662109375, -2.12738037109375, -0.3109779357910156, 1.5054244995117188, 3.3218307495117188, 5.138233184814453, 6.954639434814453, 8.771045684814453, 10.587444305419922, 12.403850555419922, 14.220256805419922, 16.03665542602539, 17.85306167602539, 19.66946792602539, 21.48587417602539, 23.30227279663086, 25.11867904663086, 26.93508529663086, 28.751483917236328, 30.567890167236328, 32.38429641723633, 34.20070266723633, 36.0171012878418, 37.8335075378418, 39.6499137878418, 41.4663200378418, 43.282718658447266, 45.099124908447266, 46.915531158447266, 48.731929779052734, 50.548336029052734, 52.364742279052734, 54.181148529052734, 55.9975471496582, 57.8139533996582]}, "gradients/fc.2.weight": {"_type": "histogram", "values": [1.0, 0.0, 0.0, 1.0, 0.0, 0.0, 0.0, 0.0, 0.0, 0.0, 0.0, 0.0, 0.0, 0.0, 0.0, 0.0, 0.0, 0.0, 0.0, 0.0, 0.0, 0.0, 0.0, 1.0, 2.0, 0.0, 0.0, 0.0, 0.0, 0.0, 1.0, 0.0, 0.0, 0.0, 1.0, 0.0, 0.0, 0.0, 0.0, 0.0, 1.0, 0.0, 1.0, 0.0, 1.0, 1.0, 0.0, 0.0, 1.0, 2.0, 0.0, 0.0, 0.0, 0.0, 0.0, 0.0, 0.0, 0.0, 0.0, 0.0, 1.0, 0.0, 0.0, 1.0], "bins": [-122.31988525390625, -119.20545959472656, -116.0910415649414, -112.97661590576172, -109.86219787597656, -106.74777221679688, -103.63334655761719, -100.51892852783203, -97.40451049804688, -94.29008483886719, -91.1756591796875, -88.06124114990234, -84.94681549072266, -81.8323974609375, -78.71797180175781, -75.60354614257812, -72.48912811279297, -69.37471008300781, -66.26028442382812, -63.1458625793457, -60.03144073486328, -56.917015075683594, -53.80259704589844, -50.68817138671875, -47.57374572753906, -44.459327697753906, -41.34490203857422, -38.23048400878906, -35.116058349609375, -32.00164031982422, -28.88721466064453, -25.772796630859375, -22.658370971679688, -19.5439453125, -16.429527282714844, -13.315101623535156, -10.20068359375, -7.0862579345703125, -3.9718399047851562, -0.8574142456054688, 2.2570037841796875, 5.371429443359375, 8.485855102539062, 11.60028076171875, 14.714691162109375, 17.829116821289062, 20.94354248046875, 24.057968139648438, 27.172393798828125, 30.28680419921875, 33.40122985839844, 36.515655517578125, 39.63008117675781, 42.74449157714844, 45.858917236328125, 48.97334289550781, 52.0877685546875, 55.20219421386719, 58.31660461425781, 61.4310302734375, 64.54545593261719, 67.65988159179688, 70.7742919921875, 73.88871765136719, 77.00314331054688]}, "gradients/fc.1.bias": {"_type": "histogram", "values": [1.0, 0.0, 0.0, 0.0, 1.0, 0.0, 0.0, 0.0, 0.0, 1.0, 0.0, 0.0, 0.0, 0.0, 0.0, 0.0, 0.0, 0.0, 0.0, 0.0, 0.0, 1.0, 0.0, 0.0, 0.0, 0.0, 1.0, 1.0, 1.0, 0.0, 1.0, 0.0, 1.0, 0.0, 0.0, 0.0, 1.0, 0.0, 0.0, 0.0, 1.0, 2.0, 0.0, 0.0, 0.0, 0.0, 1.0, 1.0, 0.0, 0.0, 0.0, 0.0, 0.0, 0.0, 0.0, 0.0, 0.0, 0.0, 0.0, 0.0, 0.0, 0.0, 0.0, 1.0],