{"graph_0": {"_type": "graph-file", "path": "media/graph/graph_0_summary_6daea02b.graph.json", "sha256": "6daea02b3e7fb8c060b4307e353d55b2ffdf89b9b7f612c3e3b83f1f93b2d266", "size": 700}, "Episode length": 999, "Value Loss": 155.4637451171875, "_runtime": 42.695860147476196, "Episode reward": -99.90003020534975, "_timestamp": 1585508305.10076, "Policy Loss": -34.74289321899414, "_step": 20}
