{"graph_0": {"_type": "graph-file", "path": "media/graph/graph_0_summary_9e7b0d5e.graph.json", "sha256": "9e7b0d5e910c9f824adfd1e8c0c0550e4cf7f2f3fb58b75ce3c6befbbc5ff859", "size": 700}, "_runtime": 6078.124665975571, "Episode reward": -54.89203871640885, "Value Loss": 0.0017180328723043203, "Policy Loss": -0.007328952196985483, "_step": 499, "_timestamp": 1585515156.5453956, "Episode length": 999, "gradients/fc.0.bias": {"_type": "histogram", "values": [1.0, 0.0, 0.0, 1.0, 0.0, 1.0, 1.0, 1.0, 0.0, 0.0, 0.0, 0.0, 1.0, 1.0, 2.0, 0.0, 0.0, 0.0, 1.0, 0.0, 0.0, 0.0, 1.0, 0.0, 0.0, 1.0, 2.0, 1.0, 2.0, 1.0, 0.0, 0.0, 1.0, 1.0, 2.0, 3.0, 1.0, 0.0, 0.0, 0.0, 2.0, 1.0, 0.0, 0.0, 0.0, 0.0, 0.0, 0.0, 0.0, 0.0, 0.0, 0.0, 0.0, 0.0, 0.0, 0.0, 1.0, 0.0, 0.0, 0.0, 1.0, 0.0, 0.0, 1.0], "bins": [-3.4156785011291504, -3.29472017288208, -3.1737618446350098, -3.0528032779693604, -2.93184494972229, -2.8108866214752197, -2.6899280548095703, -2.5689697265625, -2.4480113983154297, -2.3270530700683594, -2.206094741821289, -2.0851361751556396, -1.9641778469085693, -1.843219518661499, -1.7222610712051392, -1.6013026237487793, -1.480344295501709, -1.3593859672546387, -1.2384276390075684, -1.117469072341919, -0.9965107440948486, -0.8755524158477783, -0.7545938491821289, -0.6336355209350586, -0.5126771926879883, -0.39171886444091797, -0.27076053619384766, -0.14980196952819824, -0.02884364128112793, 0.09211468696594238, 0.2130732536315918, 0.3340315818786621, 0.4549899101257324, 0.5759482383728027, 0.696906566619873, 0.8178648948669434, 0.9388232231140137, 1.0597820281982422, 1.1807403564453125, 1.3016986846923828, 1.4226570129394531, 1.5436153411865234, 1.6645736694335938, 1.785531997680664, 1.9064908027648926, 2.027449131011963, 2.148407459259033, 2.2693657875061035, 2.390324115753174, 2.511282444000244, 2.6322407722473145, 2.7531991004943848, 2.874157428741455, 2.9951162338256836, 3.116074562072754, 3.237032890319824, 3.3579912185668945, 3.478949546813965, 3.599907875061035, 3.7208662033081055, 3.841825008392334, 3.9627833366394043, 4.083741664886475, 4.204699993133545, 4.325658321380615]}, "gradients/fc.0.weight": {"_type": "histogram", "values": [1.0, 0.0, 0.0, 1.0, 0.0, 0.0, 0.0, 1.0, 0.0, 0.0, 0.0, 0.0, 0.0, 0.0, 0.0, 0.0, 0.0, 0.0, 0.0, 0.0, 0.0, 0.0, 1.0, 2.0, 0.0, 0.0, 0.0, 1.0, 4.0, 1.0, 2.0, 5.0, 3.0, 2.0, 2.0, 8.0, 5.0, 7.0, 4.0, 0.0, 0.0, 2.0, 2.0, 0.0, 0.0, 1.0, 0.0, 0.0, 0.0, 0.0, 3.0, 1.0, 0.0, 0.0, 0.0, 0.0, 1.0, 1.0, 1.0, 0.0, 1.0, 0.0, 0.0, 1.0], "bins": [-1.2094708681106567, -1.1756932735443115, -1.1419156789779663, -1.108138084411621, -1.0743604898452759, -1.0405828952789307, -1.0068053007125854, -0.973027765750885, -0.9392501711845398, -0.9054725766181946, -0.8716949820518494, -0.8379174470901489, -0.8041398525238037, -0.7703622579574585, -0.7365846633911133, -0.7028070688247681, -0.6690294742584229, -0.6352518796920776, -0.6014742851257324, -0.5676966905593872, -0.533919095993042, -0.5001415610313416, -0.46636396646499634, -0.4325863718986511, -0.3988087773323059, -0.3650311827659607, -0.3312535881996155, -0.29747599363327026, -0.2636984586715698, -0.2299208641052246, -0.1961432695388794, -0.16236567497253418, -0.12858808040618896, -0.09481048583984375, -0.061032891273498535, -0.02725529670715332, 0.0065222978591918945, 0.04029989242553711, 0.07407748699188232, 0.10785508155822754, 0.14163267612457275, 0.17541015148162842, 0.20918774604797363, 0.24296534061431885, 0.27674293518066406, 0.3105205297470093, 0.3442981243133545, 0.3780757188796997, 0.4118533134460449, 0.44563090801239014, 0.47940850257873535, 0.5131860971450806, 0.5469636917114258, 0.580741286277771, 0.6145188808441162, 0.6482964754104614, 0.6820739507675171, 0.7158515453338623, 0.7496291399002075, 0.7834067344665527, 0.817184329032898, 0.8509620428085327, 0.8847395181655884, 0.9185172319412231, 0.9522947072982788]}, "gradients/fc.1.weight": {"_type": "histogram", "values": [1.0, 0.0, 0.0, 0.0, 0.0, 0.0, 0.0, 1.0, 0.0, 0.0, 2.0, 0.0, 2.0, 1.0, 1.0, 2.0, 0.0, 2.0, 1.0, 3.0, 2.0, 3.0, 10.0, 16.0, 27.0, 28.0, 70.0, 231.0, 49.0, 11.0, 9.0, 6.0, 9.0, 4.0, 2.0, 2.0, 3.0, 5.0, 1.0, 0.0, 0.0, 0.0, 1.0, 0.0, 0.0, 1.0, 1.0, 1.0, 0.0, 0.0, 1.0, 0.0, 0.0, 0.0, 0.0, 0.0, 1.0, 0.0, 0.0, 0.0, 0.0, 1.0, 0.0, 1.0], "bins": [-1.9981740713119507, -1.9247205257415771, -1.8512670993804932, -1.7778135538101196, -1.7043601274490356, -1.630906581878662, -1.5574531555175781, -1.4839996099472046, -1.410546064376831, -1.337092638015747, -1.263639211654663, -1.1901856660842896, -1.116732120513916, -1.043278694152832, -0.9698251485824585, -0.8963717222213745, -0.822918176651001, -0.7494646310806274, -0.6760112047195435, -0.6025576591491699, -0.5291042327880859, -0.4556506872177124, -0.3821972608566284, -0.3087437152862549, -0.23529016971588135, -0.16183674335479736, -0.08838319778442383, -0.014929771423339844, 0.05852377414703369, 0.13197720050811768, 0.20543062686920166, 0.27888429164886475, 0.35233771800994873, 0.4257911443710327, 0.4992448091506958, 0.5726982355117798, 0.6461516618728638, 0.7196050882339478, 0.7930587530136108, 0.8665121793746948, 0.9399656057357788, 1.013419270515442, 1.0868726968765259, 1.1603261232376099, 1.2337795495986938, 1.307233214378357, 1.380686640739441, 1.454140067100525, 1.527593731880188, 1.601047158241272, 1.674500584602356, 1.74795401096344, 1.821407675743103, 1.894861102104187, 1.968314528465271, 2.0417680740356445, 2.1152215003967285, 2.1886749267578125, 2.2621283531188965, 2.3355817794799805, 2.4090352058410645, 2.4824891090393066, 2.5559425354003906, 2.6293959617614746, 2.7028493881225586]}, "gradients/fc.2.weight": {"_type": "histogram", "values": [1.0, 1.0, 0.0, 0.0, 0.0, 0.0, 0.0, 0.0, 0.0, 0.0, 0.0, 0.0, 0.0, 0.0, 0.0, 1.0, 0.0, 0.0, 0.0, 0.0, 0.0, 0.0, 0.0, 0.0, 0.0, 0.0, 0.0, 0.0, 0.0, 0.0, 0.0, 0.0, 0.0, 0.0, 0.0, 0.0, 0.0, 0.0, 0.0, 1.0, 0.0, 0.0, 0.0, 0.0, 0.0, 0.0, 0.0, 0.0, 1.0, 0.0, 0.0, 2.0, 0.0, 0.0, 0.0, 1.0, 0.0, 0.0, 1.0, 0.0, 2.0, 2.0, 0.0, 3.0], "bins": [-7.117430686950684, -6.972410678863525, -6.827390670776367, -6.682371139526367, -6.537351131439209, -6.392331123352051, -6.247311115264893, -6.102291107177734, -5.957271575927734, -5.812251567840576, -5.667231559753418, -5.52221155166626, -5.377191543579102, -5.232172012329102, -5.087151527404785, -4.942131996154785, -4.797111988067627, -4.652091979980469, -4.507072448730469, -4.362051963806152, -4.217032432556152, -4.072012424468994, -3.926992416381836, -3.781972646713257, -3.6369526386260986, -3.4919326305389404, -3.3469128608703613, -3.201892852783203, -3.056872844696045, -2.9118528366088867, -2.7668333053588867, -2.6218132972717285, -2.4767932891845703, -2.331773281097412, -2.186753273010254, -2.041733741760254, -1.8967137336730957, -1.7516937255859375, -1.6066737174987793, -1.461653709411621, -1.316634178161621, -1.171614170074463, -1.0265941619873047, -0.8815741539001465, -0.7365541458129883, -0.5915341377258301, -0.4465146064758301, -0.3014945983886719, -0.15647459030151367, -0.011454582214355469, 0.13356542587280273, 0.27858495712280273, 0.42360496520996094, 0.5686249732971191, 0.7136449813842773, 0.8586649894714355, 1.0036849975585938, 1.1487045288085938, 1.2937250137329102, 1.4387445449829102, 1.5837640762329102, 1.7287845611572266, 1.8738040924072266, 2.018824577331543, 2.163844108581543]}, "gradients/fc.2.bias": {"_type": "histogram", "values": [0.0, 0.0, 0.0, 0.0, 0.0, 0.0, 0.0, 0.0, 0.0, 0.0, 0.0, 0.0, 0.0, 0.0, 0.0, 0.0, 0.0, 0.0, 0.0, 0.0, 0.0, 0.0, 0.0, 0.0, 0.0, 0.0, 0.0, 0.0, 0.0, 0.0, 0.0, 0.0, 1.0, 0.0, 0.0, 0.0, 0.0, 0.0, 0.0, 0.0, 0.0, 0.0, 0.0, 0.0, 0.0, 0.0, 0.0, 0.0, 0.0, 0.0, 0.0, 0.0, 0.0, 0.0, 0.0, 0.0, 0.0, 0.0, 0.0, 0.0, 0.0, 0.0, 0.0, 0.0],