{"graph_0": {"_type": "graph-file", "path": "media/graph/graph_0_summary_22ae91ee.graph.json", "sha256": "22ae91eec6881c242a128bf17c87d119d11f52099f5fb914fa935ba9b1abb00e", "size": 700}, "_runtime": 3598.513708591461, "Episode reward": -99.71917711812863, "Value Loss": 0.47024399042129517, "Policy Loss": 0.9108572602272034, "_step": 499, "_timestamp": 1585512676.9344382, "Episode length": 999, "gradients/fc.0.bias": {"_type": "histogram", "values": [1.0, 0.0, 0.0, 0.0, 0.0, 0.0, 0.0, 0.0, 0.0, 0.0, 0.0, 0.0, 0.0, 1.0, 0.0, 1.0, 1.0, 1.0, 0.0, 0.0, 1.0, 0.0, 1.0, 1.0, 0.0, 0.0, 2.0, 1.0, 4.0, 1.0, 1.0, 0.0, 1.0, 2.0, 2.0, 1.0, 1.0, 0.0, 0.0, 1.0, 0.0, 1.0, 0.0, 0.0, 0.0, 0.0, 2.0, 0.0, 0.0, 0.0, 0.0, 0.0, 1.0, 0.0, 1.0, 1.0, 0.0, 0.0, 0.0, 0.0, 0.0, 0.0, 0.0, 1.0], "bins": [-2.505542278289795, -2.4159722328186035, -2.326402187347412, -2.2368321418762207, -2.1472623348236084, -2.057692289352417, -1.9681222438812256, -1.8785521984100342, -1.7889821529388428, -1.699412226676941, -1.6098421812057495, -1.5202722549438477, -1.4307022094726562, -1.3411321640014648, -1.2515621185302734, -1.1619921922683716, -1.0724221467971802, -0.9828521013259888, -0.8932821750640869, -0.8037121295928955, -0.7141420841217041, -0.6245721578598022, -0.5350021123886108, -0.445432186126709, -0.3558621406555176, -0.26629209518432617, -0.17672204971313477, -0.08715200424194336, 0.002418041229248047, 0.09198784828186035, 0.18155789375305176, 0.27112793922424316, 0.36069798469543457, 0.450268030166626, 0.5398380756378174, 0.6294081211090088, 0.7189779281616211, 0.8085479736328125, 0.8981180191040039, 0.9876880645751953, 1.0772581100463867, 1.1668281555175781, 1.2563979625701904, 1.3459680080413818, 1.4355380535125732, 1.5251078605651855, 1.614677906036377, 1.7042479515075684, 1.7938179969787598, 1.8833880424499512, 1.9729580879211426, 2.062528133392334, 2.1520981788635254, 2.241668224334717, 2.331238269805908, 2.4208083152770996, 2.510378360748291, 2.5999484062194824, 2.6895179748535156, 2.779088020324707, 2.8686580657958984, 2.95822811126709, 3.0477981567382812, 3.1373682022094727, 3.226938247680664]}, "gradients/fc.0.weight": {"_type": "histogram", "values": [1.0, 0.0, 0.0, 0.0, 0.0, 0.0, 0.0, 0.0, 0.0, 0.0, 1.0, 0.0, 0.0, 0.0, 1.0, 0.0, 0.0, 0.0, 1.0, 1.0, 0.0, 0.0, 1.0, 1.0, 0.0, 0.0, 0.0, 1.0, 3.0, 3.0, 0.0, 0.0, 4.0, 1.0, 5.0, 1.0, 2.0, 4.0, 6.0, 7.0, 5.0, 6.0, 1.0, 1.0, 0.0, 3.0, 0.0, 0.0, 2.0, 0.0, 0.0, 0.0, 0.0, 1.0, 0.0, 0.0, 0.0, 0.0, 0.0, 0.0, 0.0, 0.0, 0.0, 1.0], "bins": [-2.572600841522217, -2.505446672439575, -2.4382925033569336, -2.371138334274292, -2.3039841651916504, -2.236829996109009, -2.169675827026367, -2.1025216579437256, -2.035367488861084, -1.9682133197784424, -1.9010591506958008, -1.8339049816131592, -1.7667508125305176, -1.699596643447876, -1.6324424743652344, -1.5652883052825928, -1.4981341361999512, -1.4309799671173096, -1.363825798034668, -1.2966716289520264, -1.2295174598693848, -1.1623632907867432, -1.0952091217041016, -1.02805495262146, -0.9609007835388184, -0.8937466144561768, -0.8265924453735352, -0.7594382762908936, -0.692284107208252, -0.6251299381256104, -0.5579757690429688, -0.49082159996032715, -0.42366743087768555, -0.35651326179504395, -0.28935909271240234, -0.22220492362976074, -0.15505075454711914, -0.08789658546447754, -0.020742416381835938, 0.046411752700805664, 0.11356592178344727, 0.18072009086608887, 0.24787425994873047, 0.31502842903137207, 0.38218259811401367, 0.4493367671966553, 0.5164909362792969, 0.5836451053619385, 0.6507992744445801, 0.7179534435272217, 0.7851076126098633, 0.8522617816925049, 0.9194159507751465, 0.9865701198577881, 1.0537242889404297, 1.1208784580230713, 1.188032627105713, 1.2551867961883545, 1.322340965270996, 1.3894951343536377, 1.4566493034362793, 1.5238032341003418, 1.5909576416015625, 1.6581120491027832, 1.7252659797668457]}, "gradients/fc.1.weight": {"_type": "histogram", "values": [1.0, 0.0, 1.0, 0.0, 0.0, 0.0, 0.0, 2.0, 0.0, 1.0, 0.0, 1.0, 1.0, 2.0, 1.0, 2.0, 0.0, 3.0, 0.0, 4.0, 2.0, 5.0, 5.0, 10.0, 10.0, 10.0, 13.0, 25.0, 296.0, 39.0, 22.0, 18.0, 11.0, 4.0, 3.0, 3.0, 3.0, 1.0, 3.0, 0.0, 3.0, 0.0, 1.0, 0.0, 1.0, 0.0, 1.0, 1.0, 0.0, 0.0, 1.0, 0.0, 0.0, 0.0, 1.0, 0.0, 0.0, 0.0, 0.0, 0.0, 0.0, 0.0, 0.0, 1.0], "bins": [-4.450235843658447, -4.295451641082764, -4.140666961669922, -3.9858827590942383, -3.8310985565185547, -3.676314353942871, -3.5215299129486084, -3.3667454719543457, -3.211961269378662, -3.0571770668029785, -2.902392625808716, -2.747608184814453, -2.5928239822387695, -2.438039779663086, -2.2832553386688232, -2.1284708976745605, -1.973686695098877, -1.8189024925231934, -1.6641180515289307, -1.509333610534668, -1.3545494079589844, -1.1997652053833008, -1.044980764389038, -0.8901963233947754, -0.7354121208190918, -0.5806279182434082, -0.4258437156677246, -0.2710590362548828, -0.11627483367919922, 0.038509368896484375, 0.19329404830932617, 0.34807825088500977, 0.5028624534606934, 0.657646656036377, 0.8124308586120605, 0.9672155380249023, 1.121999740600586, 1.2767839431762695, 1.4315686225891113, 1.586352825164795, 1.7411370277404785, 1.895921230316162, 2.0507054328918457, 2.2054901123046875, 2.360274314880371, 2.5150585174560547, 2.6698431968688965, 2.82462739944458, 2.9794116020202637, 3.1341958045959473, 3.288980007171631, 3.4437646865844727, 3.598548412322998, 3.753333568572998, 3.9081177711486816, 4.062901973724365, 4.217686176300049, 4.372470378875732, 4.527254581451416, 4.6820387840271, 4.8368239402771, 4.991608142852783, 5.146392345428467, 5.30117654800415, 5.455960750579834]}, "gradients/fc.2.weight": {"_type": "histogram", "values": [7.0, 0.0, 1.0, 0.0, 0.0, 0.0, 0.0, 0.0, 0.0, 0.0, 1.0, 0.0, 0.0, 0.0, 0.0, 0.0, 0.0, 0.0, 0.0, 1.0, 0.0, 0.0, 0.0, 0.0, 0.0, 2.0, 0.0, 0.0, 0.0, 0.0, 0.0, 0.0, 0.0, 0.0, 0.0, 1.0, 0.0, 0.0, 0.0, 0.0, 0.0, 0.0, 0.0, 0.0, 0.0, 0.0, 0.0, 0.0, 1.0, 0.0, 0.0, 0.0, 0.0, 0.0, 0.0, 0.0, 0.0, 0.0, 0.0, 0.0, 0.0, 0.0, 0.0, 2.0], "bins": [-0.14052526652812958, 0.24455000460147858, 0.6296252608299255, 1.0147005319595337, 1.3997758626937866, 1.7848511934280396, 2.169926166534424, 2.5550014972686768, 2.9400768280029297, 3.3251521587371826, 3.7102274894714355, 4.095302581787109, 4.480377674102783, 4.865453243255615, 5.250528335571289, 5.635603904724121, 6.020678997039795, 6.405754089355469, 6.790829658508301, 7.175904750823975, 7.560980319976807, 7.946054935455322, 8.331130981445312, 8.716206550598145, 9.10128116607666, 9.486356735229492, 9.871432304382324, 10.256507873535156, 10.641582489013672, 11.026658058166504, 11.411733627319336, 11.796808242797852, 12.181883811950684, 12.566959381103516, 12.952033996582031, 13.337109565734863, 13.722185134887695, 14.107259750366211, 14.492335319519043, 14.877410888671875, 15.262486457824707, 15.647561073303223, 16.032634735107422, 16.41771125793457, 16.802785873413086, 17.1878604888916, 17.57293701171875, 17.958011627197266, 18.34308624267578, 18.72816276550293, 19.113237380981445, 19.498313903808594, 19.88338851928711, 20.268463134765625, 20.653539657592773, 21.03861427307129, 21.423688888549805, 21.808765411376953, 22.19384002685547, 22.578914642333984, 22.963991165161133, 23.34906578063965, 23.734140396118164, 24.119216918945312, 24.504291534423828]}, "gradients/fc.2.bias": {"_type": "histogram", "values": [0.0, 0.0, 0.0, 0.0, 0.0, 0.0, 0.0, 0.0, 0.0, 0.0, 0.0, 0.0, 0.0, 0.0, 0.0, 0.0, 0.0, 0.0, 0.0, 0.0, 0.0, 0.0, 0.0, 0.0, 0.0, 0.0, 0.0, 0.0, 0.0, 0.0, 0.0, 0.0, 1.0, 0.0, 0.0, 0.0, 0.0, 0.0, 0.0, 0.0, 0.0, 0.0, 0.0, 0.0, 0.0, 0.0, 0.0, 0.0, 0.0, 0.0, 0.0, 0.0, 0.0, 0.0, 0.0, 0.0, 0.0, 0.0, 0.0, 0.0, 0.0, 0.0, 0.0, 0.0],