{"graph_0": {"_type": "graph-file", "path": "media/graph/graph_0_summary_76864923.graph.json", "sha256": "76864923dc4e80c1b3a79ccd140a4b84072ef6e3d91a0e36fb3dadfe68f0fd24", "size": 700}, "_step": 15, "Value Loss": 0.025902034714818, "Episode reward": -99.89998442898745, "Policy Loss": -1.6273146867752075, "_runtime": 40.087910652160645, "Episode length": 999, "_timestamp": 1585507014.3361073}
