{"graph_0": {"_type": "graph-file", "path": "media/graph/graph_0_summary_fd79e70d.graph.json", "sha256": "fd79e70db178f70058742ca32a618180e554bbba26c4e7ef981821cea86f2942", "size": 691}, "_timestamp": 1585423523.158321, "Episode reward": -195.97591382878792, "Policy Loss": -0.7783114314079285, "_step": 9, "Episode length": 999, "_runtime": 357.2116918563843, "Value Loss": 56.79872512817383}
