{"graph_0": {"_type": "graph-file", "path": "media/graph/graph_0_summary_714e679a.graph.json", "sha256": "714e679a541d15e4bfb1fda98161705ab486744a2a33d0121bb506292ecdc6c8", "size": 691}, "Policy Loss": -12.318282127380371, "_runtime": 573.3251209259033, "_timestamp": 1585080006.414367, "Episode length": 999, "Value Loss": 0.02781064063310623, "_step": 499, "Episode reward": -97.71865014908168, "gradients/fc.0.bias": {"_type": "histogram", "values": [1.0, 1.0, 0.0, 0.0, 0.0, 0.0, 0.0, 0.0, 0.0, 1.0, 1.0, 0.0, 0.0, 2.0, 0.0, 0.0, 0.0, 0.0, 1.0, 0.0, 2.0, 0.0, 0.0, 0.0, 0.0, 0.0, 1.0, 1.0, 0.0, 1.0, 0.0, 0.0, 0.0, 0.0, 0.0, 0.0, 0.0, 1.0, 0.0, 2.0, 1.0, 1.0, 0.0, 0.0, 1.0, 2.0, 1.0, 1.0, 1.0, 0.0, 0.0, 1.0, 3.0, 0.0, 0.0, 0.0, 0.0, 0.0, 2.0, 1.0, 0.0, 0.0, 1.0, 1.0], "bins": [-117.52721405029297, -114.70191192626953, -111.87661743164062, -109.05131530761719, -106.22601318359375, -103.40071105957031, -100.57540893554688, -97.75011444091797, -94.92481231689453, -92.0995101928711, -89.27421569824219, -86.44891357421875, -83.62361145019531, -80.79830932617188, -77.97300720214844, -75.14771270751953, -72.3224105834961, -69.49710845947266, -66.67181396484375, -63.84651184082031, -61.021209716796875, -58.19590759277344, -55.370609283447266, -52.545310974121094, -49.720008850097656, -46.89470672607422, -44.06940460205078, -41.244110107421875, -38.41880798339844, -35.593505859375, -32.768211364746094, -29.942909240722656, -27.11760711669922, -24.29230499267578, -21.467002868652344, -18.641708374023438, -15.81640625, -12.991104125976562, -10.165809631347656, -7.340507507324219, -4.515205383300781, -1.6899032592773438, 1.1353988647460938, 3.960693359375, 6.7859954833984375, 9.611297607421875, 12.436592102050781, 15.261894226074219, 18.087196350097656, 20.912498474121094, 23.73780059814453, 26.56310272216797, 29.388404846191406, 32.21369171142578, 35.03899383544922, 37.864295959472656, 40.689598083496094, 43.51490020751953, 46.34020233154297, 49.165504455566406, 51.99079132080078, 54.81609344482422, 57.641395568847656, 60.466697692871094, 63.29199981689453]}, "gradients/fc.1.weight": {"_type": "histogram", "values": [1.0, 2.0, 0.0, 0.0, 1.0, 2.0, 0.0, 1.0, 0.0, 1.0, 2.0, 2.0, 3.0, 2.0, 5.0, 6.0, 3.0, 4.0, 2.0, 7.0, 6.0, 5.0, 9.0, 14.0, 12.0, 32.0, 27.0, 24.0, 37.0, 43.0, 44.0, 45.0, 26.0, 19.0, 19.0, 11.0, 11.0, 11.0, 12.0, 14.0, 6.0, 7.0, 7.0, 6.0, 7.0, 5.0, 1.0, 0.0, 2.0, 0.0, 1.0, 0.0, 1.0, 0.0, 0.0, 0.0, 1.0, 0.0, 0.0, 0.0, 0.0, 0.0, 2.0, 1.0], "bins": [-127.46267700195312, -123.22895050048828, -118.99523162841797, -114.76150512695312, -110.52778625488281, -106.29405975341797, -102.06033325195312, -97.82661437988281, -93.59288787841797, -89.35916137695312, -85.12544250488281, -80.89171600341797, -76.65798950195312, -72.42427062988281, -68.19054412841797, -63.95682144165039, -59.72309875488281, -55.48937225341797, -51.255653381347656, -47.02192687988281, -42.7882080078125, -38.554481506347656, -34.32075500488281, -30.0870361328125, -25.853309631347656, -21.619583129882812, -17.3858642578125, -13.152137756347656, -8.918411254882812, -4.6846923828125, -0.45096588134765625, 3.7827606201171875, 8.0164794921875, 12.250198364257812, 16.483932495117188, 20.7176513671875, 24.951370239257812, 29.185104370117188, 33.4188232421875, 37.65254211425781, 41.886260986328125, 46.1199951171875, 50.35371398925781, 54.587432861328125, 58.8211669921875, 63.05488586425781, 67.28860473632812, 71.5223388671875, 75.75605773925781, 79.98977661132812, 84.2235107421875, 88.45722961425781, 92.69094848632812, 96.9246826171875, 101.15840148925781, 105.39212036132812, 109.6258544921875, 113.85957336425781, 118.09329223632812, 122.32701110839844, 126.56074523925781, 130.79446411132812, 135.0281982421875, 139.26190185546875, 143.49563598632812]}, "gradients/fc.2.bias": {"_type": "histogram", "values": [0.0, 0.0, 0.0, 0.0, 0.0, 0.0, 0.0, 0.0, 0.0, 0.0, 0.0, 0.0, 0.0, 0.0, 0.0, 0.0, 0.0, 0.0, 0.0, 0.0, 0.0, 0.0, 0.0, 0.0, 0.0, 0.0, 0.0, 0.0, 0.0, 0.0, 0.0, 0.0, 1.0, 0.0, 0.0, 0.0, 0.0, 0.0, 0.0, 0.0, 0.0, 0.0, 0.0, 0.0, 0.0, 0.0, 0.0, 0.0, 0.0, 0.0, 0.0, 0.0, 0.0, 0.0, 0.0, 0.0, 0.0, 0.0, 0.0, 0.0, 0.0, 0.0, 0.0, 0.0], "bins": [-302.3179626464844, -302.3179626464844, -302.3179626464844, -302.3179626464844, -302.3179626464844, -302.3179626464844, -302.3179626464844, -302.3179626464844, -302.3179626464844, -302.3179626464844, -302.3179626464844, -302.3179626464844, -302.3179626464844, -302.3179626464844, -302.3179626464844, -302.3179626464844, -302.3179626464844, -302.3179626464844, -302.3179626464844, -302.3179626464844, -302.3179626464844, -302.3179626464844, -302.3179626464844, -302.3179626464844, -302.3179626464844, -302.3179626464844, -302.3179626464844, -302.3179626464844, -302.3179626464844, -302.3179626464844, -302.3179626464844, -302.3179626464844, -302.3179626464844, -302.3179626464844, -302.3179626464844, -302.3179626464844, -302.3179626464844, -302.3179626464844, -302.3179626464844, -302.3179626464844, -302.3179626464844, -302.3179626464844, -302.3179626464844, -302.3179626464844, -302.3179626464844, -302.3179626464844, -302.3179626464844, -302.3179626464844, -302.3179626464844, -302.3179626464844, -302.3179626464844, -302.3179626464844, -302.3179626464844, -302.3179626464844, -302.3179626464844, -302.3179626464844, -302.3179626464844, -302.3179626464844, -302.3179626464844, -302.3179626464844, -302.3179626464844, -302.3179626464844, -302.3179626464844, -302.3179626464844, -302.3179626464844]}, "gradients/fc.2.weight": {"_type": "histogram", "values": [1.0, 0.0, 0.0, 0.0, 1.0, 0.0, 0.0, 0.0, 0.0, 0.0, 0.0, 0.0, 0.0, 0.0, 0.0, 0.0, 0.0, 0.0, 0.0, 0.0, 0.0, 1.0, 0.0, 0.0, 0.0, 0.0, 1.0, 0.0, 0.0, 2.0, 0.0, 0.0, 0.0, 0.0, 0.0, 0.0, 0.0, 0.0, 0.0, 1.0, 2.0, 0.0, 0.0, 1.0, 0.0, 1.0, 0.0, 1.0, 0.0, 0.0, 0.0, 1.0, 0.0, 0.0, 1.0, 0.0, 0.0, 0.0, 0.0, 0.0, 0.0, 0.0, 1.0, 1.0], "bins": [-275.3421630859375, -268.53875732421875, -261.7353515625, -254.9319305419922, -248.12852478027344, -241.3251190185547, -234.52169799804688, -227.71829223632812, -220.91488647460938, -214.11148071289062, -207.30807495117188, -200.50465393066406, -193.7012481689453, -186.89784240722656, -180.09442138671875, -173.291015625, -166.48760986328125, -159.6842041015625, -152.88079833984375, -146.07737731933594, -139.2739715576172, -132.47056579589844, -125.66714477539062, -118.86373901367188, -112.06033325195312, -105.25692749023438, -98.45352172851562, -91.65010070800781, -84.84669494628906, -78.04328918457031, -71.2398681640625, -64.43646240234375, -57.633056640625, -50.82965087890625, -44.0262451171875, -37.22282409667969, -30.419418334960938, -23.616012573242188, -16.812591552734375, -10.009185791015625, -3.205780029296875, 3.597625732421875, 10.401031494140625, 17.204437255859375, 24.00787353515625, 30.811279296875, 37.61468505859375, 44.4180908203125, 51.22149658203125, 58.02490234375, 64.82830810546875, 71.6317138671875, 78.43511962890625, 85.23855590820312, 92.04196166992188, 98.84536743164062, 105.64877319335938, 112.45217895507812, 119.25558471679688, 126.05899047851562, 132.8624267578125, 139.66583251953125, 146.46923828125, 153.27264404296875, 160.0760498046875]}, "gradients/fc.0.weight": {"_type": "histogram", "values": [1.0, 1.0, 0.0, 0.0, 1.0, 2.0, 0.0, 0.0, 0.0, 0.0, 0.0, 3.0, 1.0, 0.0, 0.0, 1.0, 1.0, 1.0, 2.0, 1.0, 0.0, 11.0, 23.0, 0.0, 2.0, 1.0, 0.0, 0.0, 0.0, 0.0, 0.0, 0.0, 0.0, 1.0, 0.0, 0.0, 1.0, 1.0, 0.0, 0.0, 0.0, 0.0, 0.0, 2.0, 0.0, 1.0, 0.0, 0.0, 0.0, 0.0, 2.0, 0.0, 0.0, 1.0, 1.0, 0.0, 0.0, 0.0, 0.0, 0.0, 0.0, 0.0, 1.0, 1.0],