{"graph_0": {"_type": "graph-file", "path": "media/graph/graph_0_summary_2266da05.graph.json", "sha256": "2266da053b458d8e2778d566f08812bf808f07c11ef519237b5f5e41cec599ea", "size": 700}, "_runtime": 17076.397328853607, "Value Loss": 18.39182472229004, "Episode length": 543, "_timestamp": 1585586992.2419622, "Episode reward": 47.17210292743521, "_step": 499, "Policy Loss": 0.343974769115448, "gradients/fc.2.weight": {"_type": "histogram", "values": [6.0, 0.0, 0.0, 0.0, 0.0, 0.0, 0.0, 0.0, 0.0, 0.0, 0.0, 0.0, 0.0, 0.0, 0.0, 0.0, 0.0, 0.0, 1.0, 0.0, 0.0, 0.0, 1.0, 0.0, 0.0, 0.0, 0.0, 0.0, 0.0, 0.0, 0.0, 0.0, 0.0, 0.0, 0.0, 0.0, 0.0, 0.0, 0.0, 0.0, 0.0, 0.0, 0.0, 0.0, 0.0, 0.0, 0.0, 0.0, 0.0, 0.0, 0.0, 0.0, 1.0, 0.0, 0.0, 2.0, 0.0, 1.0, 2.0, 0.0, 0.0, 0.0, 0.0, 2.0], "bins": [-8.945880889892578, -6.97552490234375, -5.00516939163208, -3.03481388092041, -1.064457893371582, 0.9058980941772461, 2.876253128051758, 4.846609115600586, 6.816965103149414, 8.787321090698242, 10.75767707824707, 12.728033065795898, 14.698387145996094, 16.668743133544922, 18.63909912109375, 20.609455108642578, 22.579811096191406, 24.550167083740234, 26.520523071289062, 28.49087905883789, 30.46123504638672, 32.43159103393555, 34.401947021484375, 36.3723030090332, 38.342655181884766, 40.313011169433594, 42.28336715698242, 44.25372314453125, 46.22407913208008, 48.194435119628906, 50.164791107177734, 52.13514709472656, 54.10550308227539, 56.07585525512695, 58.04621505737305, 60.01656723022461, 61.9869270324707, 63.957279205322266, 65.92764282226562, 67.89799499511719, 69.86834716796875, 71.83869934082031, 73.80906677246094, 75.7794189453125, 77.74977111816406, 79.72012329101562, 81.69049072265625, 83.66084289550781, 85.63119506835938, 87.60154724121094, 89.5718994140625, 91.54226684570312, 93.51261901855469, 95.48297119140625, 97.45332336425781, 99.42369079589844, 101.39404296875, 103.36439514160156, 105.33474731445312, 107.30511474609375, 109.27546691894531, 111.24581909179688, 113.21617126464844, 115.18653869628906, 117.15689086914062]}, "gradients/fc.0.weight": {"_type": "histogram", "values": [1.0, 0.0, 1.0, 0.0, 2.0, 0.0, 1.0, 0.0, 1.0, 2.0, 0.0, 0.0, 1.0, 0.0, 2.0, 1.0, 1.0, 0.0, 0.0, 0.0, 0.0, 0.0, 0.0, 2.0, 0.0, 0.0, 3.0, 7.0, 5.0, 9.0, 6.0, 0.0, 3.0, 0.0, 1.0, 1.0, 4.0, 4.0, 1.0, 1.0, 0.0, 0.0, 0.0, 0.0, 0.0, 0.0, 0.0, 1.0, 0.0, 0.0, 0.0, 0.0, 0.0, 0.0, 0.0, 0.0, 0.0, 0.0, 0.0, 0.0, 1.0, 1.0, 0.0, 1.0], "bins": [-6.157309055328369, -5.946826934814453, -5.736344814300537, -5.525862693786621, -5.315380096435547, -5.104897975921631, -4.894415855407715, -4.683933734893799, -4.473451614379883, -4.262969017028809, -4.052487373352051, -3.8420050144195557, -3.6315226554870605, -3.4210405349731445, -3.2105584144592285, -3.0000760555267334, -2.7895939350128174, -2.5791118144989014, -2.3686294555664062, -2.1581473350524902, -1.9476652145385742, -1.7371830940246582, -1.5267009735107422, -1.316218376159668, -1.105736255645752, -0.8952541351318359, -0.6847720146179199, -0.4742898941040039, -0.2638077735900879, -0.05332517623901367, 0.15715694427490234, 0.36763906478881836, 0.5781211853027344, 0.7886033058166504, 0.9990854263305664, 1.2095675468444824, 1.4200501441955566, 1.6305322647094727, 1.8410143852233887, 2.051496982574463, 2.2619786262512207, 2.472461223602295, 2.6829428672790527, 2.893425464630127, 3.1039071083068848, 3.314389705657959, 3.524872303009033, 3.735353946685791, 3.9458365440368652, 4.156318187713623, 4.366800785064697, 4.577282428741455, 4.787765026092529, 4.9982476234436035, 5.208729267120361, 5.4192118644714355, 5.629693508148193, 5.840176105499268, 6.050658702850342, 6.2611403465271, 6.471622943878174, 6.682104587554932, 6.892587184906006, 7.103068828582764, 7.313551425933838]}, "gradients/fc.1.bias": {"_type": "histogram", "values": [2.0, 0.0, 0.0, 0.0, 0.0, 1.0, 0.0, 0.0, 0.0, 0.0, 0.0, 0.0, 1.0, 0.0, 0.0, 6.0, 0.0, 0.0, 0.0, 0.0, 0.0, 0.0, 0.0, 1.0, 0.0, 0.0, 0.0, 0.0, 0.0, 0.0, 0.0, 0.0, 0.0, 0.0, 1.0, 0.0, 0.0, 0.0, 1.0, 0.0, 0.0, 0.0, 0.0, 0.0, 0.0, 0.0, 0.0, 0.0, 0.0, 0.0, 0.0, 0.0, 0.0, 0.0, 0.0, 1.0, 1.0, 0.0, 0.0, 0.0, 0.0, 0.0, 0.0, 1.0], "bins": [-2.005401134490967, -1.8721721172332764, -1.738943099975586, -1.605713963508606, -1.4724849462509155, -1.339255928993225, -1.2060267925262451, -1.0727977752685547, -0.9395687580108643, -0.8063397407531738, -0.6731107234954834, -0.5398815870285034, -0.406652569770813, -0.27342355251312256, -0.14019441604614258, -0.0069653987884521484, 0.12626361846923828, 0.2594926357269287, 0.39272165298461914, 0.5259506702423096, 0.6591796875, 0.7924089431762695, 0.92563796043396, 1.0588669776916504, 1.1920959949493408, 1.3253250122070312, 1.4585540294647217, 1.591783046722412, 1.7250123023986816, 1.858241319656372, 1.9914703369140625, 2.124699115753174, 2.2579283714294434, 2.391157627105713, 2.524386405944824, 2.6576156616210938, 2.790844440460205, 2.9240736961364746, 3.057302474975586, 3.1905317306518555, 3.323760509490967, 3.4569897651672363, 3.590219020843506, 3.723447799682617, 3.8566770553588867, 3.989905834197998, 4.123135089874268, 4.256363868713379, 4.389593124389648, 4.522822380065918, 4.656051158905029, 4.789280414581299, 4.92250919342041, 5.05573844909668, 5.188967227935791, 5.3221964836120605, 5.45542573928833, 5.588654518127441, 5.721883773803711, 5.855112552642822, 5.988341808319092, 6.121571063995361, 6.2547993659973145, 6.388028621673584, 6.5212578773498535]}, "gradients/fc.1.weight": {"_type": "histogram", "values": [2.0, 1.0, 2.0, 4.0, 6.0, 5.0, 5.0, 8.0, 7.0, 7.0, 4.0, 7.0, 12.0, 18.0, 11.0, 16.0, 11.0, 12.0, 10.0, 12.0, 192.0, 16.0, 6.0, 13.0, 20.0, 13.0, 12.0, 6.0, 4.0, 3.0, 5.0, 5.0, 6.0, 1.0, 6.0, 2.0, 2.0, 4.0, 2.0, 6.0, 2.0, 3.0, 6.0, 1.0, 2.0, 2.0, 2.0, 0.0, 1.0, 0.0, 1.0, 1.0, 0.0, 2.0, 0.0, 0.0, 3.0, 0.0, 0.0, 1.0, 0.0, 0.0, 0.0, 1.0], "bins": [-5.290658473968506, -5.0331621170043945, -4.775665760040283, -4.518169403076172, -4.2606730461120605, -4.003176689147949, -3.745680570602417, -3.4881842136383057, -3.2306878566741943, -2.973191499710083, -2.7156951427459717, -2.4581987857818604, -2.200702667236328, -1.9432063102722168, -1.6857099533081055, -1.4282135963439941, -1.1707172393798828, -0.9132208824157715, -0.6557245254516602, -0.39822816848754883, -0.1407318115234375, 0.11676454544067383, 0.37426090240478516, 0.6317572593688965, 0.8892531394958496, 1.146749496459961, 1.4042458534240723, 1.6617422103881836, 1.919238567352295, 2.1767349243164062, 2.4342312812805176, 2.691727638244629, 2.9492239952087402, 3.2067198753356934, 3.464216709136963, 3.721712589263916, 3.9792094230651855, 4.236705303192139, 4.494202136993408, 4.751698017120361, 5.009194850921631, 5.266690731048584, 5.5241875648498535, 5.781683444976807, 6.039180278778076, 6.296676158905029, 6.554172992706299, 6.811668872833252, 7.069164752960205, 7.326661586761475, 7.584157466888428, 7.841654300689697, 8.099149703979492, 8.356647491455078, 8.614143371582031, 8.871639251708984, 9.129135131835938, 9.386632919311523, 9.644128799438477, 9.90162467956543, 10.159120559692383, 10.416618347167969, 10.674114227294922, 10.931610107421875, 11.189105987548828]}, "gradients/fc.2.bias": {"_type": "histogram", "values": [0.0, 0.0, 0.0, 0.0, 0.0, 0.0, 0.0, 0.0, 0.0, 0.0, 0.0, 0.0, 0.0, 0.0, 0.0, 0.0, 0.0, 0.0, 0.0, 0.0, 0.0, 0.0, 0.0, 0.0, 0.0, 0.0, 0.0, 0.0, 0.0, 0.0, 0.0, 0.0, 1.0, 0.0, 0.0, 0.0, 0.0, 0.0, 0.0, 0.0, 0.0, 0.0, 0.0, 0.0, 0.0, 0.0, 0.0, 0.0, 0.0, 0.0, 0.0, 0.0, 0.0, 0.0, 0.0, 0.0, 0.0, 0.0, 0.0, 0.0, 0.0, 0.0, 0.0, 0.0],