{"graph_0": {"_type": "graph-file", "path": "media/graph/graph_0_summary_042ae638.graph.json", "sha256": "042ae63866ac41e65744237609b58789c3e8320b53d4634a74a7575109c43222", "size": 700}, "_timestamp": 1585612224.2033684, "Episode length": 999, "Episode reward": -86.49003320632521, "Policy Loss": 0.005767589434981346, "_step": 499, "Value Loss": 0.0008909266907721758, "_runtime": 14854.570498943329, "gradients/fc.2.bias": {"_type": "histogram", "values": [0.0, 0.0, 0.0, 0.0, 0.0, 0.0, 0.0, 0.0, 0.0, 0.0, 0.0, 0.0, 0.0, 0.0, 0.0, 0.0, 0.0, 0.0, 0.0, 0.0, 0.0, 0.0, 0.0, 0.0, 0.0, 0.0, 0.0, 0.0, 0.0, 0.0, 0.0, 0.0, 1.0, 0.0, 0.0, 0.0, 0.0, 0.0, 0.0, 0.0, 0.0, 0.0, 0.0, 0.0, 0.0, 0.0, 0.0, 0.0, 0.0, 0.0, 0.0, 0.0, 0.0, 0.0, 0.0, 0.0, 0.0, 0.0, 0.0, 0.0, 0.0, 0.0, 0.0, 0.0], "bins": [0.20423348248004913, 0.20423348248004913, 0.20423348248004913, 0.20423348248004913, 0.20423348248004913, 0.20423348248004913, 0.20423348248004913, 0.20423348248004913, 0.20423348248004913, 0.20423348248004913, 0.20423348248004913, 0.20423348248004913, 0.20423348248004913, 0.20423348248004913, 0.20423348248004913, 0.20423348248004913, 0.20423348248004913, 0.20423348248004913, 0.20423348248004913, 0.20423348248004913, 0.20423348248004913, 0.20423348248004913, 0.20423348248004913, 0.20423348248004913, 0.20423348248004913, 0.20423348248004913, 0.20423348248004913, 0.20423348248004913, 0.20423348248004913, 0.20423348248004913, 0.20423348248004913, 0.20423348248004913, 0.20423348248004913, 0.20423348248004913, 0.20423348248004913, 0.20423348248004913, 0.20423348248004913, 0.20423348248004913, 0.20423348248004913, 0.20423348248004913, 0.20423348248004913, 0.20423348248004913, 0.20423348248004913, 0.20423348248004913, 0.20423348248004913, 0.20423348248004913, 0.20423348248004913, 0.20423348248004913, 0.20423348248004913, 0.20423348248004913, 0.20423348248004913, 0.20423348248004913, 0.20423348248004913, 0.20423348248004913, 0.20423348248004913, 0.20423348248004913, 0.20423348248004913, 0.20423348248004913, 0.20423348248004913, 0.20423348248004913, 0.20423348248004913, 0.20423348248004913, 0.20423348248004913, 0.20423348248004913, 0.20423348248004913]}, "gradients/fc.2.weight": {"_type": "histogram", "values": [2.0, 2.0, 0.0, 1.0, 4.0, 1.0, 1.0, 0.0, 1.0, 0.0, 0.0, 0.0, 0.0, 0.0, 0.0, 0.0, 0.0, 0.0, 0.0, 0.0, 0.0, 0.0, 0.0, 0.0, 0.0, 0.0, 0.0, 0.0, 0.0, 0.0, 0.0, 0.0, 0.0, 0.0, 0.0, 0.0, 0.0, 0.0, 0.0, 0.0, 0.0, 0.0, 0.0, 0.0, 0.0, 0.0, 0.0, 0.0, 0.0, 0.0, 0.0, 0.0, 0.0, 0.0, 0.0, 0.0, 0.0, 1.0, 0.0, 0.0, 0.0, 0.0, 1.0, 2.0], "bins": [-0.14857639372348785, -0.13912838697433472, -0.12968039512634277, -0.12023238837718964, -0.1107843890786171, -0.10133638978004456, -0.09188838303089142, -0.08244038373231888, -0.07299238443374634, -0.0635443851351738, -0.05409638583660126, -0.04464837908744812, -0.03520037978887558, -0.02575238049030304, -0.016304373741149902, -0.006856381893157959, 0.0025916248559951782, 0.012039631605148315, 0.02148762345314026, 0.030935630202293396, 0.04038362205028534, 0.04983162879943848, 0.059279635548591614, 0.06872762739658356, 0.0781756341457367, 0.08762364089488983, 0.09707163274288177, 0.10651962459087372, 0.11596764624118805, 0.12541563808918, 0.13486362993717194, 0.14431165158748627, 0.1537596434354782, 0.16320763528347015, 0.17265565693378448, 0.18210364878177643, 0.19155164062976837, 0.2009996622800827, 0.21044765412807465, 0.2198956459760666, 0.22934363782405853, 0.23879165947437286, 0.2482396513223648, 0.25768762826919556, 0.2671356797218323, 0.2765836715698242, 0.28603166341781616, 0.2954796552658081, 0.30492764711380005, 0.314375638961792, 0.3238236904144287, 0.33327168226242065, 0.3427196741104126, 0.35216766595840454, 0.3616156578063965, 0.3710637092590332, 0.38051170110702515, 0.3899596929550171, 0.39940768480300903, 0.408855676651001, 0.4183036684989929, 0.42775171995162964, 0.4371997117996216, 0.4466477036476135, 0.45609569549560547]}, "gradients/fc.1.bias": {"_type": "histogram", "values": [1.0, 0.0, 0.0, 0.0, 2.0, 0.0, 0.0, 0.0, 0.0, 0.0, 0.0, 0.0, 0.0, 0.0, 0.0, 2.0, 3.0, 0.0, 0.0, 1.0, 0.0, 0.0, 0.0, 0.0, 2.0, 0.0, 0.0, 0.0, 2.0, 1.0, 0.0, 0.0, 0.0, 0.0, 0.0, 0.0, 0.0, 0.0, 0.0, 0.0, 0.0, 0.0, 0.0, 0.0, 0.0, 0.0, 0.0, 0.0, 0.0, 0.0, 0.0, 1.0, 0.0, 0.0, 0.0, 0.0, 0.0, 0.0, 0.0, 0.0, 0.0, 0.0, 0.0, 1.0], "bins": [-0.03683015704154968, -0.03534754738211632, -0.033864933997392654, -0.03238232433795929, -0.030899712815880775, -0.02941710129380226, -0.027934491634368896, -0.026451880112290382, -0.02496926859021187, -0.023486658930778503, -0.02200404740869999, -0.020521435886621475, -0.01903882622718811, -0.017556214705109596, -0.016073603183031082, -0.014590993523597717, -0.013108382001519203, -0.011625770479440689, -0.010143160820007324, -0.00866054929792881, -0.007177937775850296, -0.005695328116416931, -0.004212714731693268, -0.002730105072259903, -0.001247495412826538, 0.00023511797189712524, 0.0017177276313304901, 0.003200337290763855, 0.004682950675487518, 0.006165560334920883, 0.007648169994354248, 0.009130783379077911, 0.010613393038511276, 0.012096002697944641, 0.013578616082668304, 0.01506122574210167, 0.016543835401535034, 0.018026448786258698, 0.019509058445692062, 0.020991668105125427, 0.02247428148984909, 0.023956891149282455, 0.02543950080871582, 0.026922114193439484, 0.028404727578163147, 0.029887333512306213, 0.03136994689702988, 0.03285256028175354, 0.034335166215896606, 0.03581777960062027, 0.03730039298534393, 0.038782998919487, 0.04026561230421066, 0.041748225688934326, 0.04323083162307739, 0.044713445007801056, 0.04619605839252472, 0.047678664326667786, 0.04916127771139145, 0.05064389109611511, 0.05212649703025818, 0.05360911041498184, 0.055091723799705505, 0.05657432973384857, 0.058056943118572235]}, "gradients/fc.0.weight": {"_type": "histogram", "values": [1.0, 0.0, 0.0, 0.0, 0.0, 0.0, 0.0, 1.0, 1.0, 1.0, 0.0, 1.0, 2.0, 2.0, 0.0, 2.0, 2.0, 1.0, 1.0, 2.0, 3.0, 2.0, 3.0, 1.0, 3.0, 3.0, 4.0, 1.0, 3.0, 1.0, 4.0, 0.0, 0.0, 0.0, 0.0, 1.0, 0.0, 1.0, 2.0, 1.0, 3.0, 2.0, 3.0, 1.0, 0.0, 1.0, 0.0, 1.0, 0.0, 0.0, 0.0, 0.0, 0.0, 0.0, 0.0, 0.0, 0.0, 1.0, 0.0, 0.0, 1.0, 0.0, 0.0, 1.0], "bins": [-0.028236975893378258, -0.027185577899217606, -0.026134179905056953, -0.0250827819108963, -0.0240313857793808, -0.022979985922574997, -0.021928589791059494, -0.020877191796898842, -0.01982579380273819, -0.018774395808577538, -0.017722997814416885, -0.016671601682901382, -0.015620202757418156, -0.014568804763257504, -0.013517407700419426, -0.012466009706258774, -0.011414611712098122, -0.01036321371793747, -0.009311815723776817, -0.008260417729616165, -0.007209019735455513, -0.00615762360394001, -0.005106225609779358, -0.004054827615618706, -0.0030034296214580536, -0.0019520316272974014, -0.0009006336331367493, 0.0001507643610239029, 0.0012021604925394058, 0.002253558486700058, 0.00330495648086071, 0.0043563563376665115, 0.0054077524691820145, 0.006459148600697517, 0.007510548457503319, 0.008561944589018822, 0.009613344445824623, 0.010664740577340126, 0.011716140434145927, 0.01276753656566143, 0.013818936422467232, 0.014870332553982735, 0.015921728685498238, 0.01697312854230404, 0.018024524673819542, 0.019075924530625343, 0.020127320662140846, 0.021178720518946648, 0.02223011665046215, 0.023281512781977654, 0.024332912638783455, 0.025384308770298958, 0.02643570862710476, 0.027487104758620262, 0.028538504615426064, 0.029589900746941566, 0.03064129687845707, 0.03169269859790802, 0.03274409472942352, 0.033795490860939026, 0.03484688699245453, 0.03589828312397003, 0.03694968670606613, 0.038001082837581635, 0.03905247896909714]}, "gradients/fc.1.weight": {"_type": "histogram", "values": [1.0, 0.0, 1.0, 1.0, 0.0, 0.0, 3.0, 1.0, 3.0, 2.0, 3.0, 3.0, 4.0, 2.0, 8.0, 8.0, 7.0, 18.0, 40.0, 61.0, 90.0, 92.0, 41.0, 42.0, 22.0, 10.0, 10.0, 8.0, 6.0, 8.0, 2.0, 2.0, 2.0, 1.0, 4.0, 1.0, 0.0, 0.0, 1.0, 0.0, 0.0, 1.0, 1.0, 0.0, 0.0, 0.0, 0.0, 0.0, 0.0, 1.0, 0.0, 0.0, 0.0, 0.0, 0.0, 0.0, 0.0, 0.0, 0.0, 0.0, 0.0, 0.0, 0.0, 1.0],