{"graph_0": {"_type": "graph-file", "path": "media/graph/graph_0_summary_93ddf66f.graph.json", "sha256": "93ddf66f8c1f3d4850b8b1f75ed5f1f2773caa5160d47b2853d12e355108a42a", "size": 691}, "Intrinsic reward": 4.862968921661377, "_runtime": 92.93997144699097, "_step": 11, "Episode reward": -93.49885559082031, "ICM Loss": 0.009735677391290665, "_timestamp": 1585853789.4115136, "Loss": -12.150686264038086, "Extrinsic reward": -98.36180741474587}
