{"graph_0": {"_type": "graph-file", "path": "media/graph/graph_0_summary_6b144057.graph.json", "sha256": "6b144057227dc8497fbdd9c6d17f9f803aa12f97343b912e9ccc2c23d365dcee", "size": 691}, "Loss": -11.819657325744629, "_runtime": 32.903252601623535, "Extrinsic reward": -103.08279932143317, "_timestamp": 1585851281.6955047, "Intrinsic reward": 12.217000961303711, "_step": 2, "ICM Loss": 0.02445845678448677, "Episode reward": {"_type": "torch.Tensor", "var": 11857.408203125, "mean": -106.8192138671875, "min": -422.76751708984375, "max": 207.79017639160156, "10%": -260.91228637695315, "25%": -154.60052871704102, "75%": -48.47605895996094, "90%": 12.474569606781003, "size": 128}}
