{"graph_0": {"_type": "graph-file", "path": "media/graph/graph_0_summary_dec6b053.graph.json", "sha256": "dec6b0537cd6f3241a487761a53faed0cbbf2639511dfb98c9fa86c02f15426e", "size": 700}, "Episode length": 999, "Policy Loss": -7.130363464355469, "Value Loss": 25.654577255249023, "_timestamp": 1585507106.2524264, "Episode reward": -99.23054392965199, "_step": 2, "_runtime": 19.951947927474976}
