{"graph_0": {"_type": "graph-file", "path": "media/graph/graph_0_summary_9216353e.graph.json", "sha256": "9216353e703f0ea589d887e398c4ade1cccf5742d65b4445e824ec55f1286925", "size": 700}, "_timestamp": 1585611385.0260766, "Episode length": 349, "Episode reward": 65.09999999999978, "Policy Loss": 1.9210072755813599, "_step": 499, "Value Loss": 28.61394500732422, "_runtime": 14015.393207073212, "gradients/fc.2.bias": {"_type": "histogram", "values": [0.0, 0.0, 0.0, 0.0, 0.0, 0.0, 0.0, 0.0, 0.0, 0.0, 0.0, 0.0, 0.0, 0.0, 0.0, 0.0, 0.0, 0.0, 0.0, 0.0, 0.0, 0.0, 0.0, 0.0, 0.0, 0.0, 0.0, 0.0, 0.0, 0.0, 0.0, 0.0, 1.0, 0.0, 0.0, 0.0, 0.0, 0.0, 0.0, 0.0, 0.0, 0.0, 0.0, 0.0, 0.0, 0.0, 0.0, 0.0, 0.0, 0.0, 0.0, 0.0, 0.0, 0.0, 0.0, 0.0, 0.0, 0.0, 0.0, 0.0, 0.0, 0.0, 0.0, 0.0], "bins": [-0.16176453232765198, -0.16176453232765198, -0.16176453232765198, -0.16176453232765198, -0.16176453232765198, -0.16176453232765198, -0.16176453232765198, -0.16176453232765198, -0.16176453232765198, -0.16176453232765198, -0.16176453232765198, -0.16176453232765198, -0.16176453232765198, -0.16176453232765198, -0.16176453232765198, -0.16176453232765198, -0.16176453232765198, -0.16176453232765198, -0.16176453232765198, -0.16176453232765198, -0.16176453232765198, -0.16176453232765198, -0.16176453232765198, -0.16176453232765198, -0.16176453232765198, -0.16176453232765198, -0.16176453232765198, -0.16176453232765198, -0.16176453232765198, -0.16176453232765198, -0.16176453232765198, -0.16176453232765198, -0.16176453232765198, -0.16176453232765198, -0.16176453232765198, -0.16176453232765198, -0.16176453232765198, -0.16176453232765198, -0.16176453232765198, -0.16176453232765198, -0.16176453232765198, -0.16176453232765198, -0.16176453232765198, -0.16176453232765198, -0.16176453232765198, -0.16176453232765198, -0.16176453232765198, -0.16176453232765198, -0.16176453232765198, -0.16176453232765198, -0.16176453232765198, -0.16176453232765198, -0.16176453232765198, -0.16176453232765198, -0.16176453232765198, -0.16176453232765198, -0.16176453232765198, -0.16176453232765198, -0.16176453232765198, -0.16176453232765198, -0.16176453232765198, -0.16176453232765198, -0.16176453232765198, -0.16176453232765198, -0.16176453232765198]}, "gradients/fc.2.weight": {"_type": "histogram", "values": [1.0, 1.0, 1.0, 0.0, 0.0, 0.0, 1.0, 0.0, 0.0, 0.0, 0.0, 0.0, 0.0, 0.0, 0.0, 1.0, 0.0, 0.0, 0.0, 0.0, 0.0, 0.0, 0.0, 0.0, 0.0, 0.0, 0.0, 0.0, 0.0, 0.0, 0.0, 0.0, 0.0, 0.0, 0.0, 0.0, 1.0, 0.0, 0.0, 0.0, 0.0, 0.0, 0.0, 0.0, 0.0, 0.0, 0.0, 1.0, 0.0, 0.0, 0.0, 0.0, 1.0, 0.0, 0.0, 0.0, 0.0, 0.0, 0.0, 1.0, 0.0, 0.0, 0.0, 7.0], "bins": [-22.152570724487305, -21.803909301757812, -21.45524787902832, -21.106586456298828, -20.757925033569336, -20.409263610839844, -20.06060218811035, -19.71194076538086, -19.363279342651367, -19.014617919921875, -18.665956497192383, -18.31729507446289, -17.968631744384766, -17.619972229003906, -17.27130889892578, -16.922649383544922, -16.573986053466797, -16.225326538085938, -15.876664161682129, -15.528002738952637, -15.179341316223145, -14.830678939819336, -14.482017517089844, -14.133357048034668, -13.78469467163086, -13.436033248901367, -13.087371826171875, -12.738710403442383, -12.39004898071289, -12.041387557983398, -11.692726135253906, -11.344064712524414, -10.995403289794922, -10.64674186706543, -10.298080444335938, -9.949419021606445, -9.600757598876953, -9.252096176147461, -8.903434753417969, -8.554773330688477, -8.206111907958984, -7.857449531555176, -7.508788108825684, -7.160126686096191, -6.811465263366699, -6.462803840637207, -6.114143371582031, -5.765481948852539, -5.416818618774414, -5.068157196044922, -4.71949577331543, -4.3708343505859375, -4.022172927856445, -3.673511505126953, -3.324850082397461, -2.9761886596679688, -2.6275272369384766, -2.2788658142089844, -1.9302043914794922, -1.58154296875, -1.2328815460205078, -0.8842201232910156, -0.5355587005615234, -0.18689727783203125, 0.16176414489746094]}, "gradients/fc.1.bias": {"_type": "histogram", "values": [2.0, 0.0, 0.0, 0.0, 0.0, 0.0, 0.0, 0.0, 1.0, 0.0, 0.0, 1.0, 1.0, 0.0, 0.0, 0.0, 0.0, 0.0, 1.0, 0.0, 0.0, 0.0, 0.0, 0.0, 0.0, 0.0, 0.0, 0.0, 0.0, 0.0, 0.0, 0.0, 0.0, 0.0, 0.0, 7.0, 0.0, 0.0, 0.0, 0.0, 0.0, 0.0, 0.0, 0.0, 0.0, 0.0, 0.0, 0.0, 0.0, 0.0, 0.0, 0.0, 0.0, 0.0, 0.0, 0.0, 0.0, 1.0, 0.0, 0.0, 0.0, 0.0, 0.0, 2.0], "bins": [-0.4681782126426697, -0.455081582069397, -0.44198495149612427, -0.42888832092285156, -0.41579169034957886, -0.40269505977630615, -0.38959845900535583, -0.37650182843208313, -0.3634051978588104, -0.3503085672855377, -0.337211936712265, -0.3241153359413147, -0.311018705368042, -0.2979220747947693, -0.2848254442214966, -0.2717288136482239, -0.25863218307495117, -0.24553555250167847, -0.23243892192840576, -0.21934230625629425, -0.20624566078186035, -0.19314906001091003, -0.18005242943763733, -0.16695579886436462, -0.15385916829109192, -0.1407625377178192, -0.1276659071445465, -0.1145692765712738, -0.10147267580032349, -0.08837604522705078, -0.07527941465377808, -0.06218278408050537, -0.049086153507232666, -0.03598952293395996, -0.022892892360687256, -0.00979626178741455, 0.0033003687858581543, 0.01639696955680847, 0.029493600130081177, 0.04259026050567627, 0.055686891078948975, 0.0687834620475769, 0.08188009262084961, 0.09497672319412231, 0.10807335376739502, 0.12116998434066772, 0.13426661491394043, 0.14736324548721313, 0.16045987606048584, 0.17355650663375854, 0.18665313720703125, 0.19974976778030396, 0.21284639835357666, 0.22594302892684937, 0.23903965950012207, 0.2521362900733948, 0.2652328610420227, 0.2783294916152954, 0.2914261221885681, 0.3045227527618408, 0.3176193833351135, 0.33071601390838623, 0.34381264448165894, 0.35690927505493164, 0.37000590562820435]}, "gradients/fc.0.weight": {"_type": "histogram", "values": [1.0, 0.0, 0.0, 0.0, 0.0, 0.0, 0.0, 0.0, 1.0, 1.0, 2.0, 3.0, 2.0, 4.0, 30.0, 2.0, 2.0, 2.0, 2.0, 2.0, 0.0, 0.0, 0.0, 0.0, 0.0, 0.0, 0.0, 0.0, 0.0, 0.0, 0.0, 0.0, 0.0, 0.0, 0.0, 0.0, 0.0, 0.0, 0.0, 1.0, 0.0, 0.0, 1.0, 0.0, 0.0, 0.0, 0.0, 0.0, 1.0, 0.0, 0.0, 1.0, 0.0, 0.0, 0.0, 0.0, 0.0, 1.0, 1.0, 1.0, 0.0, 1.0, 1.0, 1.0], "bins": [-1.3098806142807007, -1.2184710502624512, -1.127061367034912, -1.0356518030166626, -0.9442422389984131, -0.8528326749801636, -0.7614230513572693, -0.670013427734375, -0.5786038637161255, -0.487194299697876, -0.3957846760749817, -0.3043750524520874, -0.2129654884338379, -0.12155592441558838, -0.030146241188049316, 0.061263322830200195, 0.1526728868484497, 0.24408245086669922, 0.33549201488494873, 0.4269016981124878, 0.5183112621307373, 0.6097208261489868, 0.7011305093765259, 0.7925399541854858, 0.8839496374130249, 0.975359320640564, 1.066768765449524, 1.158178448677063, 1.249588131904602, 1.340997576713562, 1.432407259941101, 1.523816704750061, 1.6152263879776, 1.7066360712051392, 1.7980455160140991, 1.8894551992416382, 1.9808646440505981, 2.0722742080688477, 2.1636838912963867, 2.255093574523926, 2.346503257751465, 2.437912940979004, 2.5293221473693848, 2.620731830596924, 2.712141513824463, 2.803551197052002, 2.894960403442383, 2.986370086669922, 3.077779769897461, 3.169189453125, 3.260599136352539, 3.35200834274292, 3.443418025970459, 3.534827709197998, 3.626237392425537, 3.717647075653076, 3.8090567588806152, 3.900465965270996, 3.991875648498535, 4.083285331726074, 4.174695014953613, 4.266104698181152, 4.357513904571533, 4.448923587799072, 4.540333271026611]}, "gradients/fc.1.weight": {"_type": "histogram", "values": [2.0, 2.0, 0.0, 0.0, 0.0, 0.0, 0.0, 0.0, 4.0, 2.0, 0.0, 2.0, 2.0, 0.0, 2.0, 0.0, 1.0, 3.0, 1.0, 1.0, 2.0, 0.0, 6.0, 0.0, 1.0, 8.0, 4.0, 4.0, 8.0, 15.0, 30.0, 27.0, 4.0, 1.0, 0.0, 224.0, 0.0, 0.0, 10.0, 22.0, 43.0, 20.0, 27.0, 14.0, 2.0, 3.0, 1.0, 2.0, 0.0, 0.0, 0.0, 0.0, 2.0, 0.0, 0.0, 0.0, 3.0, 3.0, 0.0, 0.0, 0.0, 0.0, 1.0, 3.0],