{"graph_0": {"_type": "graph-file", "path": "media/graph/graph_0_summary_1d866c53.graph.json", "sha256": "1d866c5347ab6ce2fc86333325c8a394b93d17c7ce57e9b4ecf1d4775d16c1dd", "size": 691}, "_timestamp": 1585423276.7257628, "Episode reward": -104.46071464034003, "Policy Loss": 0.07566573470830917, "_step": 9, "Episode length": 999, "_runtime": 110.7791337966919, "Value Loss": 12.36186695098877}
