{"graph_0": {"_type": "graph-file", "path": "media/graph/graph_0_summary_22a9c15e.graph.json", "sha256": "22a9c15e6b0b005a217a669f7c45a1862db21759057b0b2de2bf656f17a52158", "size": 700}, "Policy Loss": 51.921897888183594, "_runtime": 48.08037877082825, "Episode length": 999, "Episode reward": -99.90000499271487, "Value Loss": 121.15021514892578, "_timestamp": 1585500632.8122587, "_step": 17}
