{"graph_0": {"_type": "graph-file", "path": "media/graph/graph_0_summary_37ed3f50.graph.json", "sha256": "37ed3f50648a2d4c26d7bfa1353905f65ff089960b80e398bcc115be2c11d848", "size": 700}, "_runtime": 8922.59060549736, "Value Loss": 13.834748268127441, "Episode length": 684, "_timestamp": 1585578838.4352388, "Episode reward": 31.698044984042255, "_step": 499, "Policy Loss": 0.5933193564414978, "gradients/fc.2.weight": {"_type": "histogram", "values": [9.0, 0.0, 0.0, 0.0, 0.0, 0.0, 0.0, 0.0, 0.0, 0.0, 0.0, 0.0, 0.0, 0.0, 0.0, 0.0, 0.0, 0.0, 0.0, 0.0, 0.0, 0.0, 0.0, 0.0, 1.0, 0.0, 1.0, 2.0, 0.0, 0.0, 1.0, 0.0, 0.0, 0.0, 1.0, 0.0, 0.0, 0.0, 0.0, 0.0, 0.0, 0.0, 0.0, 0.0, 0.0, 0.0, 0.0, 0.0, 0.0, 0.0, 0.0, 0.0, 0.0, 0.0, 0.0, 0.0, 0.0, 0.0, 0.0, 0.0, 0.0, 0.0, 0.0, 1.0], "bins": [-0.14143900573253632, 0.08324320614337921, 0.30792540311813354, 0.5326076149940491, 0.7572898268699646, 0.9819720387458801, 1.2066543102264404, 1.431336522102356, 1.6560187339782715, 1.8807010650634766, 2.1053831577301025, 2.3300652503967285, 2.5547475814819336, 2.7794299125671387, 3.0041120052337646, 3.2287940979003906, 3.4534764289855957, 3.678158760070801, 3.902841091156006, 4.127522945404053, 4.352205276489258, 4.576887607574463, 4.80156946182251, 5.026251792907715, 5.25093412399292, 5.475616455078125, 5.70029878616333, 5.924980640411377, 6.149662971496582, 6.374345302581787, 6.599027156829834, 6.823709487915039, 7.048391819000244, 7.273074150085449, 7.497756481170654, 7.722438335418701, 7.9471211433410645, 8.171802520751953, 8.396484375, 8.621167182922363, 8.84584903717041, 9.070530891418457, 9.29521369934082, 9.519895553588867, 9.744577407836914, 9.969260215759277, 10.193942070007324, 10.418624877929688, 10.643306732177734, 10.867988586425781, 11.092671394348145, 11.317353248596191, 11.542036056518555, 11.766717910766602, 11.991399765014648, 12.216082572937012, 12.440764427185059, 12.665446281433105, 12.890129089355469, 13.114810943603516, 13.339492797851562, 13.564175605773926, 13.788857460021973, 14.013540267944336, 14.238222122192383]}, "gradients/fc.0.weight": {"_type": "histogram", "values": [1.0, 0.0, 0.0, 0.0, 0.0, 0.0, 0.0, 1.0, 0.0, 2.0, 0.0, 1.0, 1.0, 0.0, 0.0, 0.0, 0.0, 1.0, 0.0, 0.0, 1.0, 0.0, 0.0, 0.0, 0.0, 0.0, 0.0, 0.0, 0.0, 0.0, 0.0, 0.0, 0.0, 0.0, 0.0, 0.0, 0.0, 0.0, 0.0, 0.0, 1.0, 0.0, 0.0, 1.0, 4.0, 3.0, 4.0, 0.0, 0.0, 1.0, 5.0, 4.0, 1.0, 0.0, 3.0, 7.0, 3.0, 6.0, 1.0, 0.0, 1.0, 2.0, 5.0, 4.0], "bins": [-0.7353603839874268, -0.7224713563919067, -0.7095823287963867, -0.6966933608055115, -0.6838043332099915, -0.6709153056144714, -0.6580263376235962, -0.6451373100280762, -0.6322482824325562, -0.6193592548370361, -0.6064702272415161, -0.5935812592506409, -0.5806922316551208, -0.5678032040596008, -0.5549142360687256, -0.5420252084732056, -0.5291361808776855, -0.5162471532821655, -0.5033581256866455, -0.49046915769577026, -0.47758013010025024, -0.4646911025047302, -0.4518021047115326, -0.43891310691833496, -0.42602407932281494, -0.4131350517272949, -0.4002460539340973, -0.38735705614089966, -0.37446802854537964, -0.3615790009498596, -0.348690003156662, -0.33580100536346436, -0.32291197776794434, -0.3100229501724243, -0.2971339523792267, -0.28424495458602905, -0.27135592699050903, -0.258466899394989, -0.24557790160179138, -0.23268890380859375, -0.21979987621307373, -0.2069108486175537, -0.1940218210220337, -0.18113285303115845, -0.16824382543563843, -0.1553547978401184, -0.14246582984924316, -0.12957680225372314, -0.11668777465820312, -0.1037987470626831, -0.09090971946716309, -0.07802075147628784, -0.06513172388076782, -0.0522426962852478, -0.03935372829437256, -0.02646470069885254, -0.01357567310333252, -0.0006866455078125, 0.01220238208770752, 0.025091350078582764, 0.03798037767410278, 0.0508694052696228, 0.06375837326049805, 0.07664740085601807, 0.08953642845153809]}, "gradients/fc.1.bias": {"_type": "histogram", "values": [1.0, 0.0, 1.0, 0.0, 0.0, 0.0, 0.0, 0.0, 0.0, 0.0, 0.0, 0.0, 0.0, 0.0, 0.0, 0.0, 0.0, 2.0, 7.0, 0.0, 0.0, 0.0, 0.0, 0.0, 0.0, 0.0, 0.0, 0.0, 0.0, 0.0, 0.0, 0.0, 0.0, 0.0, 0.0, 0.0, 0.0, 0.0, 0.0, 0.0, 0.0, 0.0, 0.0, 0.0, 0.0, 0.0, 0.0, 1.0, 0.0, 0.0, 0.0, 0.0, 0.0, 0.0, 0.0, 1.0, 0.0, 0.0, 1.0, 0.0, 0.0, 0.0, 0.0, 2.0], "bins": [-0.16333302855491638, -0.15427610278129578, -0.14521917700767517, -0.13616225123405457, -0.12710532546043396, -0.11804840713739395, -0.10899148881435394, -0.09993456304073334, -0.09087763726711273, -0.08182071149349213, -0.07276378571987152, -0.06370686739683151, -0.05464994162321091, -0.0455930158495903, -0.03653609752655029, -0.027479171752929688, -0.018422245979309082, -0.009365320205688477, -0.0003083944320678711, 0.008748531341552734, 0.01780545711517334, 0.02686236798763275, 0.03591929376125336, 0.04497621953487396, 0.05403314530849457, 0.06309007108211517, 0.07214699685573578, 0.08120392262935638, 0.0902608335018158, 0.0993177592754364, 0.108374685049057, 0.11743161082267761, 0.12648853659629822, 0.13554546236991882, 0.14460238814353943, 0.15365931391716003, 0.16271623969078064, 0.17177316546440125, 0.18083009123802185, 0.18988701701164246, 0.19894394278526306, 0.20800083875656128, 0.21705776453018188, 0.2261146903038025, 0.2351716160774231, 0.2442285418510437, 0.2532854676246643, 0.2623423933982849, 0.2713993191719055, 0.2804562449455261, 0.28951317071914673, 0.29857009649276733, 0.30762702226638794, 0.31668394804000854, 0.32574087381362915, 0.33479779958724976, 0.343854695558548, 0.3529116213321686, 0.3619685471057892, 0.3710254728794098, 0.3800823986530304, 0.389139324426651, 0.3981962502002716, 0.4072531759738922, 0.4163101017475128]}, "gradients/fc.1.weight": {"_type": "histogram", "values": [5.0, 1.0, 6.0, 2.0, 2.0, 0.0, 0.0, 5.0, 7.0, 11.0, 41.0, 14.0, 15.0, 0.0, 0.0, 0.0, 0.0, 274.0, 14.0, 0.0, 16.0, 14.0, 0.0, 0.0, 0.0, 0.0, 0.0, 0.0, 0.0, 0.0, 2.0, 1.0, 1.0, 4.0, 4.0, 2.0, 6.0, 4.0, 4.0, 4.0, 6.0, 6.0, 3.0, 1.0, 1.0, 3.0, 1.0, 0.0, 1.0, 1.0, 1.0, 2.0, 3.0, 3.0, 3.0, 2.0, 3.0, 2.0, 3.0, 2.0, 1.0, 2.0, 1.0, 2.0], "bins": [-0.8277232646942139, -0.7812824249267578, -0.7348416447639465, -0.6884008049964905, -0.6419600248336792, -0.5955191850662231, -0.5490783452987671, -0.5026375651359558, -0.45619675517082214, -0.4097559452056885, -0.3633151352405548, -0.31687432527542114, -0.2704334855079651, -0.2239927053451538, -0.17755186557769775, -0.13111108541488647, -0.08467024564743042, -0.038229405879974365, 0.008211374282836914, 0.05465221405029297, 0.10109299421310425, 0.1475338339805603, 0.19397461414337158, 0.24041545391082764, 0.2868562936782837, 0.33329713344573975, 0.37973785400390625, 0.4261786937713623, 0.47261953353881836, 0.5190603733062744, 0.5655010938644409, 0.611941933631897, 0.658382773399353, 0.7048236131668091, 0.7512644529342651, 0.7977051734924316, 0.8441460132598877, 0.8905868530273438, 0.9370276927947998, 0.9834684133529663, 1.0299092531204224, 1.0763500928878784, 1.1227909326553345, 1.1692317724227905, 1.215672492980957, 1.262113332748413, 1.3085541725158691, 1.3549950122833252, 1.4014358520507812, 1.4478766918182373, 1.4943175315856934, 1.5407581329345703, 1.5871989727020264, 1.6336398124694824, 1.6800806522369385, 1.7265214920043945, 1.7729623317718506, 1.8194031715393066, 1.8658440113067627, 1.9122848510742188, 1.9587254524230957, 2.0051662921905518, 2.051607131958008, 2.098047971725464, 2.14448881149292]}, "gradients/fc.2.bias": {"_type": "histogram", "values": [0.0, 0.0, 0.0, 0.0, 0.0, 0.0, 0.0, 0.0, 0.0, 0.0, 0.0, 0.0, 0.0, 0.0, 0.0, 0.0, 0.0, 0.0, 0.0, 0.0, 0.0, 0.0, 0.0, 0.0, 0.0, 0.0, 0.0, 0.0, 0.0, 0.0, 0.0, 0.0, 1.0, 0.0, 0.0, 0.0, 0.0, 0.0, 0.0, 0.0, 0.0, 0.0, 0.0, 0.0, 0.0, 0.0, 0.0, 0.0, 0.0, 0.0, 0.0, 0.0, 0.0, 0.0, 0.0, 0.0, 0.0, 0.0, 0.0, 0.0, 0.0, 0.0, 0.0, 0.0],