{"graph_0": {"_type": "graph-file", "path": "media/graph/graph_0_summary_437cbcc0.graph.json", "sha256": "437cbcc0802a35c6e8897bb649a9f856a6535018c2ae438240430beeadd126cb", "size": 700}, "_timestamp": 1585609842.9735184, "Episode length": 999, "Episode reward": -99.8999999999986, "Policy Loss": -0.539405345916748, "_step": 499, "Value Loss": 0.014921018853783607, "_runtime": 12473.340648889542, "gradients/fc.2.bias": {"_type": "histogram", "values": [0.0, 0.0, 0.0, 0.0, 0.0, 0.0, 0.0, 0.0, 0.0, 0.0, 0.0, 0.0, 0.0, 0.0, 0.0, 0.0, 0.0, 0.0, 0.0, 0.0, 0.0, 0.0, 0.0, 0.0, 0.0, 0.0, 0.0, 0.0, 0.0, 0.0, 0.0, 1.0, 0.0, 0.0, 0.0, 0.0, 0.0, 0.0, 0.0, 0.0, 0.0, 0.0, 0.0, 0.0, 0.0, 0.0, 0.0, 0.0, 0.0, 0.0, 0.0, 0.0, 0.0, 0.0, 0.0, 0.0, 0.0, 0.0, 0.0, 0.0, 0.0, 0.0, 0.0, 0.0], "bins": [-0.0035861064679920673, -0.0035861064679920673, -0.0035861064679920673, -0.0035861064679920673, -0.0035861064679920673, -0.0035861064679920673, -0.0035861064679920673, -0.0035861064679920673, -0.0035861064679920673, -0.0035861064679920673, -0.0035861064679920673, -0.0035861064679920673, -0.0035861064679920673, -0.0035861064679920673, -0.0035861064679920673, -0.0035861064679920673, -0.0035861064679920673, -0.0035861064679920673, -0.0035861064679920673, -0.0035861064679920673, -0.0035861064679920673, -0.0035861064679920673, -0.0035861064679920673, -0.0035861064679920673, -0.0035861064679920673, -0.0035861064679920673, -0.0035861064679920673, -0.0035861064679920673, -0.0035861064679920673, -0.0035861064679920673, -0.0035861064679920673, -0.0035861064679920673, -0.0035861064679920673, -0.0035861064679920673, -0.0035861064679920673, -0.0035861064679920673, -0.0035861064679920673, -0.0035861064679920673, -0.0035861064679920673, -0.0035861064679920673, -0.0035861064679920673, -0.0035861064679920673, -0.0035861064679920673, -0.0035861064679920673, -0.0035861064679920673, -0.0035861064679920673, -0.0035861064679920673, -0.0035861064679920673, -0.0035861064679920673, -0.0035861064679920673, -0.0035861064679920673, -0.0035861064679920673, -0.0035861064679920673, -0.0035861064679920673, -0.0035861064679920673, -0.0035861064679920673, -0.0035861064679920673, -0.0035861064679920673, -0.0035861064679920673, -0.0035861064679920673, -0.0035861064679920673, -0.0035861064679920673, -0.0035861064679920673, -0.0035861064679920673, -0.0035861064679920673]}, "gradients/fc.2.weight": {"_type": "histogram", "values": [1.0, 1.0, 1.0, 0.0, 1.0, 0.0, 0.0, 0.0, 0.0, 0.0, 0.0, 0.0, 0.0, 0.0, 1.0, 0.0, 0.0, 0.0, 0.0, 0.0, 0.0, 0.0, 0.0, 0.0, 0.0, 0.0, 0.0, 0.0, 0.0, 0.0, 0.0, 0.0, 0.0, 0.0, 0.0, 0.0, 0.0, 0.0, 0.0, 0.0, 0.0, 0.0, 0.0, 0.0, 0.0, 0.0, 0.0, 0.0, 0.0, 0.0, 0.0, 1.0, 0.0, 0.0, 0.0, 0.0, 0.0, 0.0, 0.0, 0.0, 1.0, 1.0, 1.0, 7.0], "bins": [-0.5674777626991272, -0.5585548877716064, -0.5496320128440857, -0.5407091379165649, -0.5317862629890442, -0.5228633880615234, -0.5139405131340027, -0.5050176382064819, -0.4960947632789612, -0.48717188835144043, -0.4782490134239197, -0.4693261682987213, -0.46040329337120056, -0.4514804184436798, -0.44255754351615906, -0.4336346685886383, -0.42471179366111755, -0.4157889187335968, -0.40686604380607605, -0.3979431688785553, -0.38902029395103455, -0.3800974488258362, -0.37117457389831543, -0.3622516989707947, -0.3533288240432739, -0.3444059491157532, -0.3354830741882324, -0.32656019926071167, -0.3176373243331909, -0.30871444940567017, -0.2997915744781494, -0.29086869955062866, -0.2819458246231079, -0.27302294969558716, -0.2641000747680664, -0.25517719984054565, -0.2462543249130249, -0.23733144998550415, -0.2284085750579834, -0.21948570013046265, -0.2105628252029419, -0.20163998007774353, -0.19271710515022278, -0.18379423022270203, -0.17487135529518127, -0.16594848036766052, -0.15702560544013977, -0.14810273051261902, -0.13917985558509827, -0.13025698065757751, -0.12133410573005676, -0.11241123080253601, -0.10348835587501526, -0.0945654809474945, -0.08564260601997375, -0.076719731092453, -0.06779688596725464, -0.05887401103973389, -0.049951136112213135, -0.04102826118469238, -0.03210538625717163, -0.02318251132965088, -0.014259636402130127, -0.005336761474609375, 0.003586113452911377]}, "gradients/fc.1.bias": {"_type": "histogram", "values": [1.0, 0.0, 1.0, 0.0, 0.0, 0.0, 0.0, 1.0, 0.0, 0.0, 0.0, 1.0, 0.0, 0.0, 1.0, 0.0, 0.0, 0.0, 0.0, 0.0, 0.0, 0.0, 0.0, 0.0, 0.0, 0.0, 0.0, 0.0, 0.0, 0.0, 0.0, 0.0, 0.0, 0.0, 0.0, 0.0, 0.0, 0.0, 0.0, 0.0, 0.0, 1.0, 0.0, 0.0, 0.0, 0.0, 0.0, 0.0, 0.0, 1.0, 0.0, 0.0, 1.0, 0.0, 0.0, 0.0, 0.0, 0.0, 7.0, 0.0, 0.0, 0.0, 0.0, 1.0], "bins": [-0.01743919402360916, -0.01714167930185795, -0.016844164580106735, -0.016546649858355522, -0.01624913513660431, -0.015951620414853096, -0.015654105693101883, -0.015356591902673244, -0.015059077180922031, -0.014761563390493393, -0.01446404866874218, -0.014166533946990967, -0.013869019225239754, -0.01357150450348854, -0.013273989781737328, -0.012976475059986115, -0.012678960338234901, -0.012381445616483688, -0.01208393182605505, -0.011786417104303837, -0.011488902382552624, -0.011191388592123985, -0.010893873870372772, -0.01059635914862156, -0.010298844426870346, -0.010001329705119133, -0.00970381498336792, -0.009406300261616707, -0.009108785539865494, -0.008811271749436855, -0.008513757027685642, -0.00821624230593443, -0.007918727584183216, -0.007621212862432003, -0.00732369814068079, -0.007026183418929577, -0.006728669628500938, -0.006431154906749725, -0.006133640184998512, -0.005836125463247299, -0.005538610741496086, -0.005241096019744873, -0.004943582229316235, -0.0046460675075650215, -0.0043485527858138084, -0.004051038064062595, -0.0037535233423113823, -0.0034560086205601692, -0.0031584948301315308, -0.0028609801083803177, -0.0025634653866291046, -0.0022659506648778915, -0.0019684359431266785, -0.0016709212213754654, -0.0013734064996242523, -0.0010758917778730392, -0.0007783770561218262, -0.0004808623343706131, -0.00018334947526454926, 0.00011416524648666382, 0.0004116799682378769, 0.00070919468998909, 0.001006709411740303, 0.0013042241334915161, 0.0016017388552427292]}, "gradients/fc.0.weight": {"_type": "histogram", "values": [1.0, 0.0, 0.0, 1.0, 1.0, 0.0, 0.0, 0.0, 0.0, 0.0, 0.0, 0.0, 0.0, 0.0, 0.0, 0.0, 0.0, 0.0, 0.0, 0.0, 0.0, 0.0, 0.0, 0.0, 0.0, 0.0, 0.0, 0.0, 0.0, 0.0, 0.0, 0.0, 1.0, 0.0, 0.0, 0.0, 2.0, 1.0, 1.0, 0.0, 1.0, 0.0, 1.0, 0.0, 0.0, 2.0, 0.0, 0.0, 0.0, 0.0, 0.0, 0.0, 2.0, 0.0, 1.0, 0.0, 2.0, 3.0, 6.0, 8.0, 21.0, 6.0, 1.0, 2.0], "bins": [-0.03296806663274765, -0.03241990879178047, -0.031871747225522995, -0.03132358938455582, -0.03077542781829834, -0.030227268114686012, -0.029679108411073685, -0.029130948707461357, -0.02858278900384903, -0.028034629300236702, -0.027486469596624374, -0.026938309893012047, -0.02639015018939972, -0.02584199234843254, -0.025293830782175064, -0.024745672941207886, -0.02419751137495041, -0.02364935353398323, -0.023101191967725754, -0.022553034126758575, -0.0220048725605011, -0.02145671471953392, -0.020908553153276443, -0.020360395312309265, -0.019812235608696938, -0.01926407590508461, -0.018715916201472282, -0.018167756497859955, -0.017619596794247627, -0.0170714370906353, -0.016523277387022972, -0.015975117683410645, -0.015426957979798317, -0.01487879827618599, -0.014330638572573662, -0.013782478868961334, -0.013234319165349007, -0.012686159461736679, -0.012137999758124352, -0.011589840054512024, -0.011041680350899696, -0.010493520647287369, -0.009945360943675041, -0.009397201240062714, -0.008849041536450386, -0.008300881832838058, -0.007752722129225731, -0.007204562425613403, -0.006656404584646225, -0.006108244881033897, -0.00556008517742157, -0.005011925473809242, -0.004463765770196915, -0.003915606066584587, -0.0033674463629722595, -0.002819286659359932, -0.0022711269557476044, -0.0017229672521352768, -0.0011748075485229492, -0.0006266459822654724, -7.848814129829407e-05, 0.00046967342495918274, 0.001017831265926361, 0.0015659928321838379, 0.0021141506731510162]}, "gradients/fc.1.weight": {"_type": "histogram",