{"graph_0": {"_type": "graph-file", "path": "media/graph/graph_0_summary_a960ac98.graph.json", "sha256": "a960ac9841077a5cea6c1ce269ea3bcde7fc29e6b4b35b7457d1b0aae2b21821", "size": 700}, "_timestamp": 1585609121.5321193, "Episode length": 564, "Episode reward": 45.121808470261676, "Policy Loss": 2.2597246170043945, "_step": 499, "Value Loss": 17.80366325378418, "_runtime": 11751.899249792099, "gradients/fc.2.bias": {"_type": "histogram", "values": [0.0, 0.0, 0.0, 0.0, 0.0, 0.0, 0.0, 0.0, 0.0, 0.0, 0.0, 0.0, 0.0, 0.0, 0.0, 0.0, 0.0, 0.0, 0.0, 0.0, 0.0, 0.0, 0.0, 0.0, 0.0, 0.0, 0.0, 0.0, 0.0, 0.0, 0.0, 0.0, 1.0, 0.0, 0.0, 0.0, 0.0, 0.0, 0.0, 0.0, 0.0, 0.0, 0.0, 0.0, 0.0, 0.0, 0.0, 0.0, 0.0, 0.0, 0.0, 0.0, 0.0, 0.0, 0.0, 0.0, 0.0, 0.0, 0.0, 0.0, 0.0, 0.0, 0.0, 0.0], "bins": [-6.099776268005371, -6.099776268005371, -6.099776268005371, -6.099776268005371, -6.099776268005371, -6.099776268005371, -6.099776268005371, -6.099776268005371, -6.099776268005371, -6.099776268005371, -6.099776268005371, -6.099776268005371, -6.099776268005371, -6.099776268005371, -6.099776268005371, -6.099776268005371, -6.099776268005371, -6.099776268005371, -6.099776268005371, -6.099776268005371, -6.099776268005371, -6.099776268005371, -6.099776268005371, -6.099776268005371, -6.099776268005371, -6.099776268005371, -6.099776268005371, -6.099776268005371, -6.099776268005371, -6.099776268005371, -6.099776268005371, -6.099776268005371, -6.099776268005371, -6.099776268005371, -6.099776268005371, -6.099776268005371, -6.099776268005371, -6.099776268005371, -6.099776268005371, -6.099776268005371, -6.099776268005371, -6.099776268005371, -6.099776268005371, -6.099776268005371, -6.099776268005371, -6.099776268005371, -6.099776268005371, -6.099776268005371, -6.099776268005371, -6.099776268005371, -6.099776268005371, -6.099776268005371, -6.099776268005371, -6.099776268005371, -6.099776268005371, -6.099776268005371, -6.099776268005371, -6.099776268005371, -6.099776268005371, -6.099776268005371, -6.099776268005371, -6.099776268005371, -6.099776268005371, -6.099776268005371, -6.099776268005371]}, "gradients/fc.2.weight": {"_type": "histogram", "values": [1.0, 0.0, 0.0, 0.0, 0.0, 0.0, 0.0, 0.0, 0.0, 0.0, 0.0, 0.0, 0.0, 0.0, 0.0, 0.0, 0.0, 0.0, 0.0, 0.0, 0.0, 0.0, 0.0, 0.0, 0.0, 0.0, 0.0, 0.0, 0.0, 0.0, 0.0, 0.0, 0.0, 0.0, 0.0, 0.0, 0.0, 0.0, 0.0, 0.0, 0.0, 0.0, 0.0, 0.0, 0.0, 0.0, 0.0, 0.0, 0.0, 0.0, 0.0, 0.0, 0.0, 0.0, 1.0, 0.0, 0.0, 0.0, 0.0, 0.0, 0.0, 0.0, 0.0, 14.0], "bins": [-246.23570251464844, -242.289794921875, -238.3438720703125, -234.39796447753906, -230.45205688476562, -226.50613403320312, -222.5602264404297, -218.61431884765625, -214.6684112548828, -210.7224884033203, -206.77658081054688, -202.83067321777344, -198.884765625, -194.9388427734375, -190.99293518066406, -187.04702758789062, -183.10110473632812, -179.1551971435547, -175.20928955078125, -171.26336669921875, -167.3174591064453, -163.37155151367188, -159.42562866210938, -155.47972106933594, -151.5338134765625, -147.587890625, -143.64199829101562, -139.69607543945312, -135.75015258789062, -131.80426025390625, -127.85833740234375, -123.91242980957031, -119.96651458740234, -116.02059936523438, -112.07469177246094, -108.1287841796875, -104.182861328125, -100.23695373535156, -96.29104614257812, -92.34512329101562, -88.39921569824219, -84.45330810546875, -80.50740051269531, -76.56147766113281, -72.61557006835938, -68.66966247558594, -64.72373962402344, -60.77783203125, -56.83192443847656, -52.88600158691406, -48.940093994140625, -44.99418640136719, -41.04827880859375, -37.10235595703125, -33.15644836425781, -29.210540771484375, -25.264617919921875, -21.318710327148438, -17.372802734375, -13.4268798828125, -9.480972290039062, -5.535064697265625, -1.5891571044921875, 2.3567657470703125, 6.30267333984375]}, "gradients/fc.1.bias": {"_type": "histogram", "values": [1.0, 0.0, 0.0, 0.0, 0.0, 0.0, 0.0, 0.0, 0.0, 0.0, 0.0, 0.0, 0.0, 0.0, 0.0, 0.0, 0.0, 0.0, 0.0, 0.0, 0.0, 0.0, 0.0, 0.0, 0.0, 0.0, 0.0, 0.0, 0.0, 0.0, 0.0, 0.0, 0.0, 0.0, 0.0, 0.0, 0.0, 0.0, 0.0, 0.0, 0.0, 0.0, 0.0, 0.0, 0.0, 0.0, 0.0, 0.0, 0.0, 0.0, 0.0, 0.0, 0.0, 6.0, 8.0, 0.0, 0.0, 0.0, 0.0, 0.0, 0.0, 0.0, 0.0, 1.0], "bins": [-11.163443565368652, -10.95674991607666, -10.750056266784668, -10.543362617492676, -10.336668968200684, -10.129975318908691, -9.9232816696167, -9.716588020324707, -9.509894371032715, -9.303200721740723, -9.096506118774414, -8.889812469482422, -8.68311882019043, -8.476425170898438, -8.269731521606445, -8.063037872314453, -7.856344223022461, -7.649650573730469, -7.442956924438477, -7.236263275146484, -7.029569625854492, -6.8228759765625, -6.616182327270508, -6.409488677978516, -6.202795028686523, -5.996101379394531, -5.789407730102539, -5.582713603973389, -5.3760199546813965, -5.169326305389404, -4.962632656097412, -4.75593900680542, -4.549245357513428, -4.3425517082214355, -4.135858058929443, -3.929164409637451, -3.722470760345459, -3.515777111053467, -3.3090829849243164, -3.102389335632324, -2.895695686340332, -2.68900203704834, -2.4823083877563477, -2.2756147384643555, -2.0689210891723633, -1.862227439880371, -1.655533790588379, -1.4488401412963867, -1.2421464920043945, -1.0354528427124023, -0.8287591934204102, -0.622065544128418, -0.4153718948364258, -0.2086782455444336, -0.001983642578125, 0.2047100067138672, 0.4114036560058594, 0.6180973052978516, 0.8247909545898438, 1.031484603881836, 1.2381782531738281, 1.4448719024658203, 1.6515655517578125, 1.8582592010498047, 2.064952850341797]}, "gradients/fc.0.weight": {"_type": "histogram", "values": [2.0, 0.0, 1.0, 0.0, 2.0, 2.0, 0.0, 1.0, 2.0, 2.0, 3.0, 3.0, 2.0, 2.0, 13.0, 13.0, 7.0, 3.0, 1.0, 0.0, 0.0, 0.0, 0.0, 0.0, 0.0, 0.0, 0.0, 0.0, 0.0, 0.0, 0.0, 0.0, 0.0, 0.0, 0.0, 0.0, 0.0, 0.0, 0.0, 0.0, 0.0, 0.0, 0.0, 0.0, 0.0, 1.0, 0.0, 0.0, 0.0, 0.0, 0.0, 1.0, 0.0, 1.0, 0.0, 0.0, 0.0, 0.0, 0.0, 1.0, 0.0, 0.0, 0.0, 1.0], "bins": [-3.3207027912139893, -3.1065287590026855, -2.8923544883728027, -2.678180456161499, -2.4640064239501953, -2.2498321533203125, -2.035658121109009, -1.821484088897705, -1.6073099374771118, -1.3931357860565186, -1.1789617538452148, -0.9647877216339111, -0.7506134510040283, -0.5364394187927246, -0.3222653865814209, -0.10809111595153809, 0.10608291625976562, 0.32025694847106934, 0.5344312191009521, 0.7486050128936768, 0.9627792835235596, 1.1769535541534424, 1.391127347946167, 1.6053016185760498, 1.8194758892059326, 2.0336496829986572, 2.24782395362854, 2.461998224258423, 2.6761720180511475, 2.8903462886810303, 3.104520559310913, 3.3186943531036377, 3.5328686237335205, 3.7470428943634033, 3.961216688156128, 4.17539119720459, 4.389565467834473, 4.603738784790039, 4.817913055419922, 5.032087326049805, 5.2462615966796875, 5.46043586730957, 5.674610137939453, 5.888784408569336, 6.102957725524902, 6.317131996154785, 6.531306266784668, 6.745480537414551, 6.959654808044434, 7.173829078674316, 7.388002395629883, 7.602176666259766, 7.816350936889648, 8.030525207519531, 8.244699478149414, 8.458873748779297, 8.673047065734863, 8.887221336364746, 9.101395606994629, 9.315569877624512, 9.529744148254395, 9.743918418884277, 9.958091735839844, 10.172266006469727, 10.38644027709961]}, "gradients/fc.1.weight": {"_type": "histogram", "values": [1.0, 0.0, 0.0, 0.0, 0.0, 0.0, 2.0, 1.0, 1.0, 1.0, 0.0, 0.0, 0.0, 0.0, 0.0, 0.0, 0.0, 0.0, 0.0, 0.0, 0.0, 0.0, 0.0, 0.0, 0.0, 0.0, 0.0, 0.0, 0.0, 0.0, 0.0, 0.0, 0.0, 0.0, 0.0, 0.0, 0.0, 0.0, 0.0, 0.0, 0.0, 0.0, 0.0, 0.0, 0.0, 0.0, 0.0, 0.0, 19.0, 7.0, 406.0, 42.0, 0.0, 0.0, 0.0, 1.0, 2.0, 2.0, 2.0, 6.0, 3.0, 3.0, 8.0, 5.0],