{"graph_0": {"_type": "graph-file", "path": "media/graph/graph_0_summary_8235c6d0.graph.json", "sha256": "8235c6d05f07c5e06c643deb9f5e681f8b6c17f7fcead39c26168e5f22ee635b", "size": 700}, "Episode length": 999, "_runtime": 27.137654304504395, "_timestamp": 1585498233.9818263, "Episode reward": -76645.29701644767, "_step": 4, "Policy Loss": -638.2125244140625, "Value Loss": 114991.5703125}
