{"graph_0": {"_type": "graph-file", "path": "media/graph/graph_0_summary_dde040c0.graph.json", "sha256": "dde040c0cde5c06d05e82ac15b8c3d426d8d8a2c8869c43afd603613d343ed84", "size": 700}, "_runtime": 6801.265220165253, "Value Loss": 23.667858123779297, "Episode length": 418, "_timestamp": 1585576717.1098535, "Episode reward": 58.19999999999968, "_step": 499, "Policy Loss": 1.8355803489685059, "gradients/fc.2.weight": {"_type": "histogram", "values": [10.0, 0.0, 0.0, 0.0, 0.0, 0.0, 0.0, 0.0, 0.0, 0.0, 0.0, 0.0, 0.0, 0.0, 0.0, 0.0, 0.0, 0.0, 0.0, 0.0, 0.0, 0.0, 0.0, 0.0, 0.0, 0.0, 0.0, 0.0, 0.0, 0.0, 0.0, 0.0, 0.0, 0.0, 0.0, 1.0, 0.0, 0.0, 0.0, 0.0, 0.0, 0.0, 0.0, 0.0, 0.0, 0.0, 0.0, 0.0, 0.0, 0.0, 0.0, 0.0, 1.0, 1.0, 0.0, 0.0, 0.0, 0.0, 0.0, 0.0, 0.0, 0.0, 2.0, 1.0], "bins": [-0.0024834992364048958, 0.012231879867613316, 0.0269472599029541, 0.041662637144327164, 0.056378018110990524, 0.07109339535236359, 0.08580876886844635, 0.10052414983510971, 0.11523953080177307, 0.12995490431785583, 0.1446702927350998, 0.15938566625118256, 0.17410103976726532, 0.18881642818450928, 0.20353180170059204, 0.218247190117836, 0.23296256363391876, 0.24767793715000153, 0.2623933255672455, 0.27710872888565063, 0.2918241024017334, 0.30653947591781616, 0.3212548494338989, 0.3359702229499817, 0.35068559646606445, 0.3654009997844696, 0.38011637330055237, 0.39483174681663513, 0.4095471203327179, 0.42426249384880066, 0.4389778971672058, 0.4536932706832886, 0.46840864419937134, 0.4831240177154541, 0.49783939123153687, 0.5125547647476196, 0.5272701382637024, 0.5419855117797852, 0.5567009449005127, 0.5714163184165955, 0.5861316919326782, 0.600847065448761, 0.6155624389648438, 0.6302778124809265, 0.6449931859970093, 0.659708559513092, 0.6744239330291748, 0.6891393065452576, 0.7038546800613403, 0.7185701131820679, 0.7332854866981506, 0.7480008602142334, 0.7627162337303162, 0.7774316072463989, 0.7921469807624817, 0.8068623542785645, 0.8215777277946472, 0.83629310131073, 0.8510084748268127, 0.8657239079475403, 0.880439281463623, 0.8951546549797058, 0.9098700284957886, 0.9245854020118713, 0.9393007755279541]}, "gradients/fc.0.weight": {"_type": "histogram", "values": [1.0, 2.0, 1.0, 0.0, 0.0, 0.0, 0.0, 0.0, 0.0, 0.0, 0.0, 0.0, 0.0, 0.0, 2.0, 0.0, 2.0, 3.0, 0.0, 0.0, 0.0, 0.0, 0.0, 0.0, 0.0, 0.0, 2.0, 0.0, 1.0, 0.0, 2.0, 0.0, 0.0, 0.0, 0.0, 1.0, 0.0, 1.0, 3.0, 1.0, 4.0, 0.0, 2.0, 1.0, 1.0, 2.0, 3.0, 1.0, 0.0, 0.0, 0.0, 1.0, 0.0, 1.0, 0.0, 0.0, 0.0, 0.0, 1.0, 1.0, 2.0, 13.0, 5.0, 4.0], "bins": [-0.12381292879581451, -0.12180201709270477, -0.11979110538959503, -0.11778019368648529, -0.11576928198337555, -0.11375837028026581, -0.11174745857715607, -0.10973654687404633, -0.10772563517093658, -0.10571472346782684, -0.1037038117647171, -0.10169289261102676, -0.09968198090791702, -0.09767106920480728, -0.09566015750169754, -0.0936492457985878, -0.09163833409547806, -0.08962742239236832, -0.08761651068925858, -0.08560559898614883, -0.08359468728303909, -0.08158376812934875, -0.07957285642623901, -0.07756194472312927, -0.07555103302001953, -0.07354012131690979, -0.07152920961380005, -0.06951829791069031, -0.06750738620758057, -0.06549647450447083, -0.06348556280136108, -0.06147465109825134, -0.0594637393951416, -0.05745282769203186, -0.05544191598892212, -0.05343100428581238, -0.05142009258270264, -0.049409180879592896, -0.047398269176483154, -0.04538735747337341, -0.04337644577026367, -0.041365526616573334, -0.03935461491346359, -0.03734370321035385, -0.03533279150724411, -0.03332187980413437, -0.03131096810102463, -0.029300056397914886, -0.027289144694805145, -0.025278232991695404, -0.023267321288585663, -0.02125640958547592, -0.01924549788236618, -0.01723458617925644, -0.015223674476146698, -0.013212762773036957, -0.011201843619346619, -0.009190931916236877, -0.007180020213127136, -0.005169108510017395, -0.003158196806907654, -0.0011472851037979126, 0.0008636265993118286, 0.00287453830242157, 0.004885450005531311]}, "gradients/fc.1.bias": {"_type": "histogram", "values": [10.0, 0.0, 0.0, 0.0, 0.0, 0.0, 0.0, 0.0, 0.0, 0.0, 0.0, 0.0, 0.0, 0.0, 0.0, 0.0, 0.0, 0.0, 0.0, 0.0, 0.0, 0.0, 0.0, 0.0, 0.0, 0.0, 0.0, 0.0, 0.0, 0.0, 0.0, 0.0, 0.0, 0.0, 0.0, 0.0, 0.0, 0.0, 0.0, 0.0, 1.0, 2.0, 0.0, 1.0, 0.0, 0.0, 1.0, 0.0, 0.0, 0.0, 0.0, 0.0, 0.0, 0.0, 0.0, 0.0, 0.0, 0.0, 0.0, 0.0, 0.0, 0.0, 0.0, 1.0], "bins": [0.0, 0.0001555421040393412, 0.0003110842080786824, 0.00046662631211802363, 0.0006221684161573648, 0.0007777105201967061, 0.0009332526242360473, 0.0010887947864830494, 0.0012443368323147297, 0.00139987887814641, 0.0015554210403934121, 0.0017109632026404142, 0.0018665052484720945, 0.002022047294303775, 0.002177589572966099, 0.002333131618797779, 0.0024886736646294594, 0.0026442157104611397, 0.00279975775629282, 0.002955300034955144, 0.0031108420807868242, 0.0032663841266185045, 0.0034219264052808285, 0.0035774684511125088, 0.003733010496944189, 0.0038885525427758694, 0.00404409458860755, 0.00419963663443923, 0.004355179145932198, 0.004510721191763878, 0.004666263237595558, 0.0048218052834272385, 0.004977347329258919, 0.005132889375090599, 0.005288431420922279, 0.00544397346675396, 0.00559951551258564, 0.0057550580240786076, 0.005910600069910288, 0.006066142115741968, 0.0062216841615736485, 0.006377226207405329, 0.006532768253237009, 0.006688310299068689, 0.006843852810561657, 0.006999394856393337, 0.0071549369022250175, 0.007310478948056698, 0.007466020993888378, 0.0076215630397200584, 0.007777105085551739, 0.007932647131383419, 0.0080881891772151, 0.00824373122304678, 0.00839927326887846, 0.00855481531471014, 0.008710358291864395, 0.008865900337696075, 0.009021442383527756, 0.009176984429359436, 0.009332526475191116, 0.009488068521022797, 0.009643610566854477, 0.009799152612686157, 0.009954694658517838]}, "gradients/fc.1.weight": {"_type": "histogram", "values": [11.0, 0.0, 7.0, 43.0, 5.0, 0.0, 0.0, 0.0, 0.0, 0.0, 320.0, 0.0, 0.0, 0.0, 0.0, 0.0, 0.0, 0.0, 0.0, 0.0, 0.0, 0.0, 0.0, 0.0, 0.0, 0.0, 0.0, 0.0, 0.0, 0.0, 0.0, 0.0, 0.0, 0.0, 0.0, 1.0, 3.0, 6.0, 13.0, 22.0, 18.0, 12.0, 12.0, 9.0, 2.0, 5.0, 1.0, 0.0, 0.0, 1.0, 0.0, 1.0, 1.0, 2.0, 2.0, 6.0, 3.0, 1.0, 2.0, 2.0, 0.0, 0.0, 0.0, 1.0], "bins": [-0.010064562782645226, -0.00908350944519043, -0.008102456107735634, -0.007121403701603413, -0.006140350364148617, -0.005159297026693821, -0.004178244154900312, -0.003197191283106804, -0.002216137945652008, -0.0012350846081972122, -0.0002540312707424164, 0.0007270211353898048, 0.0017080744728446007, 0.0026891278102993965, 0.0036701802164316177, 0.004651233553886414, 0.005632286891341209, 0.006613340228796005, 0.007594393566250801, 0.008575446903705597, 0.009556500241160393, 0.01053755171597004, 0.011518605053424835, 0.012499658390879631, 0.013480711728334427, 0.014461765065789223, 0.015442818403244019, 0.016423871740698814, 0.01740492321550846, 0.018385976552963257, 0.019367029890418053, 0.02034808322787285, 0.021329136565327644, 0.02231018804013729, 0.023291243240237236, 0.024272294715046883, 0.025253349915146828, 0.026234401389956474, 0.02721545659005642, 0.028196508064866066, 0.02917756326496601, 0.030158614739775658, 0.031139666214585304, 0.0321207195520401, 0.033101774752140045, 0.03408282995223999, 0.03506387770175934, 0.03604493290185928, 0.03702598810195923, 0.03800703585147858, 0.03898809105157852, 0.03996914625167847, 0.04095020145177841, 0.04193124920129776, 0.042912304401397705, 0.04389335960149765, 0.044874407351017, 0.04585546255111694, 0.04683651775121689, 0.047817572951316833, 0.04879862070083618, 0.04977967590093613, 0.05076073110103607, 0.05174178630113602, 0.052722834050655365]}, "gradients/fc.2.bias": {"_type": "histogram", "values": [0.0, 0.0, 0.0, 0.0, 0.0, 0.0, 0.0, 0.0, 0.0, 0.0, 0.0, 0.0, 0.0, 0.0, 0.0, 0.0, 0.0, 0.0, 0.0, 0.0, 0.0, 0.0, 0.0, 0.0, 0.0, 0.0, 0.0, 0.0, 0.0, 0.0, 0.0, 0.0, 1.0, 0.0, 0.0, 0.0, 0.0, 0.0, 0.0, 0.0, 0.0, 0.0, 0.0, 0.0, 0.0, 0.0, 0.0, 0.0, 0.0, 0.0, 0.0, 0.0, 0.0, 0.0, 0.0, 0.0, 0.0, 0.0, 0.0, 0.0, 0.0, 0.0, 0.0, 0.0],