{"graph_0": {"_type": "graph-file", "path": "media/graph/graph_0_summary_98468b18.graph.json", "sha256": "98468b18394a2b9a3555b73969a8002ccb4d9b2528ee191f49ae077512eb5e9d", "size": 700}, "Value Loss": 199.10458374023438, "_runtime": 11.062865734100342, "Policy Loss": -0.06519642472267151, "_timestamp": 1585498975.379361, "_step": 1, "Episode length": 999, "Episode reward": -99.8999999999986}
