{"graph_0": {"_type": "graph-file", "path": "media/graph/graph_0_summary_be0c4d9f.graph.json", "sha256": "be0c4d9f4c536b998afda8425434785af1c622054ce614ce9e87c2029b7e73a5", "size": 691}, "_timestamp": 1585423196.1305957, "Episode reward": -70.775833490846, "Policy Loss": -0.289272278547287, "_step": 9, "Episode length": 851, "_runtime": 30.183966636657715, "Value Loss": 11.854308128356934}
