{"graph_0": {"_type": "graph-file", "path": "media/graph/graph_0_summary_5a02a911.graph.json", "sha256": "5a02a911670705d989517c1166f748eb3f864aef346327a096773c53c4d78479", "size": 691}, "_step": 180, "Policy Loss": -12.760854721069336, "Episode reward": -100.32917802743137, "_timestamp": 1585085924.357049, "Value Loss": 0.03391135856509209, "Episode length": 999, "_runtime": 252.23263502120972, "gradients/fc.2.weight": {"_type": "histogram", "values": [1.0, 0.0, 0.0, 1.0, 0.0, 0.0, 0.0, 1.0, 0.0, 0.0, 0.0, 1.0, 0.0, 0.0, 0.0, 0.0, 0.0, 1.0, 1.0, 0.0, 0.0, 0.0, 2.0, 0.0, 0.0, 2.0, 0.0, 0.0, 0.0, 0.0, 0.0, 2.0, 0.0, 0.0, 0.0, 0.0, 0.0, 0.0, 1.0, 0.0, 0.0, 0.0, 1.0, 0.0, 0.0, 0.0, 0.0, 0.0, 0.0, 0.0, 0.0, 0.0, 0.0, 0.0, 0.0, 0.0, 1.0, 0.0, 0.0, 0.0, 0.0, 0.0, 0.0, 1.0], "bins": [-298.93878173828125, -286.1777038574219, -273.4166564941406, -260.65557861328125, -247.89451599121094, -235.13345336914062, -222.37237548828125, -209.61131286621094, -196.85025024414062, -184.08917236328125, -171.32810974121094, -158.56704711914062, -145.80596923828125, -133.04490661621094, -120.28384399414062, -107.52276611328125, -94.76170349121094, -82.00064086914062, -69.23956298828125, -56.47850036621094, -43.717437744140625, -30.95635986328125, -18.1953125, -5.434234619140625, 7.32684326171875, 20.087890625, 32.848968505859375, 45.61004638671875, 58.37109375, 71.13217163085938, 83.89324951171875, 96.654296875, 109.41537475585938, 122.17645263671875, 134.9375, 147.69857788085938, 160.45965576171875, 173.220703125, 185.98178100585938, 198.74285888671875, 211.50390625, 224.26495361328125, 237.02606201171875, 249.787109375, 262.54815673828125, 275.30926513671875, 288.0703125, 300.83135986328125, 313.59246826171875, 326.353515625, 339.11456298828125, 351.87567138671875, 364.63671875, 377.39776611328125, 390.15887451171875, 402.919921875, 415.68096923828125, 428.44207763671875, 441.203125, 453.96417236328125, 466.72528076171875, 479.486328125, 492.24737548828125, 505.00848388671875, 517.76953125]}, "gradients/fc.0.bias": {"_type": "histogram", "values": [1.0, 1.0, 0.0, 1.0, 0.0, 2.0, 0.0, 0.0, 0.0, 1.0, 0.0, 0.0, 2.0, 1.0, 0.0, 0.0, 2.0, 1.0, 1.0, 2.0, 0.0, 0.0, 0.0, 1.0, 1.0, 2.0, 1.0, 0.0, 0.0, 0.0, 0.0, 0.0, 0.0, 1.0, 0.0, 0.0, 1.0, 1.0, 0.0, 0.0, 0.0, 0.0, 1.0, 0.0, 1.0, 0.0, 1.0, 0.0, 1.0, 0.0, 1.0, 0.0, 0.0, 1.0, 1.0, 0.0, 0.0, 0.0, 0.0, 0.0, 0.0, 1.0, 0.0, 1.0], "bins": [-112.95104217529297, -107.97522735595703, -102.9994125366211, -98.02359771728516, -93.04778289794922, -88.07196807861328, -83.09614562988281, -78.12033081054688, -73.14451599121094, -68.168701171875, -63.19289016723633, -58.21707534790039, -53.24125671386719, -48.26544189453125, -43.28962707519531, -38.313812255859375, -33.33799743652344, -28.3621826171875, -23.386367797851562, -18.410552978515625, -13.434738159179688, -8.45892333984375, -3.4831085205078125, 1.492706298828125, 6.468528747558594, 11.444343566894531, 16.42015838623047, 21.395973205566406, 26.371788024902344, 31.34760284423828, 36.32341766357422, 41.299232482910156, 46.275047302246094, 51.25086212158203, 56.22667694091797, 61.202491760253906, 66.17830657958984, 71.15412139892578, 76.12993621826172, 81.10575103759766, 86.0815658569336, 91.05738067626953, 96.03319549560547, 101.0090103149414, 105.98482513427734, 110.96063995361328, 115.93645477294922, 120.91226959228516, 125.88809967041016, 130.86392211914062, 135.8397216796875, 140.8155517578125, 145.79135131835938, 150.76715087890625, 155.74298095703125, 160.71878051757812, 165.69461059570312, 170.67041015625, 175.646240234375, 180.62203979492188, 185.59786987304688, 190.57366943359375, 195.54949951171875, 200.52529907226562, 205.50112915039062]}, "gradients/fc.1.weight": {"_type": "histogram", "values": [3.0, 0.0, 0.0, 0.0, 0.0, 0.0, 0.0, 1.0, 0.0, 0.0, 0.0, 1.0, 0.0, 1.0, 1.0, 0.0, 2.0, 0.0, 4.0, 7.0, 6.0, 5.0, 8.0, 5.0, 12.0, 11.0, 15.0, 10.0, 13.0, 18.0, 11.0, 25.0, 47.0, 48.0, 40.0, 38.0, 22.0, 29.0, 31.0, 16.0, 15.0, 14.0, 3.0, 7.0, 6.0, 3.0, 2.0, 3.0, 4.0, 5.0, 4.0, 5.0, 1.0, 2.0, 1.0, 0.0, 0.0, 1.0, 2.0, 1.0, 0.0, 0.0, 0.0, 3.0], "bins": [-258.4031677246094, -250.83673095703125, -243.27029418945312, -235.703857421875, -228.13742065429688, -220.57098388671875, -213.00454711914062, -205.4381103515625, -197.87167358398438, -190.30523681640625, -182.73880004882812, -175.17236328125, -167.6059112548828, -160.0394744873047, -152.47303771972656, -144.90660095214844, -137.3401641845703, -129.7737274169922, -122.20729064941406, -114.64085388183594, -107.07441711425781, -99.50798034667969, -91.94154357910156, -84.37510681152344, -76.80865478515625, -69.24221801757812, -61.67578125, -54.109344482421875, -46.54290771484375, -38.976470947265625, -31.4100341796875, -23.843597412109375, -16.27716064453125, -8.710723876953125, -1.144287109375, 6.422149658203125, 13.98858642578125, 21.555023193359375, 29.1214599609375, 36.687896728515625, 44.25433349609375, 51.820770263671875, 59.38720703125, 66.95364379882812, 74.52008056640625, 82.08651733398438, 89.6529541015625, 97.21939086914062, 104.78585815429688, 112.352294921875, 119.91873168945312, 127.48516845703125, 135.05160522460938, 142.6180419921875, 150.18447875976562, 157.75091552734375, 165.31735229492188, 172.8837890625, 180.45022583007812, 188.01666259765625, 195.58309936523438, 203.1495361328125, 210.71597290039062, 218.28240966796875, 225.84884643554688]}, "gradients/fc.2.bias": {"_type": "histogram", "values": [0.0, 0.0, 0.0, 0.0, 0.0, 0.0, 0.0, 0.0, 0.0, 0.0, 0.0, 0.0, 0.0, 0.0, 0.0, 0.0, 0.0, 0.0, 0.0, 0.0, 0.0, 0.0, 0.0, 0.0, 0.0, 0.0, 0.0, 0.0, 0.0, 0.0, 0.0, 0.0, 1.0, 0.0, 0.0, 0.0, 0.0, 0.0, 0.0, 0.0, 0.0, 0.0, 0.0, 0.0, 0.0, 0.0, 0.0, 0.0, 0.0, 0.0, 0.0, 0.0, 0.0, 0.0, 0.0, 0.0, 0.0, 0.0, 0.0, 0.0, 0.0, 0.0, 0.0, 0.0], "bins": [535.6556396484375, 535.6556396484375, 535.6556396484375, 535.6556396484375, 535.6556396484375, 535.6556396484375, 535.6556396484375, 535.6556396484375, 535.6556396484375, 535.6556396484375, 535.6556396484375, 535.6556396484375, 535.6556396484375, 535.6556396484375, 535.6556396484375, 535.6556396484375, 535.6556396484375, 535.6556396484375, 535.6556396484375, 535.6556396484375, 535.6556396484375, 535.6556396484375, 535.6556396484375, 535.6556396484375, 535.6556396484375, 535.6556396484375, 535.6556396484375, 535.6556396484375, 535.6556396484375, 535.6556396484375, 535.6556396484375, 535.6556396484375, 535.6556396484375, 535.6556396484375, 535.6556396484375, 535.6556396484375, 535.6556396484375, 535.6556396484375, 535.6556396484375, 535.6556396484375, 535.6556396484375, 535.6556396484375, 535.6556396484375, 535.6556396484375, 535.6556396484375, 535.6556396484375, 535.6556396484375, 535.6556396484375, 535.6556396484375, 535.6556396484375, 535.6556396484375, 535.6556396484375, 535.6556396484375, 535.6556396484375, 535.6556396484375, 535.6556396484375, 535.6556396484375, 535.6556396484375, 535.6556396484375, 535.6556396484375, 535.6556396484375, 535.6556396484375, 535.6556396484375, 535.6556396484375, 535.6556396484375]}, "gradients/fc.1.bias": {"_type": "histogram", "values": [1.0, 0.0, 0.0, 0.0, 0.0, 0.0, 0.0, 0.0, 0.0, 0.0, 0.0, 0.0, 0.0, 0.0, 0.0, 0.0, 0.0, 0.0, 1.0, 1.0, 0.0, 0.0, 0.0, 0.0, 2.0, 1.0, 0.0, 0.0, 0.0, 0.0, 1.0, 0.0, 1.0, 0.0, 0.0, 1.0, 0.0, 2.0, 0.0, 1.0, 0.0, 0.0, 0.0, 1.0, 0.0, 0.0, 0.0, 0.0, 0.0, 0.0, 0.0, 1.0, 0.0, 0.0, 0.0, 0.0, 0.0, 0.0, 0.0, 1.0, 0.0, 0.0, 0.0, 1.0],