{"graph_0": {"_type": "graph-file", "path": "media/graph/graph_0_summary_088efed5.graph.json", "sha256": "088efed5247327e0aec3d68e884e73f6e330d7138dc3cadf9e2dc96466a1c0c4", "size": 700}, "_runtime": 7592.330361366272, "Episode reward": 18.000000000000384, "Value Loss": 10.788143157958984, "Policy Loss": 0.01928732357919216, "_step": 499, "_timestamp": 1585516670.751091, "Episode length": 820, "gradients/fc.0.bias": {"_type": "histogram", "values": [1.0, 0.0, 0.0, 0.0, 0.0, 2.0, 0.0, 0.0, 0.0, 0.0, 0.0, 0.0, 0.0, 0.0, 0.0, 0.0, 0.0, 0.0, 0.0, 0.0, 1.0, 0.0, 0.0, 0.0, 0.0, 0.0, 0.0, 0.0, 0.0, 0.0, 0.0, 1.0, 0.0, 0.0, 0.0, 0.0, 0.0, 0.0, 0.0, 0.0, 0.0, 0.0, 0.0, 0.0, 0.0, 0.0, 0.0, 2.0, 1.0, 0.0, 1.0, 4.0, 3.0, 0.0, 0.0, 4.0, 1.0, 2.0, 1.0, 2.0, 0.0, 3.0, 1.0, 2.0], "bins": [-15.095038414001465, -14.821817398071289, -14.548596382141113, -14.275375366210938, -14.002155303955078, -13.728934288024902, -13.455713272094727, -13.18249225616455, -12.909271240234375, -12.6360502243042, -12.362829208374023, -12.089609146118164, -11.816387176513672, -11.543167114257812, -11.269946098327637, -10.996725082397461, -10.723504066467285, -10.45028305053711, -10.177062034606934, -9.903841018676758, -9.630620956420898, -9.357398986816406, -9.084178924560547, -8.810957908630371, -8.537736892700195, -8.26451587677002, -7.991294860839844, -7.718074321746826, -7.44485330581665, -7.171632289886475, -6.898411750793457, -6.625190734863281, -6.3519697189331055, -6.07874870300293, -5.805527687072754, -5.532306671142578, -5.259085655212402, -4.985865592956543, -4.712644577026367, -4.439423561096191, -4.166202545166016, -3.89298152923584, -3.619760513305664, -3.3465394973754883, -3.073319435119629, -2.800098419189453, -2.5268774032592773, -2.2536563873291016, -1.9804353713989258, -1.70721435546875, -1.4339933395385742, -1.1607723236083984, -0.8875513076782227, -0.6143312454223633, -0.3411102294921875, -0.06788921356201172, 0.20533180236816406, 0.47855281829833984, 0.7517738342285156, 1.0249948501586914, 1.2982149124145508, 1.571436882019043, 1.8446569442749023, 2.1178789138793945, 2.391098976135254]}, "gradients/fc.0.weight": {"_type": "histogram", "values": [1.0, 0.0, 0.0, 0.0, 0.0, 0.0, 0.0, 2.0, 0.0, 3.0, 2.0, 1.0, 3.0, 0.0, 0.0, 0.0, 0.0, 3.0, 0.0, 0.0, 2.0, 0.0, 0.0, 0.0, 0.0, 0.0, 1.0, 1.0, 0.0, 0.0, 0.0, 0.0, 1.0, 0.0, 3.0, 2.0, 3.0, 1.0, 2.0, 0.0, 1.0, 7.0, 4.0, 2.0, 1.0, 3.0, 4.0, 0.0, 2.0, 1.0, 1.0, 0.0, 0.0, 0.0, 0.0, 1.0, 3.0, 0.0, 1.0, 0.0, 0.0, 1.0, 0.0, 1.0], "bins": [-1.716655969619751, -1.6748138666152954, -1.6329717636108398, -1.5911297798156738, -1.5492876768112183, -1.5074455738067627, -1.4656034708023071, -1.4237613677978516, -1.381919264793396, -1.3400771617889404, -1.2982351779937744, -1.2563930749893188, -1.2145509719848633, -1.1727088689804077, -1.1308667659759521, -1.0890247821807861, -1.047182559967041, -1.005340576171875, -0.9634984731674194, -0.9216563701629639, -0.8798142671585083, -0.8379722237586975, -0.7961301207542419, -0.7542880177497864, -0.7124459743499756, -0.67060387134552, -0.6287617683410645, -0.5869196653366089, -0.5450775623321533, -0.5032355785369873, -0.46139347553253174, -0.41955137252807617, -0.3777092695236206, -0.33586716651916504, -0.2940250635147095, -0.2521829605102539, -0.2103409767150879, -0.16849887371063232, -0.12665677070617676, -0.08481466770172119, -0.042972564697265625, -0.0011304616928100586, 0.04071152210235596, 0.08255362510681152, 0.12439572811126709, 0.16623783111572266, 0.20807993412017822, 0.2499220371246338, 0.2917640209197998, 0.3336062431335449, 0.37544822692871094, 0.41729044914245605, 0.45913243293762207, 0.5009744167327881, 0.5428166389465332, 0.5846586227416992, 0.6265008449554443, 0.6683428287506104, 0.7101848125457764, 0.7520270347595215, 0.7938690185546875, 0.8357112407684326, 0.8775532245635986, 0.9193954467773438, 0.9612374305725098]}, "gradients/fc.1.weight": {"_type": "histogram", "values": [1.0, 0.0, 2.0, 1.0, 0.0, 2.0, 1.0, 1.0, 2.0, 0.0, 1.0, 0.0, 1.0, 1.0, 1.0, 3.0, 1.0, 4.0, 1.0, 1.0, 1.0, 3.0, 1.0, 0.0, 1.0, 2.0, 2.0, 0.0, 1.0, 4.0, 1.0, 1.0, 2.0, 3.0, 1.0, 0.0, 1.0, 1.0, 4.0, 3.0, 2.0, 3.0, 8.0, 2.0, 2.0, 1.0, 1.0, 3.0, 1.0, 4.0, 1.0, 0.0, 0.0, 0.0, 320.0, 0.0, 0.0, 1.0, 21.0, 24.0, 23.0, 14.0, 16.0, 9.0], "bins": [-3.7588112354278564, -3.690096855163574, -3.621382474899292, -3.5526680946350098, -3.4839539527893066, -3.4152395725250244, -3.346525192260742, -3.27781081199646, -3.2090964317321777, -3.1403820514678955, -3.0716676712036133, -3.00295352935791, -2.934238910675049, -2.8655247688293457, -2.7968103885650635, -2.7280960083007812, -2.659381628036499, -2.590667247772217, -2.5219528675079346, -2.4532384872436523, -2.384524345397949, -2.315809726715088, -2.2470955848693848, -2.1783812046051025, -2.1096668243408203, -2.040952444076538, -1.9722380638122559, -1.9035238027572632, -1.834809422492981, -1.7660950422286987, -1.697380781173706, -1.6286664009094238, -1.5599520206451416, -1.4912376403808594, -1.4225232601165771, -1.353808879852295, -1.2850944995880127, -1.2163803577423096, -1.1476659774780273, -1.0789515972137451, -1.010237216949463, -0.9415228366851807, -0.8728084564208984, -0.8040940761566162, -0.7353799343109131, -0.6666655540466309, -0.5979511737823486, -0.5292367935180664, -0.4605224132537842, -0.39180803298950195, -0.3230936527252197, -0.2543792724609375, -0.18566489219665527, -0.11695075035095215, -0.04823637008666992, 0.020478010177612305, 0.08919239044189453, 0.15790677070617676, 0.22662115097045898, 0.2953355312347412, 0.36404967308044434, 0.43276429176330566, 0.5014784336090088, 0.5701930522918701, 0.6389071941375732]}, "gradients/fc.2.weight": {"_type": "histogram", "values": [1.0, 0.0, 0.0, 0.0, 0.0, 0.0, 0.0, 0.0, 0.0, 0.0, 1.0, 0.0, 0.0, 1.0, 0.0, 0.0, 0.0, 0.0, 0.0, 0.0, 0.0, 0.0, 0.0, 0.0, 0.0, 0.0, 0.0, 0.0, 0.0, 0.0, 0.0, 0.0, 0.0, 0.0, 0.0, 0.0, 0.0, 0.0, 0.0, 0.0, 0.0, 0.0, 0.0, 0.0, 0.0, 0.0, 0.0, 0.0, 0.0, 0.0, 0.0, 0.0, 0.0, 1.0, 0.0, 0.0, 0.0, 2.0, 0.0, 0.0, 0.0, 0.0, 0.0, 10.0], "bins": [-36.247047424316406, -35.6777458190918, -35.10844421386719, -34.53914260864258, -33.969844818115234, -33.400543212890625, -32.831241607666016, -32.261940002441406, -31.692638397216797, -31.12333869934082, -30.55403709411621, -29.984737396240234, -29.415435791015625, -28.846134185791016, -28.276832580566406, -27.707530975341797, -27.13823127746582, -26.568931579589844, -25.999629974365234, -25.430328369140625, -24.861026763916016, -24.291725158691406, -23.72242546081543, -23.15312385559082, -22.583824157714844, -22.014522552490234, -21.445220947265625, -20.875919342041016, -20.30661964416504, -19.73731803894043, -19.16801643371582, -18.598716735839844, -18.029415130615234, -17.460113525390625, -16.89081382751465, -16.32151222229004, -15.75221061706543, -15.182910919189453, -14.613609313964844, -14.044307708740234, -13.475006103515625, -12.905706405639648, -12.336404800415039, -11.76710319519043, -11.197803497314453, -10.628501892089844, -10.059200286865234, -9.489900588989258, -8.920598983764648, -8.351297378540039, -7.7819976806640625, -7.212696075439453, -6.643394470214844, -6.074094772338867, -5.504793167114258, -4.935491561889648, -4.366191864013672, -3.7968902587890625, -3.227588653564453, -2.6582870483398438, -2.0889854431152344, -1.5196876525878906, -0.9503860473632812, -0.3810844421386719, 0.1882171630859375]}, "gradients/fc.2.bias": {"_type": "histogram", "values": [0.0, 0.0, 0.0, 0.0, 0.0, 0.0, 0.0, 0.0, 0.0, 0.0, 0.0, 0.0, 0.0, 0.0, 0.0, 0.0, 0.0, 0.0, 0.0, 0.0, 0.0, 0.0, 0.0, 0.0, 0.0, 0.0, 0.0, 0.0, 0.0, 0.0, 0.0, 1.0, 0.0, 0.0, 0.0, 0.0, 0.0, 0.0, 0.0, 0.0, 0.0, 0.0, 0.0, 0.0, 0.0, 0.0, 0.0, 0.0, 0.0, 0.0, 0.0, 0.0, 0.0, 0.0, 0.0, 0.0, 0.0, 0.0, 0.0, 0.0, 0.0, 0.0, 0.0, 0.0],