{"graph_0": {"_type": "graph-file", "path": "media/graph/graph_0_summary_879b03e9.graph.json", "sha256": "879b03e938d2f168c034ae878a9b15c0f76cb6f9df682a781c0dfb6c1393adf6", "size": 691}, "Episode length": 999, "Policy Loss": -0.5611032247543335, "Episode reward": -102.92340481313941, "_runtime": 468.63417387008667, "_timestamp": 1585136304.0912075, "Value Loss": 0.03150244057178497, "_step": 400, "gradients/fc.0.weight": {"_type": "histogram", "values": [3.0, 0.0, 0.0, 1.0, 0.0, 1.0, 0.0, 1.0, 0.0, 0.0, 0.0, 1.0, 1.0, 1.0, 1.0, 1.0, 0.0, 2.0, 0.0, 2.0, 0.0, 17.0, 15.0, 1.0, 1.0, 2.0, 1.0, 0.0, 0.0, 0.0, 0.0, 0.0, 0.0, 1.0, 0.0, 0.0, 1.0, 1.0, 0.0, 1.0, 0.0, 0.0, 0.0, 0.0, 0.0, 1.0, 2.0, 0.0, 1.0, 0.0, 0.0, 1.0, 0.0, 0.0, 0.0, 1.0, 0.0, 0.0, 0.0, 0.0, 1.0, 0.0, 0.0, 1.0], "bins": [-1.0107933282852173, -0.9647046327590942, -0.918615996837616, -0.8725273013114929, -0.8264386653900146, -0.7803499698638916, -0.7342612743377686, -0.6881725788116455, -0.6420839428901672, -0.595995306968689, -0.5499066114425659, -0.5038179159164429, -0.4577292203903198, -0.41164058446884155, -0.3655518889427185, -0.31946325302124023, -0.2733745574951172, -0.22728586196899414, -0.18119722604751587, -0.13510853052139282, -0.08901989459991455, -0.042931199073791504, 0.003157496452331543, 0.04924619197845459, 0.09533488750457764, 0.14142346382141113, 0.18751215934753418, 0.23360085487365723, 0.2796895503997803, 0.3257782459259033, 0.3718668222427368, 0.41795551776885986, 0.4640442132949829, 0.510132908821106, 0.556221604347229, 0.6023101806640625, 0.6483988761901855, 0.6944875717163086, 0.7405762672424316, 0.7866649627685547, 0.8327535390853882, 0.8788422346115112, 0.9249309301376343, 0.9710196256637573, 1.0171083211898804, 1.0631970167160034, 1.1092857122421265, 1.1553744077682495, 1.2014631032943726, 1.2475515604019165, 1.2936402559280396, 1.3397289514541626, 1.3858176469802856, 1.4319063425064087, 1.4779950380325317, 1.5240837335586548, 1.5701724290847778, 1.6162611246109009, 1.662349820137024, 1.7084382772445679, 1.754526972770691, 1.800615668296814, 1.846704363822937, 1.89279305934906, 1.938881754875183]}, "gradients/fc.1.weight": {"_type": "histogram", "values": [2.0, 1.0, 0.0, 0.0, 1.0, 3.0, 0.0, 0.0, 0.0, 2.0, 1.0, 2.0, 4.0, 6.0, 4.0, 5.0, 1.0, 4.0, 5.0, 3.0, 7.0, 7.0, 17.0, 11.0, 26.0, 24.0, 26.0, 28.0, 35.0, 43.0, 42.0, 46.0, 20.0, 17.0, 16.0, 9.0, 9.0, 16.0, 10.0, 12.0, 8.0, 6.0, 6.0, 4.0, 10.0, 4.0, 1.0, 1.0, 1.0, 0.0, 1.0, 0.0, 1.0, 0.0, 0.0, 0.0, 0.0, 1.0, 0.0, 0.0, 0.0, 0.0, 2.0, 1.0], "bins": [-3.724886178970337, -3.599524974822998, -3.474163770675659, -3.3488025665283203, -3.2234416007995605, -3.0980801582336426, -2.972719192504883, -2.847357988357544, -2.721996784210205, -2.596635580062866, -2.4712743759155273, -2.3459134101867676, -2.2205519676208496, -2.09519100189209, -1.969829797744751, -1.844468593597412, -1.7191073894500732, -1.5937461853027344, -1.4683849811553955, -1.3430237770080566, -1.2176625728607178, -1.092301607131958, -0.9669404029846191, -0.8415791988372803, -0.7162179946899414, -0.5908567905426025, -0.46549558639526367, -0.3401343822479248, -0.21477341651916504, -0.08941221237182617, 0.035948991775512695, 0.16131019592285156, 0.28667140007019043, 0.4120323657989502, 0.5373938083648682, 0.6627547740936279, 0.7881162166595459, 0.9134771823883057, 1.0388386249542236, 1.1641995906829834, 1.2895610332489014, 1.4149219989776611, 1.540282964706421, 1.6656444072723389, 1.7910053730010986, 1.9163668155670166, 2.0417277812957764, 2.1670892238616943, 2.292450189590454, 2.417811155319214, 2.543172597885132, 2.6685335636138916, 2.7938950061798096, 2.9192559719085693, 3.0446174144744873, 3.169978380203247, 3.295339345932007, 3.420700788497925, 3.5460617542266846, 3.6714231967926025, 3.7967841625213623, 3.9221456050872803, 4.047506332397461, 4.172867774963379, 4.298229217529297]}, "gradients/fc.0.bias": {"_type": "histogram", "values": [1.0, 0.0, 1.0, 0.0, 0.0, 0.0, 0.0, 0.0, 1.0, 0.0, 2.0, 0.0, 0.0, 0.0, 1.0, 1.0, 0.0, 1.0, 0.0, 0.0, 0.0, 1.0, 0.0, 0.0, 1.0, 0.0, 0.0, 1.0, 0.0, 1.0, 0.0, 0.0, 0.0, 0.0, 0.0, 1.0, 1.0, 1.0, 2.0, 0.0, 0.0, 0.0, 1.0, 2.0, 1.0, 0.0, 1.0, 1.0, 0.0, 2.0, 0.0, 1.0, 0.0, 1.0, 0.0, 0.0, 0.0, 1.0, 1.0, 0.0, 1.0, 0.0, 1.0, 1.0], "bins": [-3.4948244094848633, -3.4083142280578613, -3.3218038082122803, -3.2352936267852783, -3.1487832069396973, -3.0622730255126953, -2.9757628440856934, -2.8892524242401123, -2.8027420043945312, -2.7162318229675293, -2.6297216415405273, -2.5432112216949463, -2.4567010402679443, -2.3701906204223633, -2.2836804389953613, -2.1971702575683594, -2.1106598377227783, -2.0241494178771973, -1.9376392364501953, -1.8511289358139038, -1.7646186351776123, -1.6781084537506104, -1.5915981531143188, -1.5050878524780273, -1.4185776710510254, -1.3320672512054443, -1.2455570697784424, -1.1590466499328613, -1.0725364685058594, -0.9860260486602783, -0.8995158672332764, -0.8130054473876953, -0.7264952659606934, -0.6399850845336914, -0.5534746646881104, -0.4669644832611084, -0.38045406341552734, -0.2939438819885254, -0.20743346214294434, -0.12092328071594238, -0.03441286087036133, 0.052097320556640625, 0.13860750198364258, 0.22511792182922363, 0.3116281032562256, 0.39813852310180664, 0.4846487045288086, 0.5711588859558105, 0.6576690673828125, 0.7441797256469727, 0.8306899070739746, 0.9172000885009766, 1.0037102699279785, 1.0902209281921387, 1.1767311096191406, 1.2632412910461426, 1.3497514724731445, 1.4362616539001465, 1.5227723121643066, 1.6092824935913086, 1.6957926750183105, 1.7823028564453125, 1.8688135147094727, 1.9553236961364746, 2.0418338775634766]}, "gradients/fc.2.weight": {"_type": "histogram", "values": [1.0, 0.0, 0.0, 0.0, 0.0, 0.0, 0.0, 0.0, 0.0, 0.0, 1.0, 0.0, 0.0, 0.0, 0.0, 0.0, 0.0, 0.0, 1.0, 0.0, 0.0, 0.0, 0.0, 0.0, 1.0, 0.0, 0.0, 0.0, 0.0, 0.0, 0.0, 0.0, 0.0, 0.0, 2.0, 1.0, 1.0, 0.0, 0.0, 1.0, 0.0, 0.0, 1.0, 1.0, 0.0, 0.0, 0.0, 1.0, 0.0, 0.0, 0.0, 0.0, 0.0, 1.0, 0.0, 1.0, 0.0, 0.0, 0.0, 1.0, 0.0, 0.0, 0.0, 1.0], "bins": [-8.988480567932129, -8.765507698059082, -8.542533874511719, -8.319561004638672, -8.096588134765625, -7.873614311218262, -7.650641441345215, -7.42766809463501, -7.204694747924805, -6.9817214012146, -6.7587480545043945, -6.535775184631348, -6.312801837921143, -6.0898284912109375, -5.866855621337891, -5.6438822746276855, -5.4209089279174805, -5.197935581207275, -4.97496223449707, -4.751989364624023, -4.529016017913818, -4.306042671203613, -4.083069801330566, -3.8600964546203613, -3.6371231079101562, -3.414149761199951, -3.191176414489746, -2.968203544616699, -2.745230197906494, -2.522256851196289, -2.299283981323242, -2.076310634613037, -1.853337287902832, -1.630363941192627, -1.4073905944824219, -1.184417724609375, -0.9614439010620117, -0.7384710311889648, -0.515498161315918, -0.2925243377685547, -0.06955146789550781, 0.15342140197753906, 0.37639522552490234, 0.5993680953979492, 0.8223409652709961, 1.0453147888183594, 1.2682876586914062, 1.4912614822387695, 1.7142343521118164, 1.9372072219848633, 2.1601810455322266, 2.3831539154052734, 2.6061277389526367, 2.8291006088256836, 3.0520734786987305, 3.2750473022460938, 3.4980201721191406, 3.7209930419921875, 3.943966865539551, 4.166939735412598, 4.3899126052856445, 4.612886428833008, 4.835859298706055, 5.058833122253418, 5.281805992126465]}, "gradients/fc.1.bias": {"_type": "histogram", "values": [1.0, 0.0, 0.0, 0.0, 1.0, 0.0, 0.0, 0.0, 0.0, 0.0, 0.0, 1.0, 0.0, 0.0, 0.0, 0.0, 0.0, 0.0, 0.0, 0.0, 1.0, 0.0, 0.0, 0.0, 1.0, 0.0, 2.0, 1.0, 0.0, 0.0, 0.0, 1.0, 0.0, 1.0, 0.0, 0.0, 0.0, 0.0, 1.0, 1.0, 1.0, 0.0, 0.0, 0.0, 1.0, 1.0, 0.0, 0.0, 0.0, 0.0, 0.0, 0.0, 0.0, 0.0, 0.0, 0.0, 0.0, 0.0, 0.0, 0.0, 0.0, 0.0, 0.0, 1.0],