{"graph_0": {"_type": "graph-file", "path": "media/graph/graph_0_summary_6bbf6bb2.graph.json", "sha256": "6bbf6bb257c6a8ba07c337411e7ba38922abee1c385178fad0f19b9c6070ce57", "size": 700}, "_timestamp": 1585616294.2871234, "Episode length": 999, "Episode reward": -99.8999999999986, "Policy Loss": -1.2205990552902222, "_step": 499, "Value Loss": 0.03290852531790733, "_runtime": 18924.654253959656, "gradients/fc.2.bias": {"_type": "histogram", "values": [0.0, 0.0, 0.0, 0.0, 0.0, 0.0, 0.0, 0.0, 0.0, 0.0, 0.0, 0.0, 0.0, 0.0, 0.0, 0.0, 0.0, 0.0, 0.0, 0.0, 0.0, 0.0, 0.0, 0.0, 0.0, 0.0, 0.0, 0.0, 0.0, 0.0, 0.0, 0.0, 1.0, 0.0, 0.0, 0.0, 0.0, 0.0, 0.0, 0.0, 0.0, 0.0, 0.0, 0.0, 0.0, 0.0, 0.0, 0.0, 0.0, 0.0, 0.0, 0.0, 0.0, 0.0, 0.0, 0.0, 0.0, 0.0, 0.0, 0.0, 0.0, 0.0, 0.0, 0.0], "bins": [0.012465590611100197, 0.012465590611100197, 0.012465590611100197, 0.012465590611100197, 0.012465590611100197, 0.012465590611100197, 0.012465590611100197, 0.012465590611100197, 0.012465590611100197, 0.012465590611100197, 0.012465590611100197, 0.012465590611100197, 0.012465590611100197, 0.012465590611100197, 0.012465590611100197, 0.012465590611100197, 0.012465590611100197, 0.012465590611100197, 0.012465590611100197, 0.012465590611100197, 0.012465590611100197, 0.012465590611100197, 0.012465590611100197, 0.012465590611100197, 0.012465590611100197, 0.012465590611100197, 0.012465590611100197, 0.012465590611100197, 0.012465590611100197, 0.012465590611100197, 0.012465590611100197, 0.012465590611100197, 0.012465590611100197, 0.012465590611100197, 0.012465590611100197, 0.012465590611100197, 0.012465590611100197, 0.012465590611100197, 0.012465590611100197, 0.012465590611100197, 0.012465590611100197, 0.012465590611100197, 0.012465590611100197, 0.012465590611100197, 0.012465590611100197, 0.012465590611100197, 0.012465590611100197, 0.012465590611100197, 0.012465590611100197, 0.012465590611100197, 0.012465590611100197, 0.012465590611100197, 0.012465590611100197, 0.012465590611100197, 0.012465590611100197, 0.012465590611100197, 0.012465590611100197, 0.012465590611100197, 0.012465590611100197, 0.012465590611100197, 0.012465590611100197, 0.012465590611100197, 0.012465590611100197, 0.012465590611100197, 0.012465590611100197]}, "gradients/fc.2.weight": {"_type": "histogram", "values": [12.0, 1.0, 0.0, 0.0, 0.0, 1.0, 0.0, 0.0, 0.0, 0.0, 0.0, 0.0, 0.0, 0.0, 0.0, 0.0, 0.0, 0.0, 0.0, 0.0, 0.0, 0.0, 0.0, 0.0, 0.0, 0.0, 0.0, 0.0, 0.0, 0.0, 0.0, 0.0, 0.0, 0.0, 0.0, 0.0, 0.0, 0.0, 0.0, 0.0, 0.0, 0.0, 0.0, 0.0, 0.0, 0.0, 0.0, 0.0, 0.0, 0.0, 0.0, 0.0, 1.0, 0.0, 0.0, 0.0, 0.0, 0.0, 0.0, 0.0, 0.0, 0.0, 0.0, 1.0], "bins": [-0.014429443515837193, 0.00782597903162241, 0.030081402510404587, 0.05233682692050934, 0.07459224760532379, 0.09684766829013824, 0.1191030964255333, 0.14135850965976715, 0.1636139303445816, 0.18586935102939606, 0.2081247717142105, 0.23038019239902496, 0.2526356279850006, 0.27489104866981506, 0.2971464693546295, 0.31940189003944397, 0.3416573107242584, 0.3639127314090729, 0.38616815209388733, 0.4084235727787018, 0.43067899346351624, 0.4529344141483307, 0.47518983483314514, 0.497445285320282, 0.5197007060050964, 0.5419561266899109, 0.5642115473747253, 0.5864669680595398, 0.6087223887443542, 0.6309778094291687, 0.6532332301139832, 0.6754886507987976, 0.6977440714836121, 0.7199994921684265, 0.742254912853241, 0.7645103335380554, 0.7867657542228699, 0.8090211749076843, 0.8312765955924988, 0.8535320162773132, 0.8757874369621277, 0.8980428576469421, 0.9202982783317566, 0.942553699016571, 0.9648091197013855, 0.9870645999908447, 1.0093200206756592, 1.0315754413604736, 1.053830862045288, 1.0760862827301025, 1.098341703414917, 1.1205971240997314, 1.142852544784546, 1.1651079654693604, 1.1873633861541748, 1.2096188068389893, 1.2318742275238037, 1.2541296482086182, 1.2763850688934326, 1.298640489578247, 1.3208959102630615, 1.343151330947876, 1.3654067516326904, 1.3876621723175049, 1.4099175930023193]}, "gradients/fc.1.bias": {"_type": "histogram", "values": [9.0, 0.0, 0.0, 0.0, 0.0, 0.0, 0.0, 0.0, 0.0, 0.0, 0.0, 0.0, 0.0, 1.0, 0.0, 1.0, 0.0, 0.0, 0.0, 0.0, 0.0, 0.0, 0.0, 0.0, 0.0, 1.0, 1.0, 0.0, 0.0, 0.0, 0.0, 0.0, 0.0, 0.0, 0.0, 0.0, 1.0, 0.0, 0.0, 0.0, 0.0, 0.0, 0.0, 0.0, 0.0, 0.0, 0.0, 0.0, 0.0, 0.0, 0.0, 0.0, 0.0, 0.0, 0.0, 1.0, 0.0, 0.0, 0.0, 0.0, 0.0, 0.0, 0.0, 1.0], "bins": [0.0, 0.0010486072860658169, 0.0020972145721316338, 0.0031458218581974506, 0.0041944291442632675, 0.005243036430329084, 0.006291643716394901, 0.007340251002460718, 0.008388858288526535, 0.00943746604025364, 0.010486072860658169, 0.011534679681062698, 0.012583287432789803, 0.013631895184516907, 0.014680502004921436, 0.015729108825325966, 0.01677771657705307, 0.017826324328780174, 0.01887493208050728, 0.019923537969589233, 0.020972145721316338, 0.022020753473043442, 0.023069359362125397, 0.0241179671138525, 0.025166574865579605, 0.02621518261730671, 0.027263790369033813, 0.02831239625811577, 0.029361004009842873, 0.030409611761569977, 0.03145821765065193, 0.032506827265024185, 0.03355543315410614, 0.034604039043188095, 0.03565264865756035, 0.0367012545466423, 0.03774986416101456, 0.03879847005009651, 0.03984707593917847, 0.04089568555355072, 0.041944291442632675, 0.04299289733171463, 0.044041506946086884, 0.04509011283516884, 0.04613871872425079, 0.04718732833862305, 0.048235934227705, 0.049284543842077255, 0.05033314973115921, 0.051381755620241165, 0.05243036523461342, 0.053478971123695374, 0.05452758073806763, 0.05557618662714958, 0.05662479251623154, 0.05767340213060379, 0.058722008019685745, 0.0597706139087677, 0.060819223523139954, 0.06186782941222191, 0.06291643530130386, 0.06396504491567612, 0.06501365453004837, 0.06606225669384003, 0.06711086630821228]}, "gradients/fc.0.weight": {"_type": "histogram", "values": [1.0, 0.0, 0.0, 0.0, 0.0, 0.0, 0.0, 0.0, 0.0, 0.0, 0.0, 0.0, 1.0, 0.0, 0.0, 0.0, 0.0, 0.0, 0.0, 0.0, 0.0, 0.0, 0.0, 0.0, 0.0, 0.0, 0.0, 0.0, 0.0, 0.0, 0.0, 0.0, 0.0, 0.0, 1.0, 0.0, 0.0, 0.0, 0.0, 1.0, 1.0, 1.0, 5.0, 0.0, 2.0, 1.0, 2.0, 5.0, 15.0, 9.0, 7.0, 1.0, 0.0, 1.0, 1.0, 0.0, 0.0, 2.0, 0.0, 1.0, 1.0, 1.0, 2.0, 2.0], "bins": [-0.261260986328125, -0.2559104263782501, -0.25055989623069763, -0.24520933628082275, -0.23985879123210907, -0.23450824618339539, -0.2291576862335205, -0.22380714118480682, -0.21845659613609314, -0.21310605108737946, -0.20775550603866577, -0.2024049460887909, -0.1970544010400772, -0.19170385599136353, -0.18635329604148865, -0.18100275099277496, -0.17565220594406128, -0.1703016608953476, -0.1649511158466339, -0.15960055589675903, -0.15425001084804535, -0.14889946579933167, -0.1435489058494568, -0.1381983608007431, -0.13284781575202942, -0.12749727070331573, -0.12214672565460205, -0.11679616570472717, -0.11144562065601349, -0.1060950756072998, -0.10074451565742493, -0.09539397060871124, -0.09004342555999756, -0.08469288051128387, -0.07934233546257019, -0.07399177551269531, -0.06864123046398163, -0.06329068541526794, -0.057940125465393066, -0.05258958041667938, -0.0472390353679657, -0.041888490319252014, -0.03653794527053833, -0.031187385320663452, -0.025836840271949768, -0.020486295223236084, -0.015135735273361206, -0.009785205125808716, -0.004434645175933838, 0.00091591477394104, 0.00626644492149353, 0.011617004871368408, 0.0169675350189209, 0.022318094968795776, 0.027668654918670654, 0.033019185066223145, 0.03836974501609802, 0.0437203049659729, 0.04907083511352539, 0.05442139506340027, 0.059771955013275146, 0.06512248516082764, 0.07047304511070251, 0.075823575258255, 0.08117413520812988]}, "gradients/fc.1.weight": {"_type": "histogram", "values": [17.0, 12.0, 10.0, 3.0, 8.0, 10.0, 21.0, 24.0, 23.0, 19.0, 0.0, 298.0, 13.0, 6.0, 5.0, 8.0, 3.0, 4.0, 3.0, 2.0, 1.0, 1.0, 3.0, 1.0, 1.0, 1.0, 1.0, 2.0, 1.0, 0.0, 1.0, 1.0, 1.0, 0.0, 1.0, 0.0, 1.0, 0.0, 0.0, 1.0, 0.0, 1.0, 0.0, 0.0, 0.0, 1.0, 0.0, 0.0, 0.0, 0.0, 1.0, 0.0, 0.0, 0.0, 0.0, 0.0, 0.0, 1.0, 0.0, 0.0, 0.0, 0.0, 0.0, 1.0],