{"graph_0": {"_type": "graph-file", "path": "media/graph/graph_0_summary_e99c3a5e.graph.json", "sha256": "e99c3a5ebea5579eeca406b52b16f1bb3ba731bd0773c1ddf288514a5e42aff0", "size": 700}, "_runtime": 9615.369945287704, "Value Loss": 0.0497162789106369, "Episode length": 999, "_timestamp": 1585579531.2145786, "Episode reward": -99.80999584793905, "_step": 499, "Policy Loss": -0.3257284462451935, "gradients/fc.2.weight": {"_type": "histogram", "values": [1.0, 0.0, 0.0, 0.0, 0.0, 0.0, 0.0, 1.0, 0.0, 1.0, 0.0, 0.0, 0.0, 0.0, 0.0, 0.0, 0.0, 0.0, 0.0, 0.0, 0.0, 0.0, 0.0, 0.0, 0.0, 0.0, 0.0, 0.0, 0.0, 0.0, 0.0, 0.0, 0.0, 0.0, 1.0, 1.0, 0.0, 0.0, 0.0, 0.0, 0.0, 0.0, 0.0, 0.0, 0.0, 0.0, 1.0, 0.0, 0.0, 0.0, 0.0, 0.0, 0.0, 0.0, 0.0, 0.0, 0.0, 0.0, 0.0, 0.0, 0.0, 0.0, 0.0, 10.0], "bins": [-0.2925799787044525, -0.28795111179351807, -0.2833222448825836, -0.2786933481693268, -0.27406448125839233, -0.2694356143474579, -0.26480674743652344, -0.2601778507232666, -0.25554898381233215, -0.2509201169013977, -0.24629123508930206, -0.24166236817836761, -0.23703348636627197, -0.23240461945533752, -0.22777575254440308, -0.22314687073230743, -0.2185179889202118, -0.21388912200927734, -0.2092602550983429, -0.20463137328624725, -0.2000024914741516, -0.19537362456321716, -0.19074475765228271, -0.18611587584018707, -0.18148700892925262, -0.17685812711715698, -0.17222926020622253, -0.16760039329528809, -0.16297151148319244, -0.1583426296710968, -0.15371376276016235, -0.1490848809480667, -0.14445601403713226, -0.13982714712619781, -0.13519826531410217, -0.13056939840316772, -0.12594051659107208, -0.12131164968013763, -0.11668276786804199, -0.11205390095710754, -0.1074250191450119, -0.10279615223407745, -0.09816727042198181, -0.09353840351104736, -0.08890952169895172, -0.08428065478801727, -0.07965177297592163, -0.07502290606498718, -0.07039403915405273, -0.06576515734195709, -0.061136290431022644, -0.056507408618927, -0.051878541707992554, -0.04724965989589691, -0.04262079298496246, -0.03799191117286682, -0.03336304426193237, -0.028734177350997925, -0.02410528063774109, -0.01947641372680664, -0.014847546815872192, -0.010218679904937744, -0.005589783191680908, -0.00096091628074646, 0.0036679506301879883]}, "gradients/fc.0.weight": {"_type": "histogram", "values": [1.0, 0.0, 0.0, 0.0, 0.0, 0.0, 0.0, 0.0, 1.0, 0.0, 0.0, 0.0, 0.0, 0.0, 0.0, 0.0, 0.0, 1.0, 0.0, 0.0, 1.0, 1.0, 0.0, 0.0, 1.0, 0.0, 0.0, 0.0, 1.0, 0.0, 0.0, 1.0, 0.0, 0.0, 0.0, 0.0, 2.0, 2.0, 1.0, 1.0, 1.0, 2.0, 0.0, 0.0, 2.0, 1.0, 2.0, 2.0, 1.0, 2.0, 0.0, 1.0, 2.0, 3.0, 13.0, 7.0, 1.0, 4.0, 2.0, 1.0, 2.0, 0.0, 0.0, 1.0], "bins": [-0.1621999591588974, -0.15920522809028625, -0.1562104970216751, -0.15321575105190277, -0.15022101998329163, -0.14722628891468048, -0.14423155784606934, -0.141236811876297, -0.13824208080768585, -0.1352473497390747, -0.13225261867046356, -0.12925788760185242, -0.12626314163208008, -0.12326841056346893, -0.12027367949485779, -0.11727894097566605, -0.1142842024564743, -0.11128947138786316, -0.10829474031925201, -0.10530000180006027, -0.10230526328086853, -0.09931053221225739, -0.09631580114364624, -0.0933210626244545, -0.09032633155584335, -0.08733159303665161, -0.08433686196804047, -0.08134212344884872, -0.07834739238023758, -0.07535265386104584, -0.07235792279243469, -0.06936318427324295, -0.0663684532046318, -0.06337372213602066, -0.06037898361682892, -0.05738425254821777, -0.05438951402902603, -0.051394782960414886, -0.048400044441223145, -0.045405313372612, -0.04241057485342026, -0.03941584378480911, -0.03642110526561737, -0.033426374197006226, -0.03043164312839508, -0.02743689715862274, -0.024442166090011597, -0.02144743502140045, -0.018452703952789307, -0.015457972884178162, -0.012463226914405823, -0.009468495845794678, -0.006473764777183533, -0.0034790337085723877, -0.00048428773880004883, 0.002510443329811096, 0.005505174398422241, 0.008499905467033386, 0.011494651436805725, 0.01448938250541687, 0.017484113574028015, 0.02047884464263916, 0.0234735906124115, 0.026468321681022644, 0.02946305274963379]}, "gradients/fc.1.bias": {"_type": "histogram", "values": [1.0, 0.0, 0.0, 0.0, 0.0, 0.0, 0.0, 0.0, 0.0, 0.0, 0.0, 0.0, 0.0, 0.0, 0.0, 1.0, 0.0, 1.0, 0.0, 1.0, 0.0, 1.0, 0.0, 0.0, 0.0, 0.0, 0.0, 0.0, 0.0, 0.0, 0.0, 0.0, 0.0, 0.0, 0.0, 0.0, 0.0, 0.0, 0.0, 0.0, 0.0, 0.0, 1.0, 0.0, 0.0, 0.0, 0.0, 0.0, 0.0, 0.0, 0.0, 0.0, 0.0, 0.0, 0.0, 0.0, 0.0, 0.0, 0.0, 0.0, 0.0, 0.0, 0.0, 10.0], "bins": [-0.01593094691634178, -0.015682026743888855, -0.015433104708790779, -0.015184183605015278, -0.014935262501239777, -0.014686341397464275, -0.014437420293688774, -0.014188500121235847, -0.013939578086137772, -0.013690657913684845, -0.013441735878586769, -0.013192815706133842, -0.012943894602358341, -0.01269497349858284, -0.012446052394807339, -0.012197131291031837, -0.011948210187256336, -0.011699289083480835, -0.011450367979705334, -0.011201446875929832, -0.010952525772154331, -0.01070360466837883, -0.010454684495925903, -0.010205762460827827, -0.0099568422883749, -0.009707920253276825, -0.009459000080823898, -0.009210078045725822, -0.008961157873272896, -0.008712236769497395, -0.008463315665721893, -0.008214394561946392, -0.00796547345817089, -0.0077165523543953896, -0.007467631250619888, -0.007218710146844387, -0.006969789043068886, -0.0067208679392933846, -0.006471946835517883, -0.006223025731742382, -0.005974104627966881, -0.005725184455513954, -0.005476263351738453, -0.005227342247962952, -0.00497842114418745, -0.004729500040411949, -0.004480578936636448, -0.004231657832860947, -0.003982736729085445, -0.003733815625309944, -0.003484894521534443, -0.0032359734177589417, -0.0029870523139834404, -0.002738131210207939, -0.002489210106432438, -0.0022402890026569366, -0.00199136883020401, -0.0017424477264285088, -0.0014935266226530075, -0.0012446055188775063, -0.000995684415102005, -0.0007467633113265038, -0.0004978422075510025, -0.00024892017245292664, 0.0]}, "gradients/fc.1.weight": {"_type": "histogram", "values": [1.0, 0.0, 0.0, 0.0, 0.0, 0.0, 0.0, 0.0, 2.0, 0.0, 1.0, 1.0, 1.0, 0.0, 1.0, 1.0, 0.0, 0.0, 2.0, 2.0, 2.0, 1.0, 1.0, 0.0, 1.0, 0.0, 1.0, 1.0, 0.0, 2.0, 1.0, 2.0, 1.0, 1.0, 1.0, 1.0, 3.0, 5.0, 6.0, 6.0, 6.0, 4.0, 0.0, 1.0, 2.0, 7.0, 4.0, 5.0, 1.0, 3.0, 3.0, 328.0, 7.0, 9.0, 7.0, 21.0, 2.0, 3.0, 20.0, 12.0, 8.0, 3.0, 4.0, 4.0], "bins": [-0.06848973780870438, -0.06717110425233841, -0.06585247069597244, -0.06453384459018707, -0.0632152110338211, -0.06189657747745514, -0.06057794392108917, -0.059259310364723206, -0.05794067680835724, -0.05662204697728157, -0.055303413420915604, -0.053984783589839935, -0.05266615003347397, -0.051347516477108, -0.050028882920742035, -0.04871024936437607, -0.0473916195333004, -0.04607298970222473, -0.044754356145858765, -0.0434357225894928, -0.04211708903312683, -0.040798455476760864, -0.039479825645685196, -0.03816119208931923, -0.03684256225824356, -0.035523928701877594, -0.03420529514551163, -0.03288666158914566, -0.03156803175806999, -0.030249398201704025, -0.02893076464533806, -0.02761213481426239, -0.026293501257896423, -0.024974867701530457, -0.023656237870454788, -0.02233760431408882, -0.021018970757722855, -0.019700340926647186, -0.01838170737028122, -0.017063073813915253, -0.015744440257549286, -0.014425810426473618, -0.01310717687010765, -0.011788543313741684, -0.010469913482666016, -0.009151279926300049, -0.007832646369934082, -0.006514016538858414, -0.005195386707782745, -0.0038767531514167786, -0.0025581195950508118, -0.001239486038684845, 7.914751768112183e-05, 0.0013977810740470886, 0.0027164146304130554, 0.004035040736198425, 0.005353674292564392, 0.006672307848930359, 0.007990941405296326, 0.009309574961662292, 0.01062820851802826, 0.01194683462381363, 0.013265468180179596, 0.014584101736545563, 0.01590273529291153]}, "gradients/fc.2.bias": {"_type": "histogram",