{"graph_0": {"_type": "graph-file", "path": "media/graph/graph_0_summary_a0d740a6.graph.json", "sha256": "a0d740a6ea52dbbd32bc75202682623223a78733307610bdf5aaccd23195823f", "size": 691}, "_timestamp": 1585423804.194428, "Episode reward": -170.96459709186283, "Policy Loss": 0.44297733902931213, "_step": 9, "Episode length": 999, "_runtime": 638.2477989196777, "Value Loss": 56.99219512939453}
