{"graph_0": {"_type": "graph-file", "path": "media/graph/graph_0_summary_0495c1ab.graph.json", "sha256": "0495c1abeddc9b2c039a7d94e2d4920a1d9a45f4a54f4cc897194b0f8c7ffc2e", "size": 700}, "_timestamp": 1585602367.921143, "Episode length": 296, "Episode reward": 82.12603466072524, "Policy Loss": 0.9359064102172852, "_step": 499, "Value Loss": 33.647945404052734, "_runtime": 4998.288273572922, "gradients/fc.2.bias": {"_type": "histogram", "values": [0.0, 0.0, 0.0, 0.0, 0.0, 0.0, 0.0, 0.0, 0.0, 0.0, 0.0, 0.0, 0.0, 0.0, 0.0, 0.0, 0.0, 0.0, 0.0, 0.0, 0.0, 0.0, 0.0, 0.0, 0.0, 0.0, 0.0, 0.0, 0.0, 0.0, 0.0, 0.0, 1.0, 0.0, 0.0, 0.0, 0.0, 0.0, 0.0, 0.0, 0.0, 0.0, 0.0, 0.0, 0.0, 0.0, 0.0, 0.0, 0.0, 0.0, 0.0, 0.0, 0.0, 0.0, 0.0, 0.0, 0.0, 0.0, 0.0, 0.0, 0.0, 0.0, 0.0, 0.0], "bins": [-81.99609375, -81.99609375, -81.99609375, -81.99609375, -81.99609375, -81.99609375, -81.99609375, -81.99609375, -81.99609375, -81.99609375, -81.99609375, -81.99609375, -81.99609375, -81.99609375, -81.99609375, -81.99609375, -81.99609375, -81.99609375, -81.99609375, -81.99609375, -81.99609375, -81.99609375, -81.99609375, -81.99609375, -81.99609375, -81.99609375, -81.99609375, -81.99609375, -81.99609375, -81.99609375, -81.99609375, -81.99609375, -81.99609375, -81.99609375, -81.99609375, -81.99609375, -81.99609375, -81.99609375, -81.99609375, -81.99609375, -81.99609375, -81.99609375, -81.99609375, -81.99609375, -81.99609375, -81.99609375, -81.99609375, -81.99609375, -81.99609375, -81.99609375, -81.99609375, -81.99609375, -81.99609375, -81.99609375, -81.99609375, -81.99609375, -81.99609375, -81.99609375, -81.99609375, -81.99609375, -81.99609375, -81.99609375, -81.99609375, -81.99609375, -81.99609375]}, "gradients/fc.2.weight": {"_type": "histogram", "values": [1.0, 0.0, 0.0, 1.0, 0.0, 0.0, 0.0, 0.0, 0.0, 0.0, 0.0, 0.0, 0.0, 0.0, 0.0, 0.0, 0.0, 0.0, 0.0, 0.0, 0.0, 0.0, 0.0, 0.0, 0.0, 0.0, 1.0, 0.0, 0.0, 0.0, 1.0, 1.0, 1.0, 0.0, 0.0, 0.0, 0.0, 1.0, 0.0, 2.0, 0.0, 0.0, 0.0, 1.0, 1.0, 1.0, 1.0, 1.0, 0.0, 1.0, 0.0, 0.0, 0.0, 0.0, 0.0, 0.0, 0.0, 0.0, 0.0, 0.0, 0.0, 0.0, 0.0, 1.0], "bins": [-63.65116882324219, -61.97121810913086, -60.29126739501953, -58.6113166809082, -56.931365966796875, -55.25141143798828, -53.57146453857422, -51.891510009765625, -50.2115592956543, -48.53160858154297, -46.85165786743164, -45.17170715332031, -43.491756439208984, -41.811805725097656, -40.13185119628906, -38.451904296875, -36.771949768066406, -35.092002868652344, -33.41204833984375, -31.732097625732422, -30.052146911621094, -28.372196197509766, -26.692245483398438, -25.01229476928711, -23.33234405517578, -21.652393341064453, -19.972442626953125, -18.29248809814453, -16.612537384033203, -14.932586669921875, -13.252635955810547, -11.572685241699219, -9.89273452758789, -8.212783813476562, -6.532833099365234, -4.852882385253906, -3.172931671142578, -1.49298095703125, 0.18697357177734375, 1.8669204711914062, 3.546875, 5.2268218994140625, 6.906776428222656, 8.58673095703125, 10.266677856445312, 11.946632385253906, 13.626579284667969, 15.306533813476562, 16.986480712890625, 18.66643524169922, 20.34638214111328, 22.026336669921875, 23.706283569335938, 25.38623809814453, 27.066192626953125, 28.746139526367188, 30.42609405517578, 32.106040954589844, 33.78599548339844, 35.4659423828125, 37.145896911621094, 38.825843811035156, 40.50579833984375, 42.18574523925781, 43.865699768066406]}, "gradients/fc.1.bias": {"_type": "histogram", "values": [2.0, 0.0, 0.0, 0.0, 0.0, 0.0, 0.0, 0.0, 0.0, 1.0, 0.0, 0.0, 1.0, 0.0, 0.0, 0.0, 0.0, 0.0, 1.0, 0.0, 1.0, 0.0, 0.0, 0.0, 0.0, 0.0, 0.0, 2.0, 0.0, 0.0, 0.0, 0.0, 0.0, 0.0, 1.0, 0.0, 0.0, 0.0, 0.0, 1.0, 1.0, 0.0, 1.0, 0.0, 0.0, 0.0, 1.0, 0.0, 0.0, 0.0, 0.0, 1.0, 0.0, 1.0, 0.0, 0.0, 0.0, 0.0, 0.0, 0.0, 0.0, 0.0, 0.0, 1.0], "bins": [-37.88692092895508, -36.6158561706543, -35.344791412353516, -34.073726654052734, -32.80266189575195, -31.531597137451172, -30.26053237915039, -28.98946762084961, -27.718402862548828, -26.447338104248047, -25.176273345947266, -23.905208587646484, -22.634143829345703, -21.363079071044922, -20.09201431274414, -18.82094955444336, -17.549884796142578, -16.278820037841797, -15.007755279541016, -13.736690521240234, -12.465625762939453, -11.194561004638672, -9.92349624633789, -8.65243148803711, -7.381366729736328, -6.110301971435547, -4.839237213134766, -3.5681724548339844, -2.297107696533203, -1.0260429382324219, 0.24502182006835938, 1.5160865783691406, 2.787151336669922, 4.058216094970703, 5.329280853271484, 6.600345611572266, 7.871410369873047, 9.142475128173828, 10.41353988647461, 11.68460464477539, 12.955669403076172, 14.226734161376953, 15.497798919677734, 16.768863677978516, 18.039928436279297, 19.310993194580078, 20.58205795288086, 21.85312271118164, 23.124187469482422, 24.395252227783203, 25.666316986083984, 26.937381744384766, 28.208446502685547, 29.479511260986328, 30.75057601928711, 32.02164077758789, 33.29270553588867, 34.56377029418945, 35.834835052490234, 37.105899810791016, 38.3769645690918, 39.64802932739258, 40.91909408569336, 42.19015884399414, 43.46122360229492]}, "gradients/fc.0.weight": {"_type": "histogram", "values": [1.0, 0.0, 0.0, 0.0, 0.0, 0.0, 0.0, 0.0, 0.0, 0.0, 0.0, 0.0, 1.0, 0.0, 0.0, 1.0, 0.0, 0.0, 0.0, 0.0, 1.0, 0.0, 0.0, 1.0, 0.0, 1.0, 1.0, 1.0, 0.0, 1.0, 0.0, 0.0, 0.0, 1.0, 0.0, 2.0, 1.0, 1.0, 2.0, 32.0, 1.0, 0.0, 1.0, 1.0, 1.0, 2.0, 2.0, 1.0, 0.0, 0.0, 1.0, 0.0, 0.0, 1.0, 1.0, 0.0, 0.0, 1.0, 0.0, 0.0, 0.0, 1.0, 1.0, 1.0], "bins": [-26.566675186157227, -25.893529891967773, -25.220386505126953, -24.5472412109375, -23.874095916748047, -23.200950622558594, -22.527807235717773, -21.85466194152832, -21.1815185546875, -20.508373260498047, -19.835227966308594, -19.16208267211914, -18.48893928527832, -17.815793991088867, -17.142650604248047, -16.469505310058594, -15.79636001586914, -15.123215675354004, -14.45007038116455, -13.776926040649414, -13.103780746459961, -12.430636405944824, -11.757492065429688, -11.084346771240234, -10.411203384399414, -9.738058090209961, -9.064912796020508, -8.391767501831055, -7.718624114990234, -7.045478820800781, -6.372333526611328, -5.699190139770508, -5.026044845581055, -4.352899551391602, -3.6797561645507812, -3.006610870361328, -2.333465576171875, -1.6603221893310547, -0.9871768951416016, -0.31403160095214844, 0.3591136932373047, 1.032257080078125, 1.7054023742675781, 2.3785476684570312, 3.0516910552978516, 3.7248363494873047, 4.397981643676758, 5.071125030517578, 5.744268417358398, 6.417413711547852, 7.090559005737305, 7.763704299926758, 8.436849594116211, 9.109994888305664, 9.783140182495117, 10.456281661987305, 11.129426956176758, 11.802572250366211, 12.475717544555664, 13.148862838745117, 13.82200813293457, 14.495149612426758, 15.168294906616211, 15.841440200805664, 16.514585494995117]}, "gradients/fc.1.weight": {"_type": "histogram", "values": [2.0, 2.0, 0.0, 1.0, 2.0, 0.0, 0.0, 2.0, 0.0, 2.0, 3.0, 3.0, 7.0, 8.0, 4.0, 7.0, 3.0, 5.0, 12.0, 8.0, 13.0, 12.0, 8.0, 18.0, 19.0, 10.0, 16.0, 20.0, 40.0, 41.0, 27.0, 33.0, 17.0, 15.0, 16.0, 16.0, 18.0, 11.0, 9.0, 11.0, 10.0, 10.0, 8.0, 5.0, 8.0, 3.0, 5.0, 2.0, 3.0, 5.0, 3.0, 3.0, 2.0, 1.0, 0.0, 0.0, 0.0, 0.0, 0.0, 1.0, 0.0, 0.0, 1.0, 1.0],