{"graph_0": {"_type": "graph-file", "path": "media/graph/graph_0_summary_792dd3ad.graph.json", "sha256": "792dd3adf79be74b3d719499d444dc34f51786bf95dcfdc71e5ae6e0c56dc77f", "size": 700}, "_runtime": 1622.51908826828, "Value Loss": 123.78031158447266, "Episode length": 80, "_timestamp": 1585571538.3637216, "Episode reward": 93.55480082838565, "_step": 499, "Policy Loss": -0.8560513257980347, "gradients/fc.2.weight": {"_type": "histogram", "values": [3.0, 3.0, 0.0, 0.0, 1.0, 0.0, 0.0, 0.0, 0.0, 0.0, 0.0, 1.0, 0.0, 1.0, 0.0, 2.0, 1.0, 1.0, 0.0, 0.0, 0.0, 1.0, 0.0, 0.0, 0.0, 0.0, 0.0, 0.0, 0.0, 0.0, 0.0, 0.0, 0.0, 0.0, 0.0, 0.0, 0.0, 0.0, 0.0, 0.0, 0.0, 0.0, 0.0, 0.0, 0.0, 0.0, 1.0, 0.0, 0.0, 0.0, 0.0, 0.0, 0.0, 0.0, 0.0, 0.0, 0.0, 0.0, 0.0, 0.0, 0.0, 0.0, 0.0, 1.0], "bins": [-249.98617553710938, -249.7410125732422, -249.495849609375, -249.2506866455078, -249.00552368164062, -248.76036071777344, -248.51519775390625, -248.27003479003906, -248.02487182617188, -247.7797088623047, -247.5345458984375, -247.28939819335938, -247.0442352294922, -246.799072265625, -246.5539093017578, -246.30874633789062, -246.06358337402344, -245.81842041015625, -245.57325744628906, -245.32809448242188, -245.0829315185547, -244.8377685546875, -244.5926055908203, -244.34744262695312, -244.10227966308594, -243.85711669921875, -243.61195373535156, -243.36679077148438, -243.1216278076172, -242.87646484375, -242.6313018798828, -242.38613891601562, -242.1409912109375, -241.8958282470703, -241.65066528320312, -241.40550231933594, -241.16033935546875, -240.91517639160156, -240.67001342773438, -240.4248504638672, -240.1796875, -239.9345245361328, -239.68936157226562, -239.44419860839844, -239.19903564453125, -238.95387268066406, -238.70870971679688, -238.4635467529297, -238.2183837890625, -237.9732208251953, -237.72805786132812, -237.48289489746094, -237.23773193359375, -236.99258422851562, -236.74740600585938, -236.50225830078125, -236.25709533691406, -236.01193237304688, -235.7667694091797, -235.5216064453125, -235.2764434814453, -235.03128051757812, -234.78611755371094, -234.54095458984375, -234.29579162597656]}, "gradients/fc.0.weight": {"_type": "histogram", "values": [1.0, 0.0, 0.0, 0.0, 0.0, 1.0, 0.0, 0.0, 0.0, 2.0, 0.0, 0.0, 0.0, 0.0, 2.0, 2.0, 4.0, 2.0, 3.0, 2.0, 0.0, 1.0, 1.0, 2.0, 0.0, 3.0, 1.0, 0.0, 1.0, 0.0, 0.0, 1.0, 0.0, 0.0, 2.0, 0.0, 0.0, 2.0, 0.0, 3.0, 0.0, 3.0, 2.0, 3.0, 2.0, 2.0, 1.0, 3.0, 2.0, 3.0, 0.0, 1.0, 2.0, 0.0, 1.0, 1.0, 0.0, 0.0, 0.0, 0.0, 0.0, 0.0, 0.0, 2.0], "bins": [-0.4437446892261505, -0.43110305070877075, -0.418461412191391, -0.40581977367401123, -0.3931781053543091, -0.3805364668369293, -0.36789482831954956, -0.3552531898021698, -0.34261155128479004, -0.3299698829650879, -0.31732824444770813, -0.30468660593032837, -0.2920449674129486, -0.27940332889556885, -0.2667616605758667, -0.25412002205848694, -0.24147838354110718, -0.22883674502372742, -0.21619509160518646, -0.2035534530878067, -0.19091179966926575, -0.178270161151886, -0.16562852263450623, -0.15298688411712646, -0.1403452455997467, -0.12770357728004456, -0.1150619387626648, -0.10242030024528503, -0.08977866172790527, -0.07713702321052551, -0.06449535489082336, -0.051853716373443604, -0.03921207785606384, -0.026570439338684082, -0.013928800821304321, -0.0012871325016021729, 0.011354506015777588, 0.02399614453315735, 0.03663778305053711, 0.04927942156791687, 0.06192108988761902, 0.07456269860267639, 0.08720436692237854, 0.09984603524208069, 0.11248764395713806, 0.1251293122768402, 0.13777092099189758, 0.15041258931159973, 0.1630541980266571, 0.17569586634635925, 0.1883375346660614, 0.20097914338111877, 0.21362081170082092, 0.2262624204158783, 0.23890408873558044, 0.2515457570552826, 0.26418736577033997, 0.2768290340900421, 0.2894706428050995, 0.30211231112480164, 0.3147539794445038, 0.32739558815956116, 0.3400372564792633, 0.3526788651943207, 0.3653205335140228]}, "gradients/fc.1.bias": {"_type": "histogram", "values": [1.0, 0.0, 1.0, 0.0, 0.0, 0.0, 0.0, 0.0, 0.0, 0.0, 1.0, 0.0, 0.0, 0.0, 0.0, 0.0, 0.0, 1.0, 1.0, 0.0, 0.0, 4.0, 3.0, 1.0, 0.0, 0.0, 1.0, 1.0, 0.0, 0.0, 0.0, 0.0, 0.0, 0.0, 0.0, 0.0, 0.0, 0.0, 0.0, 0.0, 0.0, 0.0, 0.0, 0.0, 0.0, 0.0, 0.0, 0.0, 0.0, 0.0, 0.0, 0.0, 0.0, 0.0, 0.0, 0.0, 0.0, 0.0, 0.0, 0.0, 0.0, 0.0, 0.0, 1.0], "bins": [-2.1468117237091064, -2.0531294345855713, -1.9594472646713257, -1.86576509475708, -1.772082805633545, -1.6784006357192993, -1.5847184658050537, -1.4910361766815186, -1.3973538875579834, -1.3036717176437378, -1.2099895477294922, -1.116307258605957, -1.0226250886917114, -0.9289427995681763, -0.8352606296539307, -0.7415783405303955, -0.6478961706161499, -0.5542140007019043, -0.46053171157836914, -0.36684954166412354, -0.2731672525405884, -0.17948508262634277, -0.08580279350280762, 0.007879495620727539, 0.1015615463256836, 0.19524383544921875, 0.2889261245727539, 0.38260817527770996, 0.4762904644012451, 0.5699727535247803, 0.6636550426483154, 0.7573370933532715, 0.8510193824768066, 0.9447016716003418, 1.0383837223052979, 1.132066011428833, 1.2257483005523682, 1.3194305896759033, 1.4131126403808594, 1.5067949295043945, 1.6004772186279297, 1.6941592693328857, 1.787841558456421, 1.881523847579956, 1.9752061367034912, 2.0688884258270264, 2.1625707149505615, 2.2562525272369385, 2.3499348163604736, 2.443617105484009, 2.537299394607544, 2.630981683731079, 2.7246639728546143, 2.8183462619781494, 2.9120280742645264, 3.0057103633880615, 3.0993926525115967, 3.193074941635132, 3.286757230758667, 3.380439519882202, 3.4741218090057373, 3.5678036212921143, 3.6614859104156494, 3.7551681995391846, 3.8488504886627197]}, "gradients/fc.1.weight": {"_type": "histogram", "values": [2.0, 1.0, 1.0, 1.0, 0.0, 1.0, 1.0, 0.0, 1.0, 4.0, 3.0, 4.0, 6.0, 1.0, 2.0, 3.0, 5.0, 6.0, 5.0, 5.0, 19.0, 45.0, 220.0, 83.0, 33.0, 10.0, 12.0, 7.0, 8.0, 3.0, 6.0, 1.0, 3.0, 1.0, 1.0, 0.0, 1.0, 0.0, 0.0, 0.0, 1.0, 2.0, 1.0, 0.0, 0.0, 1.0, 0.0, 0.0, 0.0, 0.0, 0.0, 0.0, 0.0, 0.0, 0.0, 0.0, 0.0, 0.0, 0.0, 0.0, 0.0, 0.0, 1.0, 1.0], "bins": [-3.0020148754119873, -2.8700904846191406, -2.738166093826294, -2.6062417030334473, -2.4743175506591797, -2.342393159866333, -2.2104687690734863, -2.0785443782806396, -1.9466201066970825, -1.8146957159042358, -1.6827714443206787, -1.550847053527832, -1.4189226627349854, -1.2869983911514282, -1.1550740003585815, -1.0231497287750244, -0.8912253379821777, -0.759300947189331, -0.6273765563964844, -0.4954524040222168, -0.3635280132293701, -0.23160362243652344, -0.09967923164367676, 0.03224515914916992, 0.1641695499420166, 0.2960937023162842, 0.42801809310913086, 0.5599424839019775, 0.6918668746948242, 0.8237912654876709, 0.9557154178619385, 1.0876400470733643, 1.2195641994476318, 1.3514883518218994, 1.4834129810333252, 1.6153371334075928, 1.7472617626190186, 1.8791859149932861, 2.0111100673675537, 2.1430346965789795, 2.274958848953247, 2.406883478164673, 2.5388076305389404, 2.670731782913208, 2.802656412124634, 2.9345805644989014, 3.066505193710327, 3.1984293460845947, 3.3303539752960205, 3.462278127670288, 3.5942022800445557, 3.7261269092559814, 3.858051061630249, 3.989975690841675, 4.121899604797363, 4.253824234008789, 4.385748863220215, 4.517672538757324, 4.64959716796875, 4.781521797180176, 4.913445472717285, 5.045370101928711, 5.177294731140137, 5.309218406677246, 5.441143035888672]}, "gradients/fc.2.bias": {"_type": "histogram", "values": [0.0, 0.0, 0.0, 0.0, 0.0, 0.0, 0.0, 0.0, 0.0, 0.0, 0.0, 0.0, 0.0, 0.0, 0.0, 0.0, 0.0, 0.0, 0.0, 0.0, 0.0, 0.0, 0.0, 0.0, 0.0, 0.0, 0.0, 0.0, 0.0, 0.0, 0.0, 0.0, 1.0, 0.0, 0.0, 0.0, 0.0, 0.0, 0.0, 0.0, 0.0, 0.0, 0.0, 0.0, 0.0, 0.0, 0.0, 0.0, 0.0, 0.0, 0.0, 0.0, 0.0, 0.0, 0.0, 0.0, 0.0, 0.0, 0.0, 0.0, 0.0, 0.0, 0.0, 0.0],