{"graph_0": {"_type": "graph-file", "path": "media/graph/graph_0_summary_93910e1e.graph.json", "sha256": "93910e1ee155d596ef91b619852b26c5e0d674fc6583d22901e5692965fce9cd", "size": 691}, "_timestamp": 1585424067.0450826, "Episode reward": -104.80693751188251, "Policy Loss": 0.6671249866485596, "_step": 9, "Episode length": 999, "_runtime": 901.0984535217285, "Value Loss": 7.57771635055542}
