{"graph_0": {"_type": "graph-file", "path": "media/graph/graph_0_summary_b49f6d36.graph.json", "sha256": "b49f6d36a50a914747844ba2a6ee66f62f6905798ec03c78bbd792813c5c92e5", "size": 691}, "_timestamp": 1585423360.1323676, "Episode reward": -198.26398420927248, "Policy Loss": -0.2635950446128845, "_step": 9, "Episode length": 999, "_runtime": 194.1857385635376, "Value Loss": 0.09890662878751755}
