{"graph_0": {"_type": "graph-file", "path": "media/graph/graph_0_summary_1254bbe5.graph.json", "sha256": "1254bbe574e957186d0d7f93bb63ea46908f4fed2e2b36b8cc4d1d7f8dbdd2d0", "size": 700}, "Value Loss": 257.26849365234375, "Episode length": 999, "_step": 35, "Episode reward": -99.90008799888028, "Policy Loss": 8.604531288146973, "_timestamp": 1585506588.0818598, "_runtime": 68.59693145751953}
