{"graph_0": {"_type": "graph-file", "path": "media/graph/graph_0_summary_84278387.graph.json", "sha256": "842783871c7db3ae5540a0a047dacd73fb5a01c3e5c97ea657508931a299cd25", "size": 691}, "_timestamp": 1585424426.2336664, "Episode reward": -104.11490998510507, "Policy Loss": 0.30111247301101685, "_step": 9, "Episode length": 999, "_runtime": 1260.287037372589, "Value Loss": 6.970035552978516}
