{"graph_0": {"_type": "graph-file", "path": "media/graph/graph_0_summary_ea782b68.graph.json", "sha256": "ea782b6881017dee092c0c7b99368b7d27ca9e1ed906450fe956bcb4b25d68c6", "size": 691}, "Loss": 13749.30859375, "ICM Loss": 212.90945434570312, "_step": 500, "Episode reward": 106244.03578101833, "_runtime": 865.5692534446716, "Intrinsic reward": 106348.2804031372, "Extrinsic reward": -104.24462211884205, "_timestamp": 1585861473.1806514, "gradients/fc.0.weight": {"_type": "histogram", "values": [1.0, 0.0, 0.0, 0.0, 0.0, 0.0, 0.0, 1.0, 0.0, 0.0, 0.0, 0.0, 0.0, 0.0, 0.0, 0.0, 0.0, 1.0, 0.0, 1.0, 0.0, 0.0, 0.0, 0.0, 1.0, 0.0, 0.0, 0.0, 1.0, 0.0, 0.0, 2.0, 0.0, 4.0, 36.0, 2.0, 4.0, 3.0, 2.0, 1.0, 0.0, 0.0, 0.0, 1.0, 0.0, 0.0, 0.0, 1.0, 0.0, 0.0, 0.0, 0.0, 0.0, 0.0, 0.0, 1.0, 0.0, 0.0, 0.0, 0.0, 0.0, 0.0, 0.0, 1.0], "bins": [-4065.14404296875, -3947.9453125, -3830.74658203125, -3713.5478515625, -3596.34912109375, -3479.150390625, -3361.951904296875, -3244.753173828125, -3127.554443359375, -3010.355712890625, -2893.156982421875, -2775.95849609375, -2658.759765625, -2541.56103515625, -2424.3623046875, -2307.16357421875, -2189.96484375, -2072.76611328125, -1955.5673828125, -1838.36865234375, -1721.169921875, -1603.971435546875, -1486.772705078125, -1369.573974609375, -1252.375244140625, -1135.176513671875, -1017.977783203125, -900.779052734375, -783.58056640625, -666.3818359375, -549.18310546875, -431.984375, -314.78564453125, -197.5869140625, -80.38818359375, 36.810546875, 154.00927734375, 271.2080078125, 388.40673828125, 505.60546875, 622.80419921875, 740.00244140625, 857.201171875, 974.39990234375, 1091.5986328125, 1208.79736328125, 1325.99609375, 1443.19482421875, 1560.3935546875, 1677.59228515625, 1794.791015625, 1911.98974609375, 2029.1884765625, 2146.38720703125, 2263.5859375, 2380.78466796875, 2497.98291015625, 2615.181640625, 2732.38037109375, 2849.5791015625, 2966.77783203125, 3083.9765625, 3201.17529296875, 3318.3740234375, 3435.57275390625]}, "gradients/fc.0.bias": {"_type": "histogram", "values": [2.0, 0.0, 0.0, 0.0, 0.0, 0.0, 1.0, 1.0, 0.0, 0.0, 1.0, 0.0, 0.0, 0.0, 0.0, 1.0, 0.0, 0.0, 0.0, 0.0, 1.0, 0.0, 0.0, 0.0, 0.0, 0.0, 0.0, 16.0, 0.0, 2.0, 0.0, 0.0, 0.0, 1.0, 1.0, 0.0, 0.0, 1.0, 0.0, 0.0, 1.0, 0.0, 0.0, 0.0, 0.0, 1.0, 0.0, 0.0, 0.0, 0.0, 0.0, 0.0, 0.0, 0.0, 1.0, 0.0, 0.0, 0.0, 0.0, 0.0, 0.0, 0.0, 0.0, 1.0], "bins": [-15697.3447265625, -15125.396484375, -14553.4482421875, -13981.5, -13409.5517578125, -12837.603515625, -12265.654296875, -11693.70703125, -11121.7578125, -10549.810546875, -9977.861328125, -9405.9140625, -8833.96484375, -8262.0166015625, -7690.068359375, -7118.1201171875, -6546.171875, -5974.2236328125, -5402.275390625, -4830.3271484375, -4258.37890625, -3686.4306640625, -3114.482421875, -2542.5341796875, -1970.5849609375, -1398.63671875, -826.6884765625, -254.740234375, 317.2080078125, 889.1552734375, 1461.1044921875, 2033.0517578125, 2605.0009765625, 3176.9501953125, 3748.8974609375, 4320.8466796875, 4892.7939453125, 5464.7431640625, 6036.6904296875, 6608.6396484375, 7180.5869140625, 7752.5361328125, 8324.4833984375, 8896.4326171875, 9468.3798828125, 10040.3291015625, 10612.2763671875, 11184.2255859375, 11756.1748046875, 12328.1220703125, 12900.0712890625, 13472.0185546875, 14043.9677734375, 14615.9150390625, 15187.8642578125, 15759.8115234375, 16331.7607421875, 16903.70703125, 17475.65625, 18047.60546875, 18619.5546875, 19191.50390625, 19763.44921875, 20335.3984375, 20907.34765625]}, "gradients/fc.2.weight": {"_type": "histogram", "values": [10.0, 0.0, 0.0, 0.0, 1.0, 0.0, 0.0, 1.0, 0.0, 0.0, 0.0, 1.0, 0.0, 0.0, 0.0, 0.0, 0.0, 0.0, 0.0, 0.0, 0.0, 0.0, 0.0, 0.0, 0.0, 0.0, 0.0, 0.0, 0.0, 1.0, 0.0, 0.0, 0.0, 0.0, 0.0, 0.0, 0.0, 0.0, 0.0, 1.0, 0.0, 0.0, 0.0, 0.0, 0.0, 0.0, 0.0, 0.0, 0.0, 0.0, 0.0, 0.0, 0.0, 0.0, 0.0, 0.0, 0.0, 0.0, 0.0, 0.0, 0.0, 0.0, 0.0, 1.0], "bins": [0.0, 1517.9927978515625, 3035.985595703125, 4553.978515625, 6071.97119140625, 7589.9638671875, 9107.95703125, 10625.94921875, 12143.9423828125, 13661.935546875, 15179.927734375, 16697.919921875, 18215.9140625, 19733.90625, 21251.8984375, 22769.892578125, 24287.884765625, 25805.876953125, 27323.87109375, 28841.86328125, 30359.85546875, 31877.849609375, 33395.83984375, 34913.8359375, 36431.828125, 37949.8203125, 39467.8125, 40985.8046875, 42503.796875, 44021.79296875, 45539.78515625, 47057.77734375, 48575.76953125, 50093.76171875, 51611.75390625, 53129.74609375, 54647.7421875, 56165.734375, 57683.7265625, 59201.71875, 60719.7109375, 62237.703125, 63755.69921875, 65273.69140625, 66791.6796875, 68309.6796875, 69827.671875, 71345.6640625, 72863.65625, 74381.6484375, 75899.640625, 77417.6328125, 78935.625, 80453.6171875, 81971.609375, 83489.6015625, 85007.59375, 86525.5859375, 88043.5859375, 89561.578125, 91079.5703125, 92597.5625, 94115.5546875, 95633.546875, 97151.5390625]}, "gradients/fc.2.bias": {"_type": "histogram", "values": [0.0, 0.0, 0.0, 0.0, 0.0, 0.0, 0.0, 0.0, 0.0, 0.0, 0.0, 0.0, 0.0, 0.0, 0.0, 0.0, 0.0, 0.0, 0.0, 0.0, 0.0, 0.0, 0.0, 0.0, 0.0, 0.0, 0.0, 0.0, 0.0, 0.0, 0.0, 0.0, 1.0, 0.0, 0.0, 0.0, 0.0, 0.0, 0.0, 0.0, 0.0, 0.0, 0.0, 0.0, 0.0, 0.0, 0.0, 0.0, 0.0, 0.0, 0.0, 0.0, 0.0, 0.0, 0.0, 0.0, 0.0, 0.0, 0.0, 0.0, 0.0, 0.0, 0.0, 0.0], "bins": [412903.46875, 412903.46875, 412903.46875, 412903.46875, 412903.46875, 412903.46875, 412903.46875, 412903.46875, 412903.46875, 412903.46875, 412903.46875, 412903.46875, 412903.46875, 412903.46875, 412903.46875, 412903.46875, 412903.46875, 412903.46875, 412903.46875, 412903.46875, 412903.46875, 412903.46875, 412903.46875, 412903.46875, 412903.46875, 412903.46875, 412903.46875, 412903.46875, 412903.46875, 412903.46875, 412903.46875, 412903.46875, 412903.46875, 412903.46875, 412903.46875, 412903.46875, 412903.46875, 412903.46875, 412903.46875, 412903.46875, 412903.46875, 412903.46875, 412903.46875, 412903.46875, 412903.46875, 412903.46875, 412903.46875, 412903.46875, 412903.46875, 412903.46875, 412903.46875, 412903.46875, 412903.46875, 412903.46875, 412903.46875, 412903.46875, 412903.46875, 412903.46875, 412903.46875, 412903.46875, 412903.46875, 412903.46875, 412903.46875, 412903.46875, 412903.46875]}, "gradients/fc.1.bias": {"_type": "histogram", "values": [1.0, 0.0, 1.0, 0.0, 0.0, 0.0, 0.0, 0.0, 0.0, 0.0, 0.0, 0.0, 0.0, 0.0, 0.0, 0.0, 0.0, 1.0, 0.0, 0.0, 0.0, 0.0, 0.0, 0.0, 0.0, 0.0, 0.0, 0.0, 0.0, 0.0, 0.0, 0.0, 0.0, 0.0, 0.0, 0.0, 1.0, 0.0, 0.0, 0.0, 10.0, 0.0, 0.0, 0.0, 0.0, 0.0, 0.0, 0.0, 0.0, 0.0, 1.0, 0.0, 0.0, 0.0, 0.0, 0.0, 0.0, 0.0, 0.0, 0.0, 0.0, 0.0, 0.0, 1.0], "bins": [-61467.61328125, -59936.39453125, -58405.171875, -56873.953125, -55342.73046875, -53811.51171875, -52280.2890625, -50749.0703125, -49217.84765625, -47686.62890625, -46155.40625, -44624.1875, -43092.96875, -41561.74609375, -40030.5234375, -38499.3046875, -36968.0859375, -35436.86328125, -33905.640625, -32374.421875, -30843.201171875, -29311.98046875, -27780.76171875, -26249.5390625, -24718.3203125, -23187.09765625, -21655.87890625, -20124.65625, -18593.4375, -17062.21484375, -15530.99609375, -13999.7734375, -12468.5546875, -10937.3359375, -9406.11328125, -7874.89453125, -6343.671875, -4812.453125, -3281.23046875, -1750.01171875, -218.7890625, 1312.4296875, 2843.65234375, 4374.87109375, 5906.08984375, 7437.31640625, 8968.53515625, 10499.75390625, 12030.97265625, 13562.19140625, 15093.41796875, 16624.63671875, 18155.85546875, 19687.07421875, 21218.30078125, 22749.51953125, 24280.73828125, 25811.95703125, 27343.18359375, 28874.40234375, 30405.62109375, 31936.83984375, 33468.06640625, 34999.28515625, 36530.50390625]}, "gradients/fc.1.weight": {"_type": "histogram", "values": [1.0, 1.0, 1.0, 1.0, 0.0, 1.0, 0.0, 2.0, 0.0, 1.0, 0.0, 0.0, 0.0, 0.0, 2.0, 1.0, 4.0, 3.0, 6.0, 1.0, 1.0, 0.0, 0.0, 0.0, 1.0, 5.0, 3.0, 0.0, 3.0, 1.0, 2.0, 1.0, 0.0, 2.0, 1.0, 0.0, 4.0, 7.0, 3.0, 5.0, 420.0, 0.0, 2.0, 2.0, 2.0, 3.0, 1.0, 1.0, 1.0, 3.0, 0.0, 0.0, 1.0, 4.0, 2.0, 2.0, 0.0, 0.0, 0.0, 1.0, 1.0, 0.0, 0.0, 2.0],