{"graph_0": {"_type": "graph-file", "path": "media/graph/graph_0_summary_c26c518b.graph.json", "sha256": "c26c518b322bcb34ffb8a562f648254b4279fe1c54619e9dcef89d345035d65a", "size": 691}, "_timestamp": 1585424246.4779217, "Episode reward": -108.8376101427448, "Policy Loss": -0.06658648699522018, "_step": 9, "Episode length": 999, "_runtime": 1080.5312926769257, "Value Loss": 0.2183770090341568}
