{"graph_0": {"_type": "graph-file", "path": "media/graph/graph_0_summary_3d53497b.graph.json", "sha256": "3d53497bf63918f68601facca027c40bf497ca7561e0af1031b6984aba43e971", "size": 700}, "_runtime": 7500.074473142624, "Value Loss": 0.07177188992500305, "Episode length": 999, "_timestamp": 1585577415.9191065, "Episode reward": -99.8999999999986, "_step": 499, "Policy Loss": -0.8654431700706482, "gradients/fc.2.weight": {"_type": "histogram", "values": [3.0, 0.0, 1.0, 0.0, 0.0, 0.0, 0.0, 0.0, 0.0, 0.0, 0.0, 0.0, 0.0, 0.0, 0.0, 0.0, 0.0, 0.0, 0.0, 0.0, 0.0, 0.0, 0.0, 0.0, 0.0, 0.0, 0.0, 6.0, 1.0, 0.0, 1.0, 0.0, 0.0, 0.0, 0.0, 0.0, 0.0, 0.0, 0.0, 0.0, 0.0, 0.0, 0.0, 0.0, 0.0, 1.0, 0.0, 0.0, 0.0, 0.0, 0.0, 0.0, 0.0, 0.0, 0.0, 0.0, 0.0, 0.0, 0.0, 0.0, 0.0, 0.0, 0.0, 3.0], "bins": [-0.07233703136444092, -0.06971623003482819, -0.06709542870521545, -0.06447462737560272, -0.06185381859540939, -0.05923301726579666, -0.05661221593618393, -0.0539914146065712, -0.05137060955166817, -0.04874980449676514, -0.046129003167152405, -0.04350820183753967, -0.04088740050792694, -0.03826659545302391, -0.03564579412341118, -0.03302498906850815, -0.030404187738895416, -0.027783386409282684, -0.025162581354379654, -0.022541780024766922, -0.01992097496986389, -0.01730017364025116, -0.014679372310638428, -0.012058567255735397, -0.009437769651412964, -0.006816960871219635, -0.004196159541606903, -0.0015753582119941711, 0.0010454431176185608, 0.0036662444472312927, 0.006287053227424622, 0.008907854557037354, 0.011528655886650085, 0.014149457216262817, 0.01677025854587555, 0.019391067326068878, 0.02201186865568161, 0.024632669985294342, 0.027253471314907074, 0.029874272644519806, 0.032495081424713135, 0.03511588275432587, 0.0377366840839386, 0.04035748541355133, 0.04297828674316406, 0.045599088072776794, 0.04821989685297012, 0.050840698182582855, 0.05346149206161499, 0.056082308292388916, 0.05870310962200165, 0.06132391095161438, 0.06394471228122711, 0.06656551361083984, 0.06918631494045258, 0.07180711627006531, 0.07442791759967804, 0.07704871892929077, 0.0796695202589035, 0.08229033648967743, 0.08491113781929016, 0.0875319391489029, 0.09015274047851562, 0.09277354180812836, 0.09539434313774109]}, "gradients/fc.0.weight": {"_type": "histogram", "values": [2.0, 0.0, 0.0, 0.0, 0.0, 0.0, 0.0, 0.0, 0.0, 0.0, 2.0, 0.0, 5.0, 0.0, 2.0, 1.0, 1.0, 0.0, 8.0, 25.0, 4.0, 0.0, 0.0, 0.0, 1.0, 1.0, 0.0, 2.0, 0.0, 0.0, 1.0, 0.0, 0.0, 0.0, 0.0, 0.0, 0.0, 0.0, 0.0, 0.0, 0.0, 0.0, 0.0, 0.0, 0.0, 1.0, 1.0, 1.0, 0.0, 0.0, 0.0, 0.0, 0.0, 0.0, 0.0, 0.0, 0.0, 0.0, 0.0, 0.0, 0.0, 0.0, 3.0, 3.0], "bins": [-0.08807771652936935, -0.083452507853508, -0.07882730662822723, -0.07420209795236588, -0.06957688927650452, -0.06495168805122375, -0.060326479375362396, -0.055701274424791336, -0.051076069474220276, -0.046450864523649216, -0.041825659573078156, -0.0372004508972168, -0.03257524594664574, -0.027950040996074677, -0.023324832320213318, -0.018699631094932556, -0.014074422419071198, -0.009449213743209839, -0.004824012517929077, -0.0001988038420677185, 0.004426397383213043, 0.009051606059074402, 0.01367681473493576, 0.018302015960216522, 0.02292722463607788, 0.02755243331193924, 0.03217763453722, 0.03680284321308136, 0.04142805188894272, 0.04605325311422348, 0.05067845433950424, 0.0553036704659462, 0.05992887169122696, 0.06455407291650772, 0.06917928904294968, 0.07380449026823044, 0.0784296914935112, 0.08305490761995316, 0.08768010884523392, 0.09230531007051468, 0.09693051129579544, 0.1015557274222374, 0.10618092864751816, 0.11080612987279892, 0.11543134599924088, 0.12005654722452164, 0.1246817484498024, 0.12930697202682495, 0.1339321732521057, 0.13855737447738647, 0.14318257570266724, 0.147807776927948, 0.15243297815322876, 0.1570582091808319, 0.16168341040611267, 0.16630861163139343, 0.1709338128566742, 0.17555901408195496, 0.18018421530723572, 0.18480941653251648, 0.18943461775779724, 0.1940598487854004, 0.19868505001068115, 0.20331025123596191, 0.20793545246124268]}, "gradients/fc.1.bias": {"_type": "histogram", "values": [6.0, 0.0, 0.0, 1.0, 1.0, 0.0, 0.0, 0.0, 1.0, 0.0, 0.0, 0.0, 0.0, 0.0, 0.0, 0.0, 0.0, 1.0, 0.0, 0.0, 0.0, 1.0, 1.0, 1.0, 0.0, 0.0, 0.0, 0.0, 0.0, 0.0, 0.0, 0.0, 0.0, 0.0, 0.0, 0.0, 0.0, 0.0, 0.0, 0.0, 0.0, 0.0, 1.0, 0.0, 0.0, 0.0, 0.0, 0.0, 0.0, 0.0, 0.0, 0.0, 0.0, 0.0, 0.0, 0.0, 0.0, 0.0, 0.0, 0.0, 0.0, 0.0, 0.0, 2.0], "bins": [0.0, 4.186638034298085e-05, 8.37327606859617e-05, 0.00012559913739096373, 0.0001674655213719234, 0.00020933190535288304, 0.00025119827478192747, 0.0002930646587628871, 0.0003349310427438468, 0.00037679742672480643, 0.0004186638107057661, 0.00046053019468672574, 0.0005023965495638549, 0.0005442629335448146, 0.0005861293175257742, 0.0006279957015067339, 0.0006698620854876935, 0.0007117284694686532, 0.0007535948534496129, 0.0007954612374305725, 0.0008373276214115322, 0.0008791940053924918, 0.0009210603893734515, 0.0009629267733544111, 0.0010047930991277099, 0.0010466595413163304, 0.0010885258670896292, 0.0011303923092782497, 0.0011722586350515485, 0.001214125077240169, 0.0012559914030134678, 0.0012978578452020884, 0.001339724170975387, 0.0013815904967486858, 0.0014234569389373064, 0.0014653232647106051, 0.0015071897068992257, 0.0015490560326725245, 0.001590922474861145, 0.0016327888006344438, 0.0016746552428230643, 0.001716521568596363, 0.0017583880107849836, 0.0018002543365582824, 0.001842120778746903, 0.0018839871045202017, 0.0019258535467088223, 0.001967719988897443, 0.0020095861982554197, 0.0020514526404440403, 0.002093319082632661, 0.0021351852919906378, 0.0021770517341792583, 0.002218918176367879, 0.0022607846185564995, 0.0023026508279144764, 0.002344517270103097, 0.0023863837122917175, 0.002428250154480338, 0.002470116363838315, 0.0025119828060269356, 0.002553849248215556, 0.0025957156904041767, 0.0026375818997621536, 0.002679448341950774]}, "gradients/fc.1.weight": {"_type": "histogram", "values": [2.0, 2.0, 0.0, 0.0, 0.0, 0.0, 2.0, 0.0, 0.0, 0.0, 0.0, 2.0, 0.0, 0.0, 0.0, 0.0, 0.0, 2.0, 2.0, 3.0, 4.0, 5.0, 5.0, 1.0, 6.0, 3.0, 12.0, 14.0, 25.0, 58.0, 115.0, 204.0, 1.0, 6.0, 7.0, 3.0, 1.0, 2.0, 0.0, 4.0, 2.0, 4.0, 6.0, 1.0, 0.0, 1.0, 1.0, 0.0, 0.0, 0.0, 0.0, 0.0, 0.0, 0.0, 0.0, 0.0, 2.0, 0.0, 0.0, 0.0, 2.0, 0.0, 0.0, 2.0], "bins": [-0.04017653316259384, -0.03888512775301933, -0.037593722343444824, -0.036302316933870316, -0.03501091152429581, -0.0337195098400116, -0.03242810443043709, -0.03113669902086258, -0.02984529361128807, -0.028553888201713562, -0.027262482792139053, -0.025971079245209694, -0.024679673835635185, -0.023388268426060677, -0.022096864879131317, -0.02080545946955681, -0.0195140540599823, -0.01822264865040779, -0.016931243240833282, -0.015639839693903923, -0.014348434284329414, -0.013057028874754906, -0.011765625327825546, -0.010474219918251038, -0.009182814508676529, -0.00789140909910202, -0.006600003689527512, -0.005308598279953003, -0.004017196595668793, -0.002725791186094284, -0.0014343857765197754, -0.00014298036694526672, 0.001148425042629242, 0.0024398304522037506, 0.0037312358617782593, 0.005022641271352768, 0.006314046680927277, 0.007605448365211487, 0.008896853774785995, 0.010188259184360504, 0.011479664593935013, 0.012771070003509521, 0.01406247541308403, 0.015353880822658539, 0.01664528250694275, 0.017936687916517258, 0.019228093326091766, 0.020519498735666275, 0.021810904145240784, 0.023102305829524994, 0.0243937149643898, 0.02568511664867401, 0.02697652578353882, 0.02826792746782303, 0.029559336602687836, 0.030850738286972046, 0.032142139971256256, 0.03343354910612106, 0.03472495079040527, 0.03601635992527008, 0.03730776160955429, 0.0385991707444191, 0.03989057242870331, 0.041181981563568115, 0.042473383247852325]}, "gradients/fc.2.bias": {"_type": "histogram",