{"graph_0": {"_type": "graph-file", "path": "media/graph/graph_0_summary_7cd4b59d.graph.json", "sha256": "7cd4b59dab147860e6ed0f8089c93cbf726fc4b934ee8d683a6e695f8dd72e62", "size": 700}, "_timestamp": 1585606966.814251, "Episode length": 999, "Episode reward": -97.86105513337958, "Policy Loss": -0.024739712476730347, "_step": 499, "Value Loss": 0.0063254339620471, "_runtime": 9597.181381464005, "gradients/fc.2.bias": {"_type": "histogram", "values": [0.0, 0.0, 0.0, 0.0, 0.0, 0.0, 0.0, 0.0, 0.0, 0.0, 0.0, 0.0, 0.0, 0.0, 0.0, 0.0, 0.0, 0.0, 0.0, 0.0, 0.0, 0.0, 0.0, 0.0, 0.0, 0.0, 0.0, 0.0, 0.0, 0.0, 0.0, 0.0, 1.0, 0.0, 0.0, 0.0, 0.0, 0.0, 0.0, 0.0, 0.0, 0.0, 0.0, 0.0, 0.0, 0.0, 0.0, 0.0, 0.0, 0.0, 0.0, 0.0, 0.0, 0.0, 0.0, 0.0, 0.0, 0.0, 0.0, 0.0, 0.0, 0.0, 0.0, 0.0], "bins": [-6.195249557495117, -6.195249557495117, -6.195249557495117, -6.195249557495117, -6.195249557495117, -6.195249557495117, -6.195249557495117, -6.195249557495117, -6.195249557495117, -6.195249557495117, -6.195249557495117, -6.195249557495117, -6.195249557495117, -6.195249557495117, -6.195249557495117, -6.195249557495117, -6.195249557495117, -6.195249557495117, -6.195249557495117, -6.195249557495117, -6.195249557495117, -6.195249557495117, -6.195249557495117, -6.195249557495117, -6.195249557495117, -6.195249557495117, -6.195249557495117, -6.195249557495117, -6.195249557495117, -6.195249557495117, -6.195249557495117, -6.195249557495117, -6.195249557495117, -6.195249557495117, -6.195249557495117, -6.195249557495117, -6.195249557495117, -6.195249557495117, -6.195249557495117, -6.195249557495117, -6.195249557495117, -6.195249557495117, -6.195249557495117, -6.195249557495117, -6.195249557495117, -6.195249557495117, -6.195249557495117, -6.195249557495117, -6.195249557495117, -6.195249557495117, -6.195249557495117, -6.195249557495117, -6.195249557495117, -6.195249557495117, -6.195249557495117, -6.195249557495117, -6.195249557495117, -6.195249557495117, -6.195249557495117, -6.195249557495117, -6.195249557495117, -6.195249557495117, -6.195249557495117, -6.195249557495117, -6.195249557495117]}, "gradients/fc.2.weight": {"_type": "histogram", "values": [1.0, 0.0, 0.0, 0.0, 0.0, 1.0, 0.0, 2.0, 0.0, 0.0, 0.0, 0.0, 0.0, 0.0, 0.0, 0.0, 0.0, 0.0, 0.0, 1.0, 0.0, 0.0, 1.0, 0.0, 1.0, 0.0, 0.0, 0.0, 0.0, 0.0, 1.0, 0.0, 0.0, 0.0, 0.0, 1.0, 0.0, 0.0, 0.0, 0.0, 0.0, 0.0, 1.0, 0.0, 0.0, 0.0, 0.0, 0.0, 1.0, 0.0, 0.0, 0.0, 0.0, 0.0, 0.0, 0.0, 0.0, 0.0, 1.0, 0.0, 1.0, 0.0, 2.0, 1.0], "bins": [-8.38589859008789, -8.185410499572754, -7.984921932220459, -7.784433841705322, -7.5839457511901855, -7.383457183837891, -7.182969093322754, -6.982481002807617, -6.7819929122924805, -6.5815043449401855, -6.381016254425049, -6.180527687072754, -5.980039596557617, -5.7795515060424805, -5.579063415527344, -5.378575325012207, -5.178086757659912, -4.977598190307617, -4.7771100997924805, -4.576622009277344, -4.376133918762207, -4.175645351409912, -3.9751572608947754, -3.7746691703796387, -3.5741806030273438, -3.373692512512207, -3.1732044219970703, -2.9727163314819336, -2.7722277641296387, -2.571739673614502, -2.3712515830993652, -2.1707630157470703, -1.9702749252319336, -1.7697868347167969, -1.569298267364502, -1.3688101768493652, -1.1683220863342285, -0.9678335189819336, -0.7673454284667969, -0.5668573379516602, -0.36636924743652344, -0.16588115692138672, 0.034607887268066406, 0.23509597778320312, 0.43558406829833984, 0.6360721588134766, 0.8365602493286133, 1.03704833984375, 1.2375373840332031, 1.4380254745483398, 1.6385135650634766, 1.8390016555786133, 2.03948974609375, 2.2399778366088867, 2.4404659271240234, 2.6409549713134766, 2.8414430618286133, 3.04193115234375, 3.2424192428588867, 3.4429073333740234, 3.64339542388916, 3.8438844680786133, 4.04437255859375, 4.244860649108887, 4.445348739624023]}, "gradients/fc.1.bias": {"_type": "histogram", "values": [1.0, 0.0, 0.0, 0.0, 0.0, 0.0, 0.0, 0.0, 0.0, 0.0, 0.0, 0.0, 0.0, 0.0, 0.0, 1.0, 0.0, 0.0, 0.0, 0.0, 0.0, 0.0, 0.0, 2.0, 2.0, 0.0, 0.0, 0.0, 0.0, 0.0, 0.0, 0.0, 0.0, 0.0, 0.0, 0.0, 0.0, 0.0, 0.0, 1.0, 0.0, 0.0, 0.0, 0.0, 0.0, 1.0, 0.0, 1.0, 0.0, 1.0, 1.0, 2.0, 1.0, 0.0, 0.0, 0.0, 0.0, 0.0, 0.0, 1.0, 0.0, 0.0, 0.0, 1.0], "bins": [-3.4902257919311523, -3.359790563583374, -3.229355573654175, -3.0989203453063965, -2.9684853553771973, -2.838050127029419, -2.7076148986816406, -2.5771799087524414, -2.446744680404663, -2.3163094520568848, -2.1858744621276855, -2.0554392337799072, -1.9250041246414185, -1.7945690155029297, -1.6641337871551514, -1.5336986780166626, -1.4032635688781738, -1.2728283405303955, -1.1423933506011963, -1.011958122253418, -0.8815231323242188, -0.7510879039764404, -0.6206526756286621, -0.4902176856994629, -0.35978245735168457, -0.22934722900390625, -0.09891223907470703, 0.03152298927307129, 0.1619582176208496, 0.29239320755004883, 0.42282843589782715, 0.5532636642456055, 0.6836986541748047, 0.8141336441040039, 0.9445691108703613, 1.0750041007995605, 1.2054390907287598, 1.3358745574951172, 1.4663095474243164, 1.5967445373535156, 1.7271795272827148, 1.8576149940490723, 1.9880499839782715, 2.1184849739074707, 2.248920440673828, 2.3793554306030273, 2.5097904205322266, 2.640225887298584, 2.770660877227783, 2.9010958671569824, 3.03153133392334, 3.161966323852539, 3.2924013137817383, 3.4228367805480957, 3.553271770477295, 3.683706760406494, 3.8141422271728516, 3.944577217102051, 4.07501220703125, 4.205447196960449, 4.335882663726807, 4.466317653656006, 4.596753120422363, 4.7271881103515625, 4.857623100280762]}, "gradients/fc.0.weight": {"_type": "histogram", "values": [2.0, 3.0, 1.0, 0.0, 0.0, 2.0, 0.0, 0.0, 1.0, 0.0, 1.0, 0.0, 0.0, 0.0, 0.0, 0.0, 0.0, 2.0, 0.0, 0.0, 2.0, 0.0, 0.0, 0.0, 0.0, 1.0, 6.0, 6.0, 1.0, 5.0, 2.0, 3.0, 4.0, 8.0, 0.0, 0.0, 0.0, 0.0, 0.0, 0.0, 0.0, 0.0, 0.0, 2.0, 0.0, 1.0, 0.0, 0.0, 1.0, 0.0, 3.0, 0.0, 2.0, 0.0, 0.0, 1.0, 2.0, 0.0, 0.0, 1.0, 0.0, 0.0, 0.0, 1.0], "bins": [-26.81709861755371, -25.91582489013672, -25.014549255371094, -24.1132755279541, -23.21200180053711, -22.310726165771484, -21.409452438354492, -20.5081787109375, -19.606903076171875, -18.705629348754883, -17.80435562133789, -16.903079986572266, -16.001806259155273, -15.100532531738281, -14.199257850646973, -13.29798412322998, -12.396709442138672, -11.495434761047363, -10.594160079956055, -9.692886352539062, -8.79161262512207, -7.890336990356445, -6.989063262939453, -6.087789535522461, -5.186513900756836, -4.285240173339844, -3.3839664459228516, -2.4826927185058594, -1.5814170837402344, -0.6801433563232422, 0.22113037109375, 1.122406005859375, 2.023679733276367, 2.9249534606933594, 3.8262290954589844, 4.727502822875977, 5.628778457641602, 6.530050277709961, 7.431325912475586, 8.332601547241211, 9.23387336730957, 10.135149002075195, 11.03642463684082, 11.93769645690918, 12.838972091674805, 13.74024772644043, 14.641519546508789, 15.542795181274414, 16.44407081604004, 17.3453426361084, 18.246618270874023, 19.147890090942383, 20.049165725708008, 20.950441360473633, 21.851713180541992, 22.752988815307617, 23.654264450073242, 24.5555362701416, 25.456811904907227, 26.35808753967285, 27.25935935974121, 28.160634994506836, 29.06191062927246, 29.96318244934082, 30.864458084106445]}, "gradients/fc.1.weight": {"_type": "histogram", "values": [1.0, 0.0, 1.0, 1.0, 0.0, 1.0, 1.0, 2.0, 1.0, 5.0, 5.0, 2.0, 2.0, 5.0, 11.0, 7.0, 11.0, 9.0, 7.0, 11.0, 8.0, 7.0, 12.0, 10.0, 13.0, 15.0, 18.0, 48.0, 91.0, 48.0, 24.0, 15.0, 16.0, 16.0, 15.0, 3.0, 5.0, 9.0, 4.0, 4.0, 5.0, 8.0, 2.0, 3.0, 3.0, 5.0, 3.0, 1.0, 3.0, 1.0, 3.0, 3.0, 2.0, 1.0, 1.0, 0.0, 0.0, 1.0, 0.0, 1.0, 0.0, 1.0, 0.0, 1.0],