{"graph_0": {"_type": "graph-file", "path": "media/graph/graph_0_summary_d8154be0.graph.json", "sha256": "d8154be07585df2ab52469abe7d65ee4ab41932dbe758c8d0e4785e2d1b68154", "size": 700}, "_runtime": 12503.024689674377, "Value Loss": 0.011407963931560516, "Episode length": 999, "_timestamp": 1585582418.869323, "Episode reward": -96.79185819608497, "_step": 499, "Policy Loss": -0.12002217769622803, "gradients/fc.2.weight": {"_type": "histogram", "values": [1.0, 0.0, 0.0, 0.0, 0.0, 1.0, 0.0, 1.0, 2.0, 2.0, 0.0, 0.0, 0.0, 0.0, 0.0, 0.0, 0.0, 0.0, 0.0, 0.0, 1.0, 0.0, 0.0, 0.0, 0.0, 0.0, 0.0, 0.0, 0.0, 0.0, 0.0, 0.0, 0.0, 0.0, 1.0, 0.0, 1.0, 0.0, 0.0, 2.0, 0.0, 0.0, 1.0, 0.0, 0.0, 0.0, 0.0, 0.0, 1.0, 0.0, 0.0, 0.0, 0.0, 0.0, 1.0, 0.0, 0.0, 0.0, 0.0, 0.0, 0.0, 0.0, 0.0, 1.0], "bins": [-0.3333107829093933, -0.3044634759426117, -0.2756161689758301, -0.24676884710788727, -0.21792154014110565, -0.18907423317432404, -0.16022691130638123, -0.1313796043395996, -0.102532297372818, -0.07368499040603638, -0.04483768343925476, -0.015990376472473145, 0.01285696029663086, 0.041704267263412476, 0.07055157423019409, 0.09939888119697571, 0.12824618816375732, 0.15709349513053894, 0.18594080209732056, 0.21478813886642456, 0.2436354160308838, 0.2724827527999878, 0.301330029964447, 0.330177366733551, 0.35902470350265503, 0.38787198066711426, 0.41671931743621826, 0.4455665946006775, 0.4744139313697815, 0.5032612085342407, 0.5321085453033447, 0.560955822467804, 0.589803159236908, 0.618650496006012, 0.6474977731704712, 0.6763450503349304, 0.7051923871040344, 0.7340397238731384, 0.7628870606422424, 0.7917342782020569, 0.8205816149711609, 0.8494289517402649, 0.8782762885093689, 0.9071236252784729, 0.9359708428382874, 0.9648181796073914, 0.9936655163764954, 1.0225129127502441, 1.0513601303100586, 1.080207347869873, 1.1090548038482666, 1.137902021408081, 1.1667494773864746, 1.195596694946289, 1.2244439125061035, 1.253291368484497, 1.2821385860443115, 1.310986042022705, 1.3398332595825195, 1.368680477142334, 1.3975279331207275, 1.426375150680542, 1.4552223682403564, 1.48406982421875, 1.5129170417785645]}, "gradients/fc.0.weight": {"_type": "histogram", "values": [2.0, 0.0, 0.0, 0.0, 2.0, 0.0, 0.0, 0.0, 0.0, 1.0, 4.0, 0.0, 3.0, 2.0, 1.0, 2.0, 0.0, 1.0, 2.0, 0.0, 0.0, 0.0, 5.0, 1.0, 1.0, 3.0, 3.0, 1.0, 2.0, 1.0, 2.0, 3.0, 0.0, 0.0, 1.0, 2.0, 1.0, 0.0, 1.0, 0.0, 1.0, 1.0, 2.0, 0.0, 0.0, 0.0, 1.0, 1.0, 2.0, 1.0, 0.0, 0.0, 0.0, 1.0, 2.0, 1.0, 0.0, 1.0, 0.0, 1.0, 0.0, 1.0, 0.0, 1.0], "bins": [-0.3357571065425873, -0.32511043548583984, -0.3144637644290924, -0.30381709337234497, -0.29317042231559753, -0.2825237512588501, -0.2718770503997803, -0.2612304091453552, -0.2505837082862854, -0.23993705213069916, -0.22929038107395172, -0.2186436951160431, -0.20799702405929565, -0.19735035300254822, -0.18670368194580078, -0.17605701088905334, -0.1654103398323059, -0.15476366877555847, -0.14411699771881104, -0.1334703266620636, -0.12282365560531616, -0.11217696964740753, -0.1015302985906601, -0.09088362753391266, -0.08023694157600403, -0.06959027051925659, -0.058943599462509155, -0.04829692840576172, -0.03765025734901428, -0.027003586292266846, -0.01635691523551941, -0.005710244178771973, 0.004936426877975464, 0.0155830979347229, 0.026229768991470337, 0.03687644004821777, 0.04752311110496521, 0.058169782161712646, 0.06881645321846008, 0.07946312427520752, 0.09010979533195496, 0.10075649619102478, 0.11140316724777222, 0.12204983830451965, 0.1326965093612671, 0.14334318041801453, 0.15398985147476196, 0.1646365225315094, 0.17528322339057922, 0.18592986464500427, 0.1965765655040741, 0.20722320675849915, 0.21786990761756897, 0.22851654887199402, 0.23916324973106384, 0.2498098909854889, 0.2604565918445587, 0.27110323309898376, 0.2817499339580536, 0.29239657521247864, 0.30304327607154846, 0.3136899173259735, 0.32433661818504333, 0.3349832594394684, 0.3456299602985382]}, "gradients/fc.1.bias": {"_type": "histogram", "values": [1.0, 0.0, 0.0, 0.0, 0.0, 0.0, 0.0, 0.0, 0.0, 0.0, 0.0, 1.0, 0.0, 0.0, 0.0, 0.0, 0.0, 0.0, 0.0, 0.0, 0.0, 0.0, 0.0, 0.0, 0.0, 1.0, 0.0, 0.0, 0.0, 0.0, 0.0, 0.0, 0.0, 1.0, 0.0, 2.0, 0.0, 1.0, 2.0, 0.0, 0.0, 0.0, 0.0, 0.0, 0.0, 1.0, 1.0, 0.0, 0.0, 0.0, 2.0, 1.0, 0.0, 0.0, 0.0, 1.0, 0.0, 0.0, 0.0, 0.0, 0.0, 0.0, 0.0, 1.0], "bins": [-0.19971981644630432, -0.19409604370594025, -0.18847225606441498, -0.1828484833240509, -0.17722471058368683, -0.17160093784332275, -0.16597715020179749, -0.1603533774614334, -0.15472960472106934, -0.14910581707954407, -0.14348204433918, -0.13785827159881592, -0.13223448395729065, -0.12661071121692657, -0.1209869310259819, -0.11536315828561783, -0.10973937809467316, -0.10411559790372849, -0.09849182516336441, -0.09286804497241974, -0.08724427223205566, -0.08162049204111099, -0.07599671185016632, -0.07037293910980225, -0.06474915146827698, -0.0591253787279129, -0.05350160598754883, -0.04787783324718475, -0.042254045605659485, -0.03663027286529541, -0.031006500124931335, -0.025382712483406067, -0.019758939743041992, -0.014135167002677917, -0.008511379361152649, -0.0028876066207885742, 0.0027361661195755005, 0.008359953761100769, 0.013983726501464844, 0.01960749924182892, 0.025231271982192993, 0.03085505962371826, 0.036478832364082336, 0.04210260510444641, 0.04772639274597168, 0.05335018038749695, 0.05897393822669983, 0.0645977258682251, 0.07022151350975037, 0.07584527134895325, 0.08146905899047852, 0.0870928168296814, 0.09271660447120667, 0.09834039211273193, 0.10396414995193481, 0.10958793759346008, 0.11521172523498535, 0.12083548307418823, 0.1264592707157135, 0.13208305835723877, 0.13770681619644165, 0.14333060383796692, 0.1489543914794922, 0.15457814931869507, 0.16020193696022034]}, "gradients/fc.1.weight": {"_type": "histogram", "values": [1.0, 0.0, 0.0, 1.0, 1.0, 0.0, 0.0, 0.0, 1.0, 1.0, 3.0, 1.0, 0.0, 1.0, 0.0, 3.0, 1.0, 2.0, 1.0, 3.0, 1.0, 1.0, 1.0, 3.0, 0.0, 3.0, 2.0, 11.0, 13.0, 26.0, 19.0, 12.0, 27.0, 18.0, 10.0, 42.0, 92.0, 36.0, 21.0, 13.0, 15.0, 8.0, 6.0, 9.0, 6.0, 14.0, 11.0, 5.0, 9.0, 13.0, 7.0, 4.0, 9.0, 5.0, 2.0, 6.0, 3.0, 4.0, 2.0, 0.0, 1.0, 1.0, 0.0, 1.0], "bins": [-0.3314363956451416, -0.3224276900291443, -0.313418984413147, -0.30441027879714966, -0.29540157318115234, -0.2863928973674774, -0.2773841917514801, -0.2683754861354828, -0.2593667805194855, -0.25035807490348816, -0.24134936928749084, -0.23234067857265472, -0.2233319729566574, -0.2143232673406601, -0.20531457662582397, -0.19630587100982666, -0.18729716539382935, -0.17828845977783203, -0.16927975416183472, -0.1602710634469986, -0.15126235783100128, -0.14225365221500397, -0.13324496150016785, -0.12423625588417053, -0.11522755026817322, -0.1062188446521759, -0.09721013903617859, -0.08820144832134247, -0.07919275760650635, -0.07018405199050903, -0.06117534637451172, -0.052166640758514404, -0.04315793514251709, -0.034149229526519775, -0.02514052391052246, -0.016131818294525146, -0.007123112678527832, 0.0018855631351470947, 0.01089426875114441, 0.019902974367141724, 0.028911679983139038, 0.03792038559913635, 0.04692909121513367, 0.05593779683113098, 0.06494647264480591, 0.07395517826080322, 0.08296388387680054, 0.09197258949279785, 0.10098129510879517, 0.10999000072479248, 0.1189987063407898, 0.1280074119567871, 0.13701611757278442, 0.14602479338645935, 0.15503349900245667, 0.16404220461845398, 0.1730508804321289, 0.18205958604812622, 0.19106829166412354, 0.20007699728012085, 0.20908570289611816, 0.21809440851211548, 0.2271031141281128, 0.2361118197441101, 0.24512052536010742]}, "gradients/fc.2.bias": {"_type": "histogram", "values": [0.0, 0.0, 0.0, 0.0, 0.0, 0.0, 0.0, 0.0, 0.0, 0.0, 0.0, 0.0, 0.0, 0.0, 0.0, 0.0, 0.0, 0.0, 0.0, 0.0, 0.0, 0.0, 0.0, 0.0, 0.0, 0.0, 0.0, 0.0, 0.0, 0.0, 0.0, 0.0, 1.0, 0.0, 0.0, 0.0, 0.0, 0.0, 0.0, 0.0, 0.0, 0.0, 0.0, 0.0, 0.0, 0.0, 0.0, 0.0, 0.0, 0.0, 0.0, 0.0, 0.0, 0.0, 0.0, 0.0, 0.0, 0.0, 0.0, 0.0, 0.0, 0.0, 0.0, 0.0],