{"graph_0": {"_type": "graph-file", "path": "media/graph/graph_0_summary_ee66c304.graph.json", "sha256": "ee66c304de2ce86d4db22e03dcc86c2333a50c330702f32071cc8b8c7b88f134", "size": 700}, "_timestamp": 1585613065.415317, "Episode length": 999, "Episode reward": -74.36500529207814, "Policy Loss": -0.00678055826574564, "_step": 499, "Value Loss": 0.0013995831832289696, "_runtime": 15695.782447576523, "gradients/fc.2.bias": {"_type": "histogram", "values": [0.0, 0.0, 0.0, 0.0, 0.0, 0.0, 0.0, 0.0, 0.0, 0.0, 0.0, 0.0, 0.0, 0.0, 0.0, 0.0, 0.0, 0.0, 0.0, 0.0, 0.0, 0.0, 0.0, 0.0, 0.0, 0.0, 0.0, 0.0, 0.0, 0.0, 0.0, 0.0, 1.0, 0.0, 0.0, 0.0, 0.0, 0.0, 0.0, 0.0, 0.0, 0.0, 0.0, 0.0, 0.0, 0.0, 0.0, 0.0, 0.0, 0.0, 0.0, 0.0, 0.0, 0.0, 0.0, 0.0, 0.0, 0.0, 0.0, 0.0, 0.0, 0.0, 0.0, 0.0], "bins": [-1.3445252180099487, -1.3445252180099487, -1.3445252180099487, -1.3445252180099487, -1.3445252180099487, -1.3445252180099487, -1.3445252180099487, -1.3445252180099487, -1.3445252180099487, -1.3445252180099487, -1.3445252180099487, -1.3445252180099487, -1.3445252180099487, -1.3445252180099487, -1.3445252180099487, -1.3445252180099487, -1.3445252180099487, -1.3445252180099487, -1.3445252180099487, -1.3445252180099487, -1.3445252180099487, -1.3445252180099487, -1.3445252180099487, -1.3445252180099487, -1.3445252180099487, -1.3445252180099487, -1.3445252180099487, -1.3445252180099487, -1.3445252180099487, -1.3445252180099487, -1.3445252180099487, -1.3445252180099487, -1.3445252180099487, -1.3445252180099487, -1.3445252180099487, -1.3445252180099487, -1.3445252180099487, -1.3445252180099487, -1.3445252180099487, -1.3445252180099487, -1.3445252180099487, -1.3445252180099487, -1.3445252180099487, -1.3445252180099487, -1.3445252180099487, -1.3445252180099487, -1.3445252180099487, -1.3445252180099487, -1.3445252180099487, -1.3445252180099487, -1.3445252180099487, -1.3445252180099487, -1.3445252180099487, -1.3445252180099487, -1.3445252180099487, -1.3445252180099487, -1.3445252180099487, -1.3445252180099487, -1.3445252180099487, -1.3445252180099487, -1.3445252180099487, -1.3445252180099487, -1.3445252180099487, -1.3445252180099487, -1.3445252180099487]}, "gradients/fc.2.weight": {"_type": "histogram", "values": [1.0, 0.0, 0.0, 0.0, 0.0, 1.0, 0.0, 0.0, 0.0, 1.0, 0.0, 0.0, 0.0, 0.0, 0.0, 0.0, 0.0, 0.0, 0.0, 1.0, 0.0, 0.0, 0.0, 1.0, 0.0, 0.0, 0.0, 0.0, 0.0, 1.0, 0.0, 0.0, 1.0, 0.0, 0.0, 0.0, 0.0, 0.0, 0.0, 0.0, 0.0, 0.0, 0.0, 0.0, 0.0, 0.0, 0.0, 0.0, 0.0, 0.0, 0.0, 0.0, 0.0, 1.0, 0.0, 3.0, 1.0, 0.0, 1.0, 0.0, 1.0, 1.0, 0.0, 1.0], "bins": [-2.0240135192871094, -1.9758132696151733, -1.9276130199432373, -1.8794127702713013, -1.8312125205993652, -1.7830122709274292, -1.7348120212554932, -1.6866118907928467, -1.638411521911621, -1.5902113914489746, -1.542011022567749, -1.4938108921051025, -1.4456106424331665, -1.3974103927612305, -1.3492101430892944, -1.3010098934173584, -1.2528096437454224, -1.2046093940734863, -1.1564091444015503, -1.1082088947296143, -1.0600086450576782, -1.0118083953857422, -0.9636081457138062, -0.9154078960418701, -0.8672077655792236, -0.8190075159072876, -0.7708072662353516, -0.7226070165634155, -0.6744067668914795, -0.6262065172195435, -0.5780062675476074, -0.5298060178756714, -0.48160576820373535, -0.4334055185317993, -0.3852052688598633, -0.33700501918792725, -0.2888047695159912, -0.24060451984405518, -0.19240427017211914, -0.1442040205001831, -0.09600377082824707, -0.047803640365600586, 0.000396728515625, 0.048596858978271484, 0.09679722785949707, 0.14499735832214355, 0.19319772720336914, 0.24139785766601562, 0.2895979881286621, 0.3377983570098877, 0.3859984874725342, 0.43419885635375977, 0.48239898681640625, 0.5305993556976318, 0.5787994861602783, 0.6269998550415039, 0.6751999855041504, 0.723400354385376, 0.7716004848480225, 0.819800853729248, 0.8680009841918945, 0.9162013530731201, 0.9644014835357666, 1.0126018524169922, 1.0608019828796387]}, "gradients/fc.1.bias": {"_type": "histogram", "values": [1.0, 0.0, 0.0, 0.0, 0.0, 0.0, 0.0, 0.0, 1.0, 0.0, 0.0, 0.0, 0.0, 0.0, 0.0, 0.0, 0.0, 0.0, 0.0, 0.0, 0.0, 1.0, 0.0, 1.0, 0.0, 0.0, 0.0, 1.0, 0.0, 0.0, 0.0, 0.0, 0.0, 0.0, 0.0, 1.0, 0.0, 1.0, 0.0, 0.0, 0.0, 1.0, 0.0, 1.0, 0.0, 0.0, 0.0, 0.0, 0.0, 0.0, 0.0, 0.0, 2.0, 0.0, 1.0, 0.0, 1.0, 0.0, 1.0, 0.0, 1.0, 0.0, 0.0, 1.0], "bins": [-0.41436564922332764, -0.40379005670547485, -0.39321449398994446, -0.38263893127441406, -0.3720633387565613, -0.3614877462387085, -0.3509121835231781, -0.3403366208076477, -0.3297610282897949, -0.31918543577194214, -0.30860987305641174, -0.29803431034088135, -0.28745871782302856, -0.2768831253051758, -0.2663075625896454, -0.255731999874115, -0.2451564073562622, -0.23458082973957062, -0.22400525212287903, -0.21342967450618744, -0.20285409688949585, -0.19227851927280426, -0.18170294165611267, -0.17112736403942108, -0.1605517864227295, -0.1499761939048767, -0.1394006311893463, -0.12882506847381592, -0.11824947595596313, -0.10767388343811035, -0.09709832072257996, -0.08652275800704956, -0.07594716548919678, -0.065371572971344, -0.0547960102558136, -0.0442204475402832, -0.03364485502243042, -0.023069262504577637, -0.012493699789047241, -0.0019181370735168457, 0.008657455444335938, 0.01923304796218872, 0.029808610677719116, 0.04038417339324951, 0.050959765911102295, 0.06153535842895508, 0.07211092114448547, 0.08268648386001587, 0.09326207637786865, 0.10383766889572144, 0.11441326141357422, 0.12498879432678223, 0.135564386844635, 0.1461399793624878, 0.1567155122756958, 0.16729110479354858, 0.17786669731140137, 0.18844228982925415, 0.19901788234710693, 0.20959341526031494, 0.22016900777816772, 0.2307446002960205, 0.24132013320922852, 0.2518957257270813, 0.2624713182449341]}, "gradients/fc.0.weight": {"_type": "histogram", "values": [1.0, 0.0, 0.0, 0.0, 0.0, 0.0, 1.0, 1.0, 0.0, 0.0, 0.0, 0.0, 1.0, 0.0, 0.0, 0.0, 0.0, 2.0, 2.0, 0.0, 0.0, 1.0, 2.0, 0.0, 0.0, 0.0, 1.0, 3.0, 0.0, 2.0, 1.0, 4.0, 1.0, 2.0, 6.0, 6.0, 1.0, 3.0, 3.0, 0.0, 0.0, 3.0, 2.0, 3.0, 2.0, 1.0, 1.0, 0.0, 1.0, 2.0, 0.0, 0.0, 2.0, 1.0, 1.0, 0.0, 0.0, 0.0, 0.0, 0.0, 0.0, 0.0, 0.0, 1.0], "bins": [-0.2457849383354187, -0.23883560299873352, -0.23188628256320953, -0.22493694722652435, -0.21798762679100037, -0.21103829145431519, -0.20408895611763, -0.19713963568210602, -0.19019031524658203, -0.18324097990989685, -0.17629164457321167, -0.16934232413768768, -0.1623929888010025, -0.15544366836547852, -0.14849433302879333, -0.14154499769210815, -0.13459567725658417, -0.12764635682106018, -0.120697021484375, -0.11374768614768982, -0.10679836571216583, -0.09984903037548065, -0.09289970993995667, -0.08595037460327148, -0.0790010392665863, -0.07205171883106232, -0.06510238349437714, -0.05815306305885315, -0.05120372772216797, -0.04425440728664398, -0.0373050719499588, -0.030355751514434814, -0.023406416177749634, -0.016457080841064453, -0.009507760405540466, -0.0025584250688552856, 0.004390895366668701, 0.011340230703353882, 0.018289566040039062, 0.025238871574401855, 0.032188206911087036, 0.03913754224777222, 0.0460868775844574, 0.05303621292114258, 0.05998551845550537, 0.06693485379219055, 0.07388418912887573, 0.08083352446556091, 0.0877828598022461, 0.09473216533660889, 0.10168150067329407, 0.10863083600997925, 0.11558017134666443, 0.12252947688102722, 0.1294788122177124, 0.13642814755439758, 0.14337748289108276, 0.15032681822776794, 0.15727612376213074, 0.16422545909881592, 0.1711747944355011, 0.17812412977218628, 0.18507343530654907, 0.19202277064323425, 0.19897210597991943]}, "gradients/fc.1.weight": {"_type": "histogram", "values": [1.0, 0.0, 0.0, 0.0, 0.0, 0.0, 0.0, 1.0, 0.0, 0.0, 0.0, 0.0, 0.0, 1.0, 0.0, 0.0, 1.0, 1.0, 3.0, 1.0, 1.0, 6.0, 5.0, 6.0, 6.0, 14.0, 14.0, 10.0, 20.0, 17.0, 17.0, 26.0, 32.0, 47.0, 52.0, 57.0, 34.0, 23.0, 24.0, 13.0, 15.0, 10.0, 6.0, 10.0, 4.0, 5.0, 5.0, 3.0, 1.0, 4.0, 2.0, 3.0, 0.0, 1.0, 3.0, 1.0, 3.0, 1.0, 0.0, 0.0, 1.0, 0.0, 0.0, 1.0],