{"graph_0": {"_type": "graph-file", "path": "media/graph/graph_0_summary_8adf2840.graph.json", "sha256": "8adf28403dffd1deb84909eab37665309d02a60048213bb367be755309fd5a88", "size": 700}, "_runtime": 14062.049268960953, "Value Loss": 0.0013638794189319015, "Episode length": 999, "_timestamp": 1585583977.8939023, "Episode reward": -72.00289529026826, "_step": 499, "Policy Loss": -0.0013828949304297566, "gradients/fc.2.weight": {"_type": "histogram", "values": [2.0, 0.0, 0.0, 0.0, 0.0, 0.0, 1.0, 1.0, 1.0, 0.0, 1.0, 1.0, 0.0, 0.0, 0.0, 0.0, 0.0, 0.0, 0.0, 0.0, 1.0, 0.0, 0.0, 0.0, 0.0, 0.0, 0.0, 0.0, 0.0, 0.0, 0.0, 0.0, 0.0, 0.0, 2.0, 1.0, 0.0, 1.0, 1.0, 1.0, 1.0, 0.0, 0.0, 0.0, 0.0, 0.0, 0.0, 0.0, 0.0, 0.0, 0.0, 0.0, 0.0, 0.0, 0.0, 0.0, 0.0, 0.0, 0.0, 0.0, 0.0, 0.0, 0.0, 1.0], "bins": [0.46168598532676697, 0.5837241411209106, 0.7057623267173767, 0.8278005123138428, 0.9498386383056641, 1.071876883506775, 1.1939150094985962, 1.3159531354904175, 1.4379913806915283, 1.5600295066833496, 1.6820677518844604, 1.8041058778762817, 1.926144003868103, 2.048182249069214, 2.170220375061035, 2.2922585010528564, 2.4142966270446777, 2.536334753036499, 2.6583728790283203, 2.7804112434387207, 2.902449369430542, 3.0244874954223633, 3.1465256214141846, 3.268563747406006, 3.390601873397827, 3.5126402378082275, 3.634678363800049, 3.75671648979187, 3.8787546157836914, 4.000792980194092, 4.122831344604492, 4.244869232177734, 4.366907596588135, 4.488945960998535, 4.610983848571777, 4.733022212982178, 4.85506010055542, 4.97709846496582, 5.099136829376221, 5.221174716949463, 5.343213081359863, 5.4652509689331055, 5.587289333343506, 5.709327697753906, 5.831365585327148, 5.953403949737549, 6.075441837310791, 6.197480201721191, 6.319518089294434, 6.441556453704834, 6.563594818115234, 6.685632705688477, 6.807671070098877, 6.929708957672119, 7.0517473220825195, 7.17378568649292, 7.295823574066162, 7.4178619384765625, 7.539899826049805, 7.661938190460205, 7.7839765548706055, 7.906014442443848, 8.02805233001709, 8.150090217590332, 8.27212905883789]}, "gradients/fc.0.weight": {"_type": "histogram", "values": [1.0, 1.0, 0.0, 0.0, 0.0, 0.0, 0.0, 0.0, 0.0, 0.0, 0.0, 1.0, 1.0, 0.0, 0.0, 0.0, 0.0, 0.0, 0.0, 0.0, 0.0, 0.0, 1.0, 1.0, 0.0, 0.0, 0.0, 1.0, 0.0, 0.0, 1.0, 1.0, 1.0, 2.0, 3.0, 1.0, 1.0, 4.0, 6.0, 3.0, 3.0, 5.0, 1.0, 1.0, 1.0, 1.0, 2.0, 6.0, 3.0, 2.0, 2.0, 0.0, 1.0, 0.0, 0.0, 1.0, 1.0, 0.0, 0.0, 0.0, 1.0, 1.0, 1.0, 1.0], "bins": [-1.0326868295669556, -1.007367730140686, -0.9820486903190613, -0.9567296504974365, -0.9314106106758118, -0.9060915112495422, -0.8807724714279175, -0.855453372001648, -0.8301343321800232, -0.8048152923583984, -0.7794961929321289, -0.7541771531105042, -0.7288581132888794, -0.7035390138626099, -0.6782199740409851, -0.6529009342193604, -0.6275818347930908, -0.6022627949714661, -0.5769437551498413, -0.5516246557235718, -0.526305615901947, -0.5009865760803223, -0.47566747665405273, -0.450348436832428, -0.4250293970108032, -0.3997102975845337, -0.37439125776290894, -0.3490722179412842, -0.32375311851501465, -0.2984340786933899, -0.27311503887176514, -0.2477959394454956, -0.22247689962387085, -0.1971578598022461, -0.17183876037597656, -0.1465197205543518, -0.12120068073272705, -0.09588158130645752, -0.07056254148483276, -0.04524350166320801, -0.019924402236938477, 0.005394697189331055, 0.030713677406311035, 0.056032776832580566, 0.0813518762588501, 0.10667085647583008, 0.1319899559020996, 0.15730905532836914, 0.18262803554534912, 0.20794713497161865, 0.23326623439788818, 0.25858521461486816, 0.2839043140411377, 0.3092234134674072, 0.3345423936843872, 0.35986149311065674, 0.38518059253692627, 0.41049957275390625, 0.4358186721801758, 0.4611377716064453, 0.4864567518234253, 0.5117758512496948, 0.5370949506759644, 0.5624139308929443, 0.5877330303192139]}, "gradients/fc.1.bias": {"_type": "histogram", "values": [1.0, 0.0, 0.0, 0.0, 0.0, 0.0, 0.0, 0.0, 0.0, 0.0, 0.0, 0.0, 0.0, 0.0, 1.0, 0.0, 0.0, 0.0, 1.0, 0.0, 2.0, 0.0, 0.0, 0.0, 0.0, 0.0, 2.0, 0.0, 0.0, 0.0, 0.0, 2.0, 1.0, 0.0, 1.0, 0.0, 0.0, 0.0, 0.0, 0.0, 1.0, 0.0, 0.0, 0.0, 0.0, 0.0, 0.0, 0.0, 0.0, 0.0, 0.0, 0.0, 1.0, 0.0, 0.0, 0.0, 1.0, 0.0, 0.0, 0.0, 0.0, 0.0, 0.0, 2.0], "bins": [-0.6144461035728455, -0.5951629281044006, -0.575879693031311, -0.5565965175628662, -0.5373133420944214, -0.5180301666259766, -0.49874693155288696, -0.47946375608444214, -0.4601805806159973, -0.4408973753452301, -0.4216141700744629, -0.40233099460601807, -0.38304778933525085, -0.36376461386680603, -0.3444814085960388, -0.325198233127594, -0.3059150278568268, -0.28663182258605957, -0.26734864711761475, -0.24806544184684753, -0.2287822663784027, -0.2094990611076355, -0.19021588563919067, -0.17093268036842346, -0.15164947509765625, -0.13236629962921143, -0.1130831241607666, -0.093799889087677, -0.07451671361923218, -0.055233538150787354, -0.03595036268234253, -0.01666712760925293, 0.0026160478591918945, 0.02189922332763672, 0.04118245840072632, 0.06046563386917114, 0.07974880933761597, 0.09903198480606079, 0.11831521987915039, 0.13759839534759521, 0.15688157081604004, 0.17616480588912964, 0.19544798135757446, 0.2147311568260193, 0.2340143322944641, 0.2532975673675537, 0.27258074283599854, 0.29186391830444336, 0.31114715337753296, 0.3304303288459778, 0.3497135043144226, 0.36899667978286743, 0.38827985525131226, 0.4075630307197571, 0.42684632539749146, 0.4461295008659363, 0.4654126763343811, 0.4846958518028259, 0.5039790272712708, 0.5232622027397156, 0.5425453782081604, 0.5618286728858948, 0.5811118483543396, 0.6003950238227844, 0.6196781992912292]}, "gradients/fc.1.weight": {"_type": "histogram", "values": [1.0, 1.0, 0.0, 0.0, 0.0, 1.0, 1.0, 1.0, 3.0, 2.0, 3.0, 2.0, 3.0, 1.0, 6.0, 2.0, 2.0, 5.0, 0.0, 1.0, 4.0, 8.0, 7.0, 6.0, 11.0, 13.0, 11.0, 5.0, 18.0, 28.0, 24.0, 31.0, 36.0, 37.0, 40.0, 28.0, 18.0, 20.0, 16.0, 14.0, 11.0, 13.0, 8.0, 9.0, 5.0, 5.0, 6.0, 5.0, 3.0, 4.0, 2.0, 6.0, 3.0, 3.0, 4.0, 2.0, 2.0, 6.0, 0.0, 1.0, 1.0, 1.0, 0.0, 2.0], "bins": [-0.5019303560256958, -0.48698320984840393, -0.47203606367111206, -0.4570889174938202, -0.4421417713165283, -0.42719462513923645, -0.4122474789619446, -0.3973003327846527, -0.38235318660736084, -0.36740607023239136, -0.3524588942527771, -0.3375117778778076, -0.32256460189819336, -0.3076174855232239, -0.2926703095436096, -0.27772319316864014, -0.2627760171890259, -0.2478289008140564, -0.23288175463676453, -0.21793460845947266, -0.2029874622821808, -0.18804031610488892, -0.17309316992759705, -0.15814602375030518, -0.1431988775730133, -0.12825173139572144, -0.11330458521842957, -0.0983574390411377, -0.08341029286384583, -0.06846314668655396, -0.053516000509262085, -0.038568854331970215, -0.023621708154678345, -0.008674561977386475, 0.006272554397583008, 0.021219730377197266, 0.03616684675216675, 0.051114022731781006, 0.06606113910675049, 0.08100831508636475, 0.09595543146133423, 0.11090260744094849, 0.12584972381591797, 0.14079689979553223, 0.1557440161705017, 0.17069119215011597, 0.18563830852508545, 0.2005854845046997, 0.2155326008796692, 0.23047977685928345, 0.24542689323425293, 0.2603740692138672, 0.27532118558883667, 0.2902683615684509, 0.3052154779434204, 0.32016265392303467, 0.33510977029800415, 0.3500569462776184, 0.3650040626525879, 0.37995123863220215, 0.39489835500717163, 0.4098455309867859, 0.42479264736175537, 0.43973982334136963, 0.4546869397163391]}, "gradients/fc.2.bias": {"_type": "histogram", "values": [0.0, 0.0, 0.0, 0.0, 0.0, 0.0, 0.0, 0.0, 0.0, 0.0, 0.0, 0.0, 0.0, 0.0, 0.0, 0.0, 0.0, 0.0, 0.0, 0.0, 0.0, 0.0, 0.0, 0.0, 0.0, 0.0, 0.0, 0.0, 0.0, 0.0, 0.0, 0.0, 1.0, 0.0, 0.0, 0.0, 0.0, 0.0, 0.0, 0.0, 0.0, 0.0, 0.0, 0.0, 0.0, 0.0, 0.0, 0.0, 0.0, 0.0, 0.0, 0.0, 0.0, 0.0, 0.0, 0.0, 0.0, 0.0, 0.0, 0.0, 0.0, 0.0, 0.0, 0.0],