{"graph_0": {"_type": "graph-file", "path": "media/graph/graph_0_summary_098eef87.graph.json", "sha256": "098eef8764fc251f8edc9b70e84dc1d112aae50766d1ca5be0ece84bcb092303", "size": 700}, "_step": 22, "Value Loss": 174.07699584960938, "Policy Loss": 51.03415298461914, "Episode length": 999, "Episode reward": -99.8999259217378, "_timestamp": 1585506965.989723, "_runtime": 41.47741389274597}
