{"graph_0": {"_type": "graph-file", "path": "media/graph/graph_0_summary_f9a1793b.graph.json", "sha256": "f9a1793bed9d525af5418b62097c9bc8727c7c4e4a99da85fcface9e2d64c841", "size": 700}, "_timestamp": 1585615586.1346343, "Episode length": 758, "Episode reward": 24.292769297212388, "Policy Loss": -4.545449256896973, "_step": 499, "Value Loss": 8.522122383117676, "_runtime": 18216.501764774323, "gradients/fc.2.bias": {"_type": "histogram", "values": [0.0, 0.0, 0.0, 0.0, 0.0, 0.0, 0.0, 0.0, 0.0, 0.0, 0.0, 0.0, 0.0, 0.0, 0.0, 0.0, 0.0, 0.0, 0.0, 0.0, 0.0, 0.0, 0.0, 0.0, 0.0, 0.0, 0.0, 0.0, 0.0, 0.0, 0.0, 0.0, 1.0, 0.0, 0.0, 0.0, 0.0, 0.0, 0.0, 0.0, 0.0, 0.0, 0.0, 0.0, 0.0, 0.0, 0.0, 0.0, 0.0, 0.0, 0.0, 0.0, 0.0, 0.0, 0.0, 0.0, 0.0, 0.0, 0.0, 0.0, 0.0, 0.0, 0.0, 0.0], "bins": [-0.6294596195220947, -0.6294596195220947, -0.6294596195220947, -0.6294596195220947, -0.6294596195220947, -0.6294596195220947, -0.6294596195220947, -0.6294596195220947, -0.6294596195220947, -0.6294596195220947, -0.6294596195220947, -0.6294596195220947, -0.6294596195220947, -0.6294596195220947, -0.6294596195220947, -0.6294596195220947, -0.6294596195220947, -0.6294596195220947, -0.6294596195220947, -0.6294596195220947, -0.6294596195220947, -0.6294596195220947, -0.6294596195220947, -0.6294596195220947, -0.6294596195220947, -0.6294596195220947, -0.6294596195220947, -0.6294596195220947, -0.6294596195220947, -0.6294596195220947, -0.6294596195220947, -0.6294596195220947, -0.6294596195220947, -0.6294596195220947, -0.6294596195220947, -0.6294596195220947, -0.6294596195220947, -0.6294596195220947, -0.6294596195220947, -0.6294596195220947, -0.6294596195220947, -0.6294596195220947, -0.6294596195220947, -0.6294596195220947, -0.6294596195220947, -0.6294596195220947, -0.6294596195220947, -0.6294596195220947, -0.6294596195220947, -0.6294596195220947, -0.6294596195220947, -0.6294596195220947, -0.6294596195220947, -0.6294596195220947, -0.6294596195220947, -0.6294596195220947, -0.6294596195220947, -0.6294596195220947, -0.6294596195220947, -0.6294596195220947, -0.6294596195220947, -0.6294596195220947, -0.6294596195220947, -0.6294596195220947, -0.6294596195220947]}, "gradients/fc.2.weight": {"_type": "histogram", "values": [1.0, 0.0, 0.0, 0.0, 0.0, 0.0, 0.0, 0.0, 0.0, 0.0, 0.0, 0.0, 0.0, 0.0, 0.0, 0.0, 0.0, 0.0, 0.0, 0.0, 0.0, 0.0, 0.0, 0.0, 0.0, 0.0, 0.0, 0.0, 0.0, 0.0, 0.0, 0.0, 0.0, 0.0, 0.0, 0.0, 0.0, 0.0, 0.0, 0.0, 0.0, 0.0, 0.0, 0.0, 0.0, 0.0, 0.0, 0.0, 0.0, 0.0, 0.0, 0.0, 0.0, 0.0, 0.0, 0.0, 0.0, 0.0, 0.0, 0.0, 0.0, 0.0, 1.0, 14.0], "bins": [-45.657630920410156, -44.93439483642578, -44.211158752441406, -43.48792266845703, -42.764686584472656, -42.04145050048828, -41.318214416503906, -40.59497833251953, -39.87174606323242, -39.14850997924805, -38.42527389526367, -37.7020378112793, -36.97880172729492, -36.25556564331055, -35.53232955932617, -34.8090934753418, -34.08585739135742, -33.36262130737305, -32.63938903808594, -31.91615104675293, -31.192914962768555, -30.469680786132812, -29.746444702148438, -29.023208618164062, -28.299972534179688, -27.576736450195312, -26.853500366210938, -26.130264282226562, -25.407028198242188, -24.683794021606445, -23.96055793762207, -23.237321853637695, -22.51408576965332, -21.790849685668945, -21.06761360168457, -20.344377517700195, -19.621143341064453, -18.897907257080078, -18.174671173095703, -17.451435089111328, -16.728199005126953, -16.004962921142578, -15.281728744506836, -14.558492660522461, -13.835256576538086, -13.112022399902344, -12.388786315917969, -11.665550231933594, -10.942314147949219, -10.219078063964844, -9.495841979980469, -8.772605895996094, -8.049369812011719, -7.326133728027344, -6.602897644042969, -5.879661560058594, -5.156425476074219, -4.433189392089844, -3.7099571228027344, -2.9867210388183594, -2.2634849548339844, -1.5402488708496094, -0.8170127868652344, -0.09377670288085938, 0.6294593811035156]}, "gradients/fc.1.bias": {"_type": "histogram", "values": [1.0, 0.0, 0.0, 0.0, 0.0, 0.0, 0.0, 0.0, 0.0, 0.0, 0.0, 0.0, 0.0, 0.0, 0.0, 0.0, 0.0, 0.0, 0.0, 0.0, 0.0, 0.0, 0.0, 0.0, 0.0, 0.0, 0.0, 0.0, 0.0, 0.0, 0.0, 0.0, 0.0, 0.0, 0.0, 0.0, 0.0, 0.0, 0.0, 0.0, 0.0, 0.0, 0.0, 0.0, 0.0, 0.0, 0.0, 0.0, 0.0, 0.0, 0.0, 0.0, 0.0, 0.0, 0.0, 0.0, 0.0, 1.0, 1.0, 0.0, 0.0, 0.0, 1.0, 12.0], "bins": [-1.7696815729141235, -1.7418681383132935, -1.714054822921753, -1.6862413883209229, -1.6584279537200928, -1.6306145191192627, -1.6028012037277222, -1.574987769126892, -1.5471744537353516, -1.5193610191345215, -1.4915475845336914, -1.4637341499328613, -1.4359208345413208, -1.4081073999404907, -1.3802940845489502, -1.3524806499481201, -1.32466721534729, -1.29685378074646, -1.2690403461456299, -1.2412270307540894, -1.2134135961532593, -1.1856002807617188, -1.1577868461608887, -1.1299734115600586, -1.1021599769592285, -1.074346661567688, -1.046533226966858, -1.0187199115753174, -0.9909064769744873, -0.9630930423736572, -0.9352796673774719, -0.9074662327766418, -0.8796528577804565, -0.8518394827842712, -0.8240260481834412, -0.7962126731872559, -0.7683992385864258, -0.7405859231948853, -0.7127724885940552, -0.6849590539932251, -0.657145619392395, -0.6293323040008545, -0.6015188694000244, -0.5737054347991943, -0.5458921194076538, -0.5180786848068237, -0.49026525020599365, -0.4624519348144531, -0.43463850021362305, -0.40682506561279297, -0.37901175022125244, -0.35119831562042236, -0.3233848810195923, -0.29557156562805176, -0.2677581310272217, -0.2399446964263916, -0.21213138103485107, -0.184317946434021, -0.15650451183319092, -0.12869107723236084, -0.10087776184082031, -0.07306432723999023, -0.045250892639160156, -0.01743757724761963, 0.01037585735321045]}, "gradients/fc.0.weight": {"_type": "histogram", "values": [1.0, 0.0, 0.0, 1.0, 1.0, 0.0, 0.0, 2.0, 1.0, 0.0, 0.0, 0.0, 0.0, 0.0, 1.0, 1.0, 1.0, 0.0, 0.0, 0.0, 1.0, 1.0, 2.0, 0.0, 0.0, 0.0, 2.0, 1.0, 1.0, 3.0, 1.0, 0.0, 0.0, 0.0, 1.0, 0.0, 1.0, 1.0, 1.0, 2.0, 1.0, 1.0, 4.0, 3.0, 3.0, 3.0, 3.0, 2.0, 3.0, 4.0, 2.0, 0.0, 3.0, 1.0, 1.0, 0.0, 0.0, 0.0, 2.0, 0.0, 0.0, 0.0, 0.0, 1.0], "bins": [-2.0743191242218018, -2.0263631343841553, -1.978407382965088, -1.930451512336731, -1.882495641708374, -1.834539771080017, -1.7865839004516602, -1.7386280298233032, -1.6906721591949463, -1.6427162885665894, -1.5947604179382324, -1.546804428100586, -1.4988486766815186, -1.450892686843872, -1.4029369354248047, -1.3549809455871582, -1.3070251941680908, -1.2590692043304443, -1.211113452911377, -1.1631574630737305, -1.115201711654663, -1.0672457218170166, -1.0192898511886597, -0.9713339805603027, -0.9233781099319458, -0.8754222393035889, -0.8274663686752319, -0.779510498046875, -0.7315546274185181, -0.6835987567901611, -0.6356428861618042, -0.5876870155334473, -0.5397311449050903, -0.4917752742767334, -0.44381940364837646, -0.39586353302001953, -0.3479076623916626, -0.29995179176330566, -0.25199592113494873, -0.2040400505065918, -0.15608417987823486, -0.10812830924987793, -0.060172319412231445, -0.012216567993164062, 0.03573942184448242, 0.0836951732635498, 0.1316511631011963, 0.17960691452026367, 0.22756290435791016, 0.27551865577697754, 0.323474645614624, 0.3714303970336914, 0.4193863868713379, 0.4673421382904053, 0.5152981281280518, 0.5632538795471191, 0.6112098693847656, 0.659165620803833, 0.7071216106414795, 0.7550773620605469, 0.8030333518981934, 0.8509891033172607, 0.8989450931549072, 0.9469008445739746, 0.9948568344116211]}, "gradients/fc.1.weight": {"_type": "histogram", "values": [1.0, 0.0, 0.0, 0.0, 0.0, 0.0, 0.0, 0.0, 0.0, 0.0, 0.0, 0.0, 0.0, 0.0, 0.0, 0.0, 0.0, 0.0, 0.0, 0.0, 0.0, 0.0, 0.0, 0.0, 0.0, 1.0, 4.0, 2.0, 0.0, 1.0, 0.0, 1.0, 0.0, 0.0, 0.0, 0.0, 0.0, 0.0, 0.0, 0.0, 1.0, 1.0, 0.0, 1.0, 14.0, 4.0, 0.0, 9.0, 0.0, 1.0, 7.0, 9.0, 386.0, 38.0, 10.0, 2.0, 0.0, 0.0, 4.0, 0.0, 3.0, 5.0, 4.0, 3.0],