{"graph_0": {"_type": "graph-file", "path": "media/graph/graph_0_summary_9f463d5b.graph.json", "sha256": "9f463d5be3f6c84e891500ceda59a2e2867a76ac3efc3afa8f28177aba319202", "size": 700}, "_runtime": 8874.790584802628, "Episode reward": 52.686604655859824, "Value Loss": 19.574012756347656, "Policy Loss": 0.7215671539306641, "_step": 499, "_timestamp": 1585517953.2113144, "Episode length": 478, "gradients/fc.0.bias": {"_type": "histogram", "values": [1.0, 0.0, 0.0, 0.0, 0.0, 1.0, 1.0, 0.0, 1.0, 0.0, 1.0, 2.0, 0.0, 2.0, 1.0, 3.0, 0.0, 0.0, 2.0, 1.0, 0.0, 0.0, 1.0, 0.0, 0.0, 0.0, 0.0, 0.0, 1.0, 0.0, 0.0, 0.0, 3.0, 1.0, 1.0, 1.0, 0.0, 1.0, 0.0, 0.0, 0.0, 0.0, 0.0, 0.0, 0.0, 0.0, 0.0, 0.0, 0.0, 0.0, 0.0, 0.0, 0.0, 0.0, 0.0, 0.0, 0.0, 0.0, 0.0, 3.0, 1.0, 2.0, 0.0, 1.0], "bins": [-3.453089714050293, -3.302565097808838, -3.152040719985962, -3.001516103744507, -2.850991725921631, -2.700467109680176, -2.5499424934387207, -2.3994181156158447, -2.2488937377929688, -2.0983691215515137, -1.9478446245193481, -1.7973201274871826, -1.6467955112457275, -1.496271014213562, -1.3457465171813965, -1.1952221393585205, -1.0446975231170654, -0.8941729068756104, -0.7436485290527344, -0.5931239128112793, -0.4425995349884033, -0.29207491874694824, -0.14155054092407227, 0.008974075317382812, 0.1594986915588379, 0.31002306938171387, 0.46054768562316895, 0.6110720634460449, 0.7615966796875, 0.9121212959289551, 1.062645435333252, 1.213170051574707, 1.363694667816162, 1.5142192840576172, 1.6647439002990723, 1.8152680397033691, 1.9657926559448242, 2.1163172721862793, 2.2668418884277344, 2.4173660278320312, 2.5678906440734863, 2.7184152603149414, 2.8689398765563965, 3.0194644927978516, 3.1699886322021484, 3.3205132484436035, 3.4710378646850586, 3.6215624809265137, 3.7720870971679688, 3.9226112365722656, 4.073135852813721, 4.223660469055176, 4.374185085296631, 4.524709224700928, 4.675233840942383, 4.82575798034668, 4.976283073425293, 5.12680721282959, 5.277332305908203, 5.4278564453125, 5.578380584716797, 5.72890567779541, 5.879429817199707, 6.02995491027832, 6.180479049682617]}, "gradients/fc.0.weight": {"_type": "histogram", "values": [1.0, 1.0, 3.0, 1.0, 1.0, 0.0, 0.0, 0.0, 0.0, 0.0, 0.0, 0.0, 0.0, 0.0, 0.0, 0.0, 0.0, 0.0, 0.0, 0.0, 0.0, 0.0, 0.0, 0.0, 0.0, 0.0, 0.0, 0.0, 0.0, 1.0, 0.0, 0.0, 0.0, 0.0, 0.0, 0.0, 0.0, 0.0, 0.0, 3.0, 3.0, 1.0, 0.0, 1.0, 0.0, 0.0, 0.0, 0.0, 3.0, 2.0, 1.0, 0.0, 3.0, 4.0, 6.0, 4.0, 8.0, 3.0, 2.0, 4.0, 1.0, 3.0, 1.0, 3.0], "bins": [-6.082770347595215, -5.962225437164307, -5.841681003570557, -5.721136093139648, -5.60059118270874, -5.48004674911499, -5.359501838684082, -5.238956928253174, -5.118412494659424, -4.997867584228516, -4.877323150634766, -4.756778240203857, -4.636233329772949, -4.515688896179199, -4.395143985748291, -4.274599075317383, -4.154054641723633, -4.033509731292725, -3.9129648208618164, -3.7924201488494873, -3.671875476837158, -3.55133056640625, -3.430785894393921, -3.310241222381592, -3.1896963119506836, -3.0691516399383545, -2.9486069679260254, -2.8280622959136963, -2.707517385482788, -2.586972713470459, -2.46642804145813, -2.3458831310272217, -2.2253384590148926, -2.1047937870025635, -1.9842491149902344, -1.8637042045593262, -1.743159294128418, -1.622614860534668, -1.5020699501037598, -1.3815250396728516, -1.2609806060791016, -1.1404356956481934, -1.0198907852172852, -0.8993463516235352, -0.778801441192627, -0.6582565307617188, -0.5377120971679688, -0.41716718673706055, -0.29662227630615234, -0.17607784271240234, -0.05553293228149414, 0.06501150131225586, 0.18555641174316406, 0.30610132217407227, 0.42664575576782227, 0.5471906661987305, 0.6677355766296387, 0.7882800102233887, 0.9088249206542969, 1.029369831085205, 1.149914264678955, 1.2704591751098633, 1.3910040855407715, 1.5115485191345215, 1.6320934295654297]}, "gradients/fc.1.weight": {"_type": "histogram", "values": [1.0, 3.0, 0.0, 0.0, 2.0, 1.0, 1.0, 1.0, 2.0, 3.0, 0.0, 0.0, 2.0, 3.0, 2.0, 1.0, 2.0, 1.0, 2.0, 5.0, 7.0, 6.0, 12.0, 11.0, 18.0, 23.0, 27.0, 15.0, 15.0, 6.0, 6.0, 26.0, 40.0, 35.0, 13.0, 48.0, 44.0, 44.0, 1.0, 6.0, 4.0, 5.0, 5.0, 1.0, 3.0, 14.0, 8.0, 3.0, 3.0, 3.0, 7.0, 6.0, 2.0, 2.0, 2.0, 1.0, 2.0, 0.0, 1.0, 1.0, 1.0, 2.0, 0.0, 1.0], "bins": [-1.5345489978790283, -1.4884226322174072, -1.4422962665557861, -1.396169900894165, -1.3500434160232544, -1.3039170503616333, -1.2577906847000122, -1.2116643190383911, -1.1655378341674805, -1.1194114685058594, -1.0732851028442383, -1.0271587371826172, -0.9810323715209961, -0.9349059462547302, -0.8887795805931091, -0.8426531553268433, -0.7965267896652222, -0.7504004240036011, -0.7042739987373352, -0.6581476330757141, -0.6120212078094482, -0.5658948421478271, -0.519768476486206, -0.47364211082458496, -0.42751574516296387, -0.3813892602920532, -0.33526289463043213, -0.28913652896881104, -0.24301016330718994, -0.19688379764556885, -0.1507573127746582, -0.10463094711303711, -0.058504581451416016, -0.012378215789794922, 0.03374814987182617, 0.07987463474273682, 0.1260010004043579, 0.172127366065979, 0.2182537317276001, 0.2643800973892212, 0.31050658226013184, 0.35663294792175293, 0.402759313583374, 0.4488856792449951, 0.4950120449066162, 0.5411384105682373, 0.5872647762298584, 0.6333911418914795, 0.6795175075531006, 0.7256441116333008, 0.7717704772949219, 0.817896842956543, 0.8640232086181641, 0.9101495742797852, 0.9562759399414062, 1.0024023056030273, 1.0485286712646484, 1.0946550369262695, 1.1407814025878906, 1.1869080066680908, 1.233034372329712, 1.279160737991333, 1.325287103652954, 1.3714134693145752, 1.4175398349761963]}, "gradients/fc.2.weight": {"_type": "histogram", "values": [1.0, 0.0, 0.0, 0.0, 0.0, 0.0, 0.0, 0.0, 0.0, 0.0, 0.0, 0.0, 3.0, 1.0, 0.0, 0.0, 0.0, 1.0, 0.0, 0.0, 0.0, 0.0, 0.0, 5.0, 0.0, 0.0, 0.0, 1.0, 0.0, 0.0, 0.0, 0.0, 0.0, 0.0, 0.0, 0.0, 0.0, 1.0, 0.0, 0.0, 0.0, 0.0, 0.0, 0.0, 0.0, 0.0, 0.0, 0.0, 0.0, 0.0, 0.0, 0.0, 0.0, 0.0, 0.0, 1.0, 0.0, 0.0, 1.0, 0.0, 0.0, 0.0, 0.0, 1.0], "bins": [-17.548381805419922, -16.87273406982422, -16.197086334228516, -15.521439552307129, -14.845792770385742, -14.170145034790039, -13.494497299194336, -12.81885051727295, -12.143203735351562, -11.46755599975586, -10.791908264160156, -10.11626148223877, -9.440613746643066, -8.76496696472168, -8.089319229125977, -7.41367244720459, -6.738024711608887, -6.062376976013184, -5.386730194091797, -4.711082458496094, -4.035435676574707, -3.359787940979004, -2.684141159057617, -2.008493423461914, -1.332845687866211, -0.6571979522705078, 0.0184478759765625, 0.6940956115722656, 1.3697433471679688, 2.045391082763672, 2.721036911010742, 3.3966846466064453, 4.072332382202148, 4.747980117797852, 5.423627853393555, 6.099273681640625, 6.774921417236328, 7.450569152832031, 8.126216888427734, 8.801862716674805, 9.477510452270508, 10.153158187866211, 10.828805923461914, 11.504453659057617, 12.180099487304688, 12.85574722290039, 13.531394958496094, 14.207042694091797, 14.8826904296875, 15.558338165283203, 16.233985900878906, 16.909629821777344, 17.585277557373047, 18.26092529296875, 18.936573028564453, 19.612220764160156, 20.28786849975586, 20.963516235351562, 21.639163970947266, 22.31481170654297, 22.990455627441406, 23.66610336303711, 24.341751098632812, 25.017398834228516, 25.69304656982422]}, "gradients/fc.2.bias": {"_type": "histogram", "values": [0.0, 0.0, 0.0, 0.0, 0.0, 0.0, 0.0, 0.0, 0.0, 0.0, 0.0, 0.0, 0.0, 0.0, 0.0, 0.0, 0.0, 0.0, 0.0, 0.0, 0.0, 0.0, 0.0, 0.0, 0.0, 0.0, 0.0, 0.0, 0.0, 0.0, 0.0, 0.0, 1.0, 0.0, 0.0, 0.0, 0.0, 0.0, 0.0, 0.0, 0.0, 0.0, 0.0, 0.0, 0.0, 0.0, 0.0, 0.0, 0.0, 0.0, 0.0, 0.0, 0.0, 0.0, 0.0, 0.0, 0.0, 0.0, 0.0, 0.0, 0.0, 0.0, 0.0, 0.0],