{"graph_0": {"_type": "graph-file", "path": "media/graph/graph_0_summary_81d7f3d2.graph.json", "sha256": "81d7f3d2c2c9f68c753a26cd3320a751badeb3f18ac94bcf06dbbcac85d07c7d", "size": 700}, "Value Loss": 6126171.0, "_timestamp": 1585506015.560054, "Policy Loss": -8199.8115234375, "Episode reward": -1336815.7521679818, "_step": 12, "Episode length": 999, "_runtime": 33.251362562179565}
