{"graph_0": {"_type": "graph-file", "path": "media/graph/graph_0_summary_37c2dd15.graph.json", "sha256": "37c2dd1572a3a9055b1780e37b1c8d78b0f0f83d921a728a297c5554de25bf71", "size": 700}, "_runtime": 117.26842498779297, "Episode reward": -99.89998233065147, "Episode length": 999, "_timestamp": 1585500329.7247455, "Value Loss": 0.08224876970052719, "_step": 63, "Policy Loss": 2.90347957611084}
