{"graph_0": {"_type": "graph-file", "path": "media/graph/graph_0_summary_70f3b0d7.graph.json", "sha256": "70f3b0d7db2d65f6cca5e2ba21fba6fd91ae2e0433b48711c1beb538a45b5195", "size": 691}, "_timestamp": 1585074128.0322554, "Value Loss": 0.025544127449393272, "Policy Loss": -11.697504043579102, "_step": 500, "Episode length": 999, "_runtime": 617.03249335289, "Episode reward": -93.46717386850273, "gradients/fc.0.bias": {"_type": "histogram", "values": [2.0, 0.0, 0.0, 0.0, 0.0, 0.0, 0.0, 0.0, 1.0, 0.0, 1.0, 1.0, 1.0, 0.0, 0.0, 1.0, 0.0, 0.0, 1.0, 0.0, 1.0, 0.0, 0.0, 0.0, 0.0, 1.0, 1.0, 0.0, 0.0, 1.0, 0.0, 0.0, 0.0, 0.0, 0.0, 0.0, 1.0, 1.0, 2.0, 0.0, 0.0, 1.0, 0.0, 1.0, 2.0, 2.0, 0.0, 1.0, 0.0, 0.0, 1.0, 3.0, 0.0, 0.0, 0.0, 0.0, 0.0, 3.0, 0.0, 0.0, 0.0, 1.0, 0.0, 1.0], "bins": [-208.24313354492188, -203.1132354736328, -197.98333740234375, -192.8534393310547, -187.72354125976562, -182.5936279296875, -177.4637451171875, -172.33383178710938, -167.2039337158203, -162.07403564453125, -156.9441375732422, -151.81423950195312, -146.68434143066406, -141.554443359375, -136.42453002929688, -131.29464721679688, -126.16474151611328, -121.03484344482422, -115.90494537353516, -110.77503967285156, -105.6451416015625, -100.51524353027344, -95.38534545898438, -90.25544738769531, -85.12554931640625, -79.99565124511719, -74.86575317382812, -69.73583984375, -64.60594177246094, -59.476043701171875, -54.34614562988281, -49.21624755859375, -44.08634948730469, -38.956451416015625, -33.82655334472656, -28.6966552734375, -23.566757202148438, -18.436859130859375, -13.30694580078125, -8.177047729492188, -3.047149658203125, 2.0827484130859375, 7.212646484375, 12.342544555664062, 17.472442626953125, 22.602340698242188, 27.73223876953125, 32.86213684082031, 37.992034912109375, 43.1219482421875, 48.2518310546875, 53.381744384765625, 58.511627197265625, 63.64154052734375, 68.77145385742188, 73.90133666992188, 79.03125, 84.1611328125, 89.29104614257812, 94.42092895507812, 99.55084228515625, 104.68072509765625, 109.81063842773438, 114.94052124023438, 120.0704345703125]}, "gradients/fc.0.weight": {"_type": "histogram", "values": [1.0, 0.0, 1.0, 0.0, 0.0, 0.0, 3.0, 0.0, 0.0, 0.0, 0.0, 0.0, 3.0, 1.0, 0.0, 0.0, 1.0, 0.0, 2.0, 2.0, 1.0, 0.0, 1.0, 32.0, 1.0, 2.0, 1.0, 0.0, 0.0, 0.0, 0.0, 0.0, 0.0, 0.0, 1.0, 0.0, 1.0, 0.0, 1.0, 0.0, 0.0, 0.0, 1.0, 0.0, 0.0, 1.0, 0.0, 0.0, 1.0, 0.0, 1.0, 1.0, 1.0, 0.0, 1.0, 0.0, 0.0, 0.0, 0.0, 0.0, 0.0, 0.0, 1.0, 1.0], "bins": [-45.74025344848633, -43.77892303466797, -41.81759262084961, -39.85626220703125, -37.89493179321289, -35.93360137939453, -33.972267150878906, -32.01094055175781, -30.04960823059082, -28.08827781677246, -26.1269474029541, -24.165616989135742, -22.20428466796875, -20.24295425415039, -18.28162384033203, -16.320293426513672, -14.358963012695312, -12.397632598876953, -10.436302185058594, -8.474971771240234, -6.513641357421875, -4.552310943603516, -2.5909805297851562, -0.6296501159667969, 1.3316841125488281, 3.2930145263671875, 5.254344940185547, 7.215675354003906, 9.177005767822266, 11.138336181640625, 13.099666595458984, 15.060997009277344, 17.022327423095703, 18.983661651611328, 20.944988250732422, 22.906322479248047, 24.86764907836914, 26.828983306884766, 28.79030990600586, 30.751644134521484, 32.71297073364258, 34.6743049621582, 36.6356315612793, 38.59696578979492, 40.558292388916016, 42.51962661743164, 44.480953216552734, 46.44228744506836, 48.403621673583984, 50.36494827270508, 52.3262825012207, 54.2876091003418, 56.24894332885742, 58.210269927978516, 60.17160415649414, 62.132930755615234, 64.09426879882812, 66.05558776855469, 68.01692199707031, 69.97825622558594, 71.93959045410156, 73.90090942382812, 75.86224365234375, 77.82357788085938, 79.784912109375]}, "gradients/fc.1.weight": {"_type": "histogram", "values": [1.0, 0.0, 2.0, 0.0, 1.0, 1.0, 2.0, 0.0, 0.0, 3.0, 3.0, 3.0, 3.0, 4.0, 3.0, 4.0, 4.0, 5.0, 2.0, 3.0, 6.0, 13.0, 12.0, 13.0, 12.0, 32.0, 23.0, 23.0, 37.0, 40.0, 38.0, 47.0, 28.0, 14.0, 21.0, 11.0, 11.0, 9.0, 12.0, 7.0, 12.0, 7.0, 10.0, 3.0, 11.0, 4.0, 4.0, 0.0, 2.0, 0.0, 1.0, 0.0, 1.0, 0.0, 0.0, 0.0, 0.0, 1.0, 0.0, 0.0, 0.0, 2.0, 0.0, 1.0], "bins": [-208.1244659423828, -201.19601440429688, -194.267578125, -187.33912658691406, -180.41067504882812, -173.48223876953125, -166.5537872314453, -159.62533569335938, -152.69688415527344, -145.7684326171875, -138.83999633789062, -131.9115447998047, -124.98310089111328, -118.05464935302734, -111.12620544433594, -104.19775390625, -97.2693099975586, -90.34086608886719, -83.41241455078125, -76.48396301269531, -69.55552673339844, -62.6270751953125, -55.69862365722656, -48.770172119140625, -41.84173583984375, -34.91328430175781, -27.984832763671875, -21.056396484375, -14.127944946289062, -7.199493408203125, -0.2710418701171875, 6.6573944091796875, 13.585845947265625, 20.514297485351562, 27.442733764648438, 34.371185302734375, 41.29963684082031, 48.22807312011719, 55.15653991699219, 62.08497619628906, 69.01341247558594, 75.94187927246094, 82.87031555175781, 89.79875183105469, 96.72721862792969, 103.65565490722656, 110.58412170410156, 117.51255798339844, 124.44099426269531, 131.3694610595703, 138.2978973388672, 145.22633361816406, 152.15480041503906, 159.08323669433594, 166.0116729736328, 172.9401397705078, 179.8685760498047, 186.79701232910156, 193.72547912597656, 200.65391540527344, 207.58238220214844, 214.5108184814453, 221.4392547607422, 228.3677215576172, 235.29615783691406]}, "gradients/fc.1.bias": {"_type": "histogram", "values": [1.0, 0.0, 0.0, 0.0, 1.0, 0.0, 0.0, 0.0, 0.0, 1.0, 0.0, 0.0, 0.0, 0.0, 0.0, 0.0, 0.0, 0.0, 0.0, 0.0, 1.0, 0.0, 0.0, 0.0, 0.0, 1.0, 2.0, 0.0, 1.0, 0.0, 0.0, 1.0, 0.0, 0.0, 1.0, 0.0, 0.0, 0.0, 1.0, 1.0, 1.0, 0.0, 0.0, 0.0, 0.0, 2.0, 0.0, 0.0, 0.0, 0.0, 0.0, 0.0, 0.0, 0.0, 0.0, 0.0, 0.0, 0.0, 0.0, 0.0, 0.0, 0.0, 0.0, 1.0], "bins": [-260.8380126953125, -252.1587371826172, -243.47946166992188, -234.80018615722656, -226.12091064453125, -217.44163513183594, -208.76235961914062, -200.08306884765625, -191.40380859375, -182.72451782226562, -174.04525756835938, -165.365966796875, -156.6866912841797, -148.00741577148438, -139.32814025878906, -130.64886474609375, -121.96958923339844, -113.29031372070312, -104.61103820800781, -95.9317626953125, -87.25248718261719, -78.57321166992188, -69.89393615722656, -61.21466064453125, -52.535369873046875, -43.85609436035156, -35.17681884765625, -26.497543334960938, -17.818267822265625, -9.138992309570312, -0.459716796875, 8.21954345703125, 16.898834228515625, 25.578125, 34.25738525390625, 42.936676025390625, 51.615936279296875, 60.29522705078125, 68.9744873046875, 77.65377807617188, 86.33303833007812, 95.0123291015625, 103.69158935546875, 112.37088012695312, 121.05014038085938, 129.72943115234375, 138.40869140625, 147.08798217773438, 155.76727294921875, 164.446533203125, 173.12582397460938, 181.80508422851562, 190.484375, 199.16363525390625, 207.84292602539062, 216.52218627929688, 225.20147705078125, 233.8807373046875, 242.56002807617188, 251.23931884765625, 259.9185791015625, 268.59783935546875, 277.277099609375, 285.9564208984375, 294.63568115234375]}, "gradients/fc.2.bias": {"_type": "histogram", "values": [0.0, 0.0, 0.0, 0.0, 0.0, 0.0, 0.0, 0.0, 0.0, 0.0, 0.0, 0.0, 0.0, 0.0, 0.0, 0.0, 0.0, 0.0, 0.0, 0.0, 0.0, 0.0, 0.0, 0.0, 0.0, 0.0, 0.0, 0.0, 0.0, 0.0, 0.0, 0.0, 1.0, 0.0, 0.0, 0.0, 0.0, 0.0, 0.0, 0.0, 0.0, 0.0, 0.0, 0.0, 0.0, 0.0, 0.0, 0.0, 0.0, 0.0, 0.0, 0.0, 0.0, 0.0, 0.0, 0.0, 0.0, 0.0, 0.0, 0.0, 0.0, 0.0, 0.0, 0.0],