{"graph_0": {"_type": "graph-file", "path": "media/graph/graph_0_summary_410f282b.graph.json", "sha256": "410f282b55e36d5dd5e3f05b2159e3674ca673e91dbe9f9b315c1e25cb58e54f", "size": 700}, "Policy Loss": 18.326135635375977, "_step": 14, "Value Loss": 6030.8642578125, "Episode length": 999, "_runtime": 38.40012979507446, "Episode reward": -99.90001609216745, "_timestamp": 1585506186.5235238}
