{"graph_0": {"_type": "graph-file", "path": "media/graph/graph_0_summary_3fa401f6.graph.json", "sha256": "3fa401f68a0dff6f0e6568e0e13bd08e816df7fc5a58e63fb7a7589c1cf1cb0b", "size": 700}, "_runtime": 6084.617686748505, "Value Loss": 12.64700984954834, "Episode length": 700, "_timestamp": 1585576000.46232, "Episode reward": 32.74844330634838, "_step": 499, "Policy Loss": 0.3231358826160431, "gradients/fc.2.weight": {"_type": "histogram", "values": [1.0, 0.0, 0.0, 1.0, 0.0, 0.0, 0.0, 0.0, 0.0, 0.0, 0.0, 0.0, 0.0, 0.0, 0.0, 1.0, 0.0, 1.0, 0.0, 0.0, 0.0, 0.0, 0.0, 0.0, 0.0, 0.0, 0.0, 0.0, 0.0, 0.0, 0.0, 0.0, 0.0, 0.0, 1.0, 0.0, 0.0, 1.0, 0.0, 0.0, 0.0, 0.0, 0.0, 0.0, 0.0, 1.0, 0.0, 0.0, 0.0, 0.0, 0.0, 0.0, 0.0, 0.0, 0.0, 0.0, 0.0, 0.0, 1.0, 0.0, 1.0, 0.0, 1.0, 6.0], "bins": [-8.836372375488281, -8.667409896850586, -8.498448371887207, -8.329485893249512, -8.160523414611816, -7.991561412811279, -7.822599411010742, -7.653636932373047, -7.48467493057251, -7.3157124519348145, -7.146750450134277, -6.977787971496582, -6.808825969696045, -6.639863967895508, -6.4709014892578125, -6.301939487457275, -6.132977485656738, -5.964015007019043, -5.795052528381348, -5.626091003417969, -5.457128524780273, -5.288166046142578, -5.119204044342041, -4.950242042541504, -4.781279563903809, -4.6123175621032715, -4.443355083465576, -4.274393081665039, -4.105431079864502, -3.9364686012268066, -3.7675065994262695, -3.598544120788574, -3.429582118988037, -3.2606201171875, -3.0916576385498047, -2.9226956367492676, -2.7537331581115723, -2.584771156311035, -2.415809154510498, -2.2468466758728027, -2.0778846740722656, -1.9089221954345703, -1.7399601936340332, -1.570998191833496, -1.4020357131958008, -1.2330737113952637, -1.0641112327575684, -0.8951492309570312, -0.7261867523193359, -0.557225227355957, -0.3882627487182617, -0.2193002700805664, -0.050337791442871094, 0.11862373352050781, 0.2875862121582031, 0.45654869079589844, 0.6255102157592773, 0.7944726943969727, 0.963435173034668, 1.1323966979980469, 1.3013591766357422, 1.4703216552734375, 1.6392841339111328, 1.8082456588745117, 1.977208137512207]}, "gradients/fc.0.weight": {"_type": "histogram", "values": [1.0, 0.0, 1.0, 0.0, 0.0, 0.0, 1.0, 0.0, 0.0, 0.0, 1.0, 1.0, 0.0, 2.0, 2.0, 3.0, 2.0, 0.0, 2.0, 1.0, 5.0, 1.0, 4.0, 2.0, 0.0, 2.0, 2.0, 1.0, 0.0, 0.0, 0.0, 0.0, 1.0, 1.0, 0.0, 2.0, 4.0, 2.0, 2.0, 2.0, 0.0, 1.0, 1.0, 2.0, 0.0, 3.0, 1.0, 2.0, 2.0, 0.0, 1.0, 0.0, 1.0, 0.0, 0.0, 0.0, 0.0, 0.0, 0.0, 0.0, 0.0, 0.0, 0.0, 2.0], "bins": [-2.7712159156799316, -2.6733531951904297, -2.5754904747009277, -2.477627754211426, -2.379765033721924, -2.2819020748138428, -2.184039354324341, -2.086176633834839, -1.988313913345337, -1.890451192855835, -1.792588472366333, -1.6947256326675415, -1.5968629121780396, -1.4990001916885376, -1.401137351989746, -1.3032746315002441, -1.2054119110107422, -1.1075491905212402, -1.0096864700317383, -0.9118236303329468, -0.8139609098434448, -0.7160980701446533, -0.6182353496551514, -0.5203726291656494, -0.42250990867614746, -0.3246471881866455, -0.22678446769714355, -0.1289217472076416, -0.031058788299560547, 0.0668039321899414, 0.16466665267944336, 0.2625293731689453, 0.36039209365844727, 0.4582548141479492, 0.5561175346374512, 0.6539802551269531, 0.7518429756164551, 0.8497059345245361, 0.9475686550140381, 1.04543137550354, 1.143294095993042, 1.241157054901123, 1.339019775390625, 1.436882495880127, 1.534745216369629, 1.6326079368591309, 1.7304706573486328, 1.8283333778381348, 1.9261960983276367, 2.0240588188171387, 2.1219215393066406, 2.2197842597961426, 2.3176469802856445, 2.4155097007751465, 2.5133724212646484, 2.6112351417541504, 2.7090983390808105, 2.8069610595703125, 2.9048237800598145, 3.0026865005493164, 3.1005492210388184, 3.1984119415283203, 3.2962746620178223, 3.394137382507324, 3.492000102996826]}, "gradients/fc.1.bias": {"_type": "histogram", "values": [1.0, 0.0, 0.0, 0.0, 1.0, 0.0, 0.0, 0.0, 0.0, 0.0, 0.0, 0.0, 0.0, 0.0, 0.0, 0.0, 0.0, 0.0, 0.0, 0.0, 0.0, 0.0, 0.0, 0.0, 0.0, 0.0, 0.0, 0.0, 0.0, 0.0, 0.0, 0.0, 0.0, 0.0, 0.0, 1.0, 0.0, 0.0, 0.0, 0.0, 0.0, 0.0, 1.0, 0.0, 0.0, 0.0, 2.0, 0.0, 1.0, 0.0, 0.0, 0.0, 0.0, 2.0, 4.0, 1.0, 1.0, 0.0, 0.0, 0.0, 0.0, 0.0, 0.0, 1.0], "bins": [-1.3379590511322021, -1.3130300045013428, -1.2881009578704834, -1.263171911239624, -1.2382428646087646, -1.2133138179779053, -1.188384771347046, -1.1634557247161865, -1.1385266780853271, -1.1135976314544678, -1.0886685848236084, -1.063739538192749, -1.0388104915618896, -1.0138814449310303, -0.9889523983001709, -0.9640233516693115, -0.9390943050384521, -0.9141652584075928, -0.8892362117767334, -0.864307165145874, -0.8393781185150146, -0.8144490718841553, -0.7895200252532959, -0.7645909786224365, -0.7396619319915771, -0.7147328853607178, -0.6898038387298584, -0.664874792098999, -0.6399457454681396, -0.6150166988372803, -0.5900876522064209, -0.5651586055755615, -0.5402295589447021, -0.5153005123138428, -0.4903714656829834, -0.465442419052124, -0.44051337242126465, -0.4155843257904053, -0.3906552791595459, -0.3657262325286865, -0.34079718589782715, -0.3158681392669678, -0.2909390926361084, -0.266010046005249, -0.24108099937438965, -0.21615195274353027, -0.1912229061126709, -0.16629385948181152, -0.14136481285095215, -0.11643576622009277, -0.0915067195892334, -0.06657767295837402, -0.04164862632751465, -0.016719579696655273, 0.008209466934204102, 0.03313851356506348, 0.05806756019592285, 0.08299660682678223, 0.1079256534576416, 0.13285470008850098, 0.15778374671936035, 0.18271279335021973, 0.2076418399810791, 0.23257088661193848, 0.25749993324279785]}, "gradients/fc.1.weight": {"_type": "histogram", "values": [2.0, 0.0, 0.0, 1.0, 1.0, 0.0, 0.0, 0.0, 0.0, 1.0, 1.0, 0.0, 1.0, 1.0, 0.0, 0.0, 0.0, 0.0, 1.0, 0.0, 2.0, 1.0, 1.0, 1.0, 1.0, 0.0, 1.0, 5.0, 4.0, 1.0, 4.0, 0.0, 1.0, 6.0, 4.0, 5.0, 13.0, 14.0, 25.0, 36.0, 213.0, 83.0, 28.0, 10.0, 9.0, 5.0, 4.0, 3.0, 3.0, 1.0, 5.0, 2.0, 3.0, 4.0, 1.0, 0.0, 1.0, 0.0, 1.0, 0.0, 0.0, 0.0, 1.0, 1.0], "bins": [-3.2696175575256348, -3.189166307449341, -3.108715057373047, -3.028263807296753, -2.947812557220459, -2.867361307144165, -2.786910057067871, -2.706458806991577, -2.626007556915283, -2.5455563068389893, -2.4651050567626953, -2.3846538066864014, -2.3042025566101074, -2.2237510681152344, -2.1433000564575195, -2.0628485679626465, -1.982397437095642, -1.9019461870193481, -1.8214949369430542, -1.7410436868667603, -1.6605924367904663, -1.5801411867141724, -1.4996899366378784, -1.4192386865615845, -1.338787317276001, -1.258336067199707, -1.177884817123413, -1.0974335670471191, -1.0169823169708252, -0.9365310668945312, -0.8560798168182373, -0.7756285667419434, -0.6951773166656494, -0.6147260665893555, -0.5342748165130615, -0.4538235664367676, -0.37337231636047363, -0.2929210662841797, -0.21246981620788574, -0.1320185661315918, -0.05156731605529785, 0.028883934020996094, 0.10933518409729004, 0.18978643417358398, 0.27023768424987793, 0.3506889343261719, 0.4311401844024658, 0.5115914344787598, 0.5920429229736328, 0.6724941730499268, 0.7529454231262207, 0.8333964347839355, 0.9138479232788086, 0.9942989349365234, 1.0747504234313965, 1.1552014350891113, 1.2356529235839844, 1.3161039352416992, 1.3965554237365723, 1.477006435394287, 1.5574579238891602, 1.637908935546875, 1.718360424041748, 1.798811435699463, 1.879262924194336]}, "gradients/fc.2.bias": {"_type": "histogram", "values": [0.0, 0.0, 0.0, 0.0, 0.0, 0.0, 0.0, 0.0, 0.0, 0.0, 0.0, 0.0, 0.0, 0.0, 0.0, 0.0, 0.0, 0.0, 0.0, 0.0, 0.0, 0.0, 0.0, 0.0, 0.0, 0.0, 0.0, 0.0, 0.0, 0.0, 0.0, 0.0, 1.0, 0.0, 0.0, 0.0, 0.0, 0.0, 0.0, 0.0, 0.0, 0.0, 0.0, 0.0, 0.0, 0.0, 0.0, 0.0, 0.0, 0.0, 0.0, 0.0, 0.0, 0.0, 0.0, 0.0, 0.0, 0.0, 0.0, 0.0, 0.0, 0.0, 0.0, 0.0],