{"graph_0": {"_type": "graph-file", "path": "media/graph/graph_0_summary_7b4b163e.graph.json", "sha256": "7b4b163eff69029e0ea89dbc3390f78a8e521d7d91f7346450f7544024f8fd33", "size": 700}, "_runtime": 11113.413581609726, "Value Loss": 0.0002278133324580267, "Episode length": 999, "_timestamp": 1585581029.258215, "Episode reward": -94.24754121120401, "_step": 499, "Policy Loss": -0.00038762640906497836, "gradients/fc.2.weight": {"_type": "histogram", "values": [3.0, 0.0, 0.0, 2.0, 1.0, 1.0, 1.0, 0.0, 2.0, 0.0, 1.0, 1.0, 0.0, 0.0, 0.0, 0.0, 0.0, 0.0, 0.0, 0.0, 0.0, 2.0, 0.0, 0.0, 0.0, 0.0, 0.0, 0.0, 0.0, 0.0, 0.0, 0.0, 0.0, 0.0, 0.0, 0.0, 0.0, 0.0, 0.0, 0.0, 1.0, 0.0, 0.0, 0.0, 0.0, 0.0, 0.0, 0.0, 0.0, 0.0, 0.0, 0.0, 0.0, 0.0, 0.0, 0.0, 0.0, 0.0, 0.0, 0.0, 0.0, 0.0, 0.0, 1.0], "bins": [-4.71816873550415, -4.406158447265625, -4.094147682189941, -3.782137393951416, -3.4701271057128906, -3.158116579055786, -2.8461060523986816, -2.5340957641601562, -2.2220852375030518, -1.9100747108459473, -1.5980644226074219, -1.2860538959503174, -0.9740433692932129, -0.6620330810546875, -0.3500227928161621, -0.038012027740478516, 0.2739982604980469, 0.5860085487365723, 0.8980193138122559, 1.2100296020507812, 1.5220398902893066, 1.8340506553649902, 2.1460609436035156, 2.458071231842041, 2.7700819969177246, 3.08209228515625, 3.3941025733947754, 3.706113338470459, 4.018123149871826, 4.33013391494751, 4.642144680023193, 4.9541544914245605, 5.266165256500244, 5.578176021575928, 5.890185832977295, 6.2021965980529785, 6.514207363128662, 6.826217174530029, 7.138227939605713, 7.4502387046813965, 7.762248516082764, 8.074258804321289, 8.386270523071289, 8.698280334472656, 9.010290145874023, 9.322301864624023, 9.63431167602539, 9.946321487426758, 10.258333206176758, 10.570343017578125, 10.882352828979492, 11.19436264038086, 11.50637435913086, 11.818384170532227, 12.130395889282227, 12.442405700683594, 12.754415512084961, 13.066427230834961, 13.378437042236328, 13.690446853637695, 14.002458572387695, 14.314468383789062, 14.62647819519043, 14.93848991394043, 15.250499725341797]}, "gradients/fc.0.weight": {"_type": "histogram", "values": [1.0, 0.0, 0.0, 0.0, 0.0, 0.0, 0.0, 1.0, 0.0, 0.0, 0.0, 0.0, 0.0, 0.0, 0.0, 0.0, 0.0, 2.0, 0.0, 1.0, 1.0, 0.0, 0.0, 0.0, 0.0, 0.0, 0.0, 3.0, 0.0, 1.0, 2.0, 3.0, 3.0, 4.0, 5.0, 8.0, 8.0, 4.0, 6.0, 2.0, 0.0, 0.0, 1.0, 0.0, 0.0, 0.0, 1.0, 0.0, 0.0, 1.0, 0.0, 0.0, 2.0, 0.0, 0.0, 1.0, 1.0, 0.0, 0.0, 0.0, 0.0, 1.0, 0.0, 1.0], "bins": [-0.9533435702323914, -0.9263609647750854, -0.8993784189224243, -0.8723958134651184, -0.8454132676124573, -0.8184306621551514, -0.7914481163024902, -0.7644655108451843, -0.7374829053878784, -0.7105003595352173, -0.6835178136825562, -0.6565352082252502, -0.6295526027679443, -0.6025700569152832, -0.5755874514579773, -0.5486048460006714, -0.5216223001480103, -0.49463972449302673, -0.4676571488380432, -0.4406745433807373, -0.41369199752807617, -0.38670939207077026, -0.35972684621810913, -0.3327442407608032, -0.3057616353034973, -0.2787790894508362, -0.2517964839935303, -0.22481393814086914, -0.19783133268356323, -0.1708487868309021, -0.1438661813735962, -0.11688363552093506, -0.08990103006362915, -0.06291842460632324, -0.03593587875366211, -0.008953273296356201, 0.01802927255630493, 0.04501187801361084, 0.07199448347091675, 0.09897702932357788, 0.125959575176239, 0.1529422402381897, 0.17992478609085083, 0.20690733194351196, 0.2338898777961731, 0.2608725428581238, 0.2878550887107849, 0.31483763456344604, 0.34182029962539673, 0.36880284547805786, 0.395785391330719, 0.4227679371833801, 0.4497506022453308, 0.47673314809799194, 0.5037156939506531, 0.5306982398033142, 0.5576809048652649, 0.584663450717926, 0.6116459965705872, 0.6386286616325378, 0.665611207485199, 0.6925937533378601, 0.7195762991905212, 0.7465589642524719, 0.7735415101051331]}, "gradients/fc.1.bias": {"_type": "histogram", "values": [1.0, 0.0, 0.0, 0.0, 0.0, 0.0, 0.0, 0.0, 0.0, 0.0, 0.0, 0.0, 0.0, 0.0, 0.0, 1.0, 0.0, 0.0, 0.0, 0.0, 0.0, 0.0, 1.0, 0.0, 0.0, 0.0, 0.0, 2.0, 0.0, 0.0, 0.0, 0.0, 0.0, 0.0, 0.0, 0.0, 1.0, 0.0, 0.0, 1.0, 0.0, 0.0, 1.0, 0.0, 0.0, 0.0, 0.0, 0.0, 0.0, 0.0, 0.0, 1.0, 0.0, 0.0, 1.0, 0.0, 0.0, 0.0, 0.0, 1.0, 0.0, 1.0, 0.0, 4.0], "bins": [-1.1623164415359497, -1.1389235258102417, -1.1155304908752441, -1.0921375751495361, -1.0687445402145386, -1.0453516244888306, -1.021958589553833, -0.998565673828125, -0.9751726984977722, -0.9517797231674194, -0.9283868074417114, -0.9049937725067139, -0.8816008567810059, -0.8582078814506531, -0.8348149061203003, -0.8114219903945923, -0.7880289554595947, -0.7646360397338867, -0.7412430644035339, -0.7178500890731812, -0.6944571137428284, -0.6710641384124756, -0.6476711630821228, -0.6242782473564148, -0.600885272026062, -0.5774922966957092, -0.5540993213653564, -0.5307063460350037, -0.5073133707046509, -0.48392045497894287, -0.4605274796485901, -0.4371345043182373, -0.4137415289878845, -0.39034855365753174, -0.36695557832717896, -0.34356260299682617, -0.32016968727111816, -0.2967767119407654, -0.2733837366104126, -0.24999076128005981, -0.22659778594970703, -0.20320481061935425, -0.17981189489364624, -0.15641891956329346, -0.1330258846282959, -0.10963296890258789, -0.08624005317687988, -0.06284701824188232, -0.039454102516174316, -0.016061067581176758, 0.00733184814453125, 0.03072488307952881, 0.054117798805236816, 0.07751071453094482, 0.10090374946594238, 0.12429666519165039, 0.14768970012664795, 0.17108261585235596, 0.19447553157806396, 0.21786856651306152, 0.24126148223876953, 0.2646545171737671, 0.2880474328994751, 0.31144046783447266, 0.33483338356018066]}, "gradients/fc.1.weight": {"_type": "histogram", "values": [1.0, 0.0, 0.0, 0.0, 0.0, 0.0, 0.0, 0.0, 0.0, 1.0, 0.0, 0.0, 0.0, 0.0, 0.0, 0.0, 1.0, 0.0, 0.0, 4.0, 1.0, 1.0, 0.0, 3.0, 2.0, 4.0, 4.0, 8.0, 7.0, 12.0, 10.0, 24.0, 37.0, 38.0, 42.0, 84.0, 58.0, 48.0, 29.0, 26.0, 21.0, 14.0, 7.0, 3.0, 4.0, 4.0, 4.0, 2.0, 0.0, 4.0, 2.0, 0.0, 0.0, 0.0, 0.0, 0.0, 1.0, 0.0, 0.0, 0.0, 0.0, 0.0, 0.0, 1.0], "bins": [-0.9012982845306396, -0.8760437965393066, -0.8507893085479736, -0.8255348205566406, -0.8002803325653076, -0.7750258445739746, -0.7497713565826416, -0.7245168685913086, -0.6992623805999756, -0.6740078926086426, -0.6487534046173096, -0.6234989166259766, -0.5982444286346436, -0.5729899406433105, -0.5477354526519775, -0.5224809646606445, -0.4972264766693115, -0.4719719886779785, -0.4467175006866455, -0.4214630126953125, -0.3962085247039795, -0.3709540367126465, -0.3456995487213135, -0.32044506072998047, -0.29519057273864746, -0.26993608474731445, -0.24468159675598145, -0.21942710876464844, -0.19417262077331543, -0.16891813278198242, -0.14366364479064941, -0.1184091567993164, -0.0931546688079834, -0.06790018081665039, -0.04264569282531738, -0.017391204833984375, 0.007863283157348633, 0.03311777114868164, 0.05837225914001465, 0.08362674713134766, 0.10888123512268066, 0.13413572311401367, 0.15939021110534668, 0.1846446990966797, 0.2098991870880127, 0.2351536750793457, 0.2604081630706787, 0.2856626510620117, 0.3109171390533447, 0.33617162704467773, 0.36142611503601074, 0.38668060302734375, 0.41193509101867676, 0.43718957901000977, 0.4624440670013428, 0.4876985549926758, 0.5129530429840088, 0.5382075309753418, 0.5634620189666748, 0.5887165069580078, 0.6139709949493408, 0.6392254829406738, 0.6644799709320068, 0.6897344589233398, 0.7149889469146729]}, "gradients/fc.2.bias": {"_type": "histogram", "values": [0.0, 0.0, 0.0, 0.0, 0.0, 0.0, 0.0, 0.0, 0.0, 0.0, 0.0, 0.0, 0.0, 0.0, 0.0, 0.0, 0.0, 0.0, 0.0, 0.0, 0.0, 0.0, 0.0, 0.0, 0.0, 0.0, 0.0, 0.0, 0.0, 0.0, 0.0, 0.0, 1.0, 0.0, 0.0, 0.0, 0.0, 0.0, 0.0, 0.0, 0.0, 0.0, 0.0, 0.0, 0.0, 0.0, 0.0, 0.0, 0.0, 0.0, 0.0, 0.0, 0.0, 0.0, 0.0, 0.0, 0.0, 0.0, 0.0, 0.0, 0.0, 0.0, 0.0, 0.0],