{"graph_0": {"_type": "graph-file", "path": "media/graph/graph_0_summary_e2225792.graph.json", "sha256": "e2225792cd4f426951a840fabb3bed1dad27bd39c9dc8d845e4c0288abf0017e", "size": 700}, "_runtime": 11818.043811321259, "Value Loss": 15.470726013183594, "Episode length": 639, "_timestamp": 1585581733.8884447, "Episode reward": 36.1215244516724, "_step": 499, "Policy Loss": 0.6692456603050232, "gradients/fc.2.weight": {"_type": "histogram", "values": [6.0, 4.0, 0.0, 1.0, 0.0, 0.0, 0.0, 0.0, 0.0, 0.0, 0.0, 1.0, 0.0, 0.0, 0.0, 0.0, 0.0, 0.0, 0.0, 0.0, 0.0, 0.0, 0.0, 0.0, 0.0, 0.0, 0.0, 0.0, 0.0, 0.0, 0.0, 0.0, 0.0, 0.0, 0.0, 0.0, 0.0, 0.0, 0.0, 0.0, 0.0, 0.0, 0.0, 0.0, 0.0, 0.0, 0.0, 0.0, 0.0, 0.0, 0.0, 0.0, 0.0, 0.0, 1.0, 0.0, 0.0, 0.0, 0.0, 0.0, 0.0, 0.0, 1.0, 2.0], "bins": [-0.5267917513847351, -0.2726456820964813, -0.01849961280822754, 0.23564642667770386, 0.48979252576828003, 0.7439386248588562, 0.9980846047401428, 1.2522306442260742, 1.5063767433166504, 1.7605228424072266, 2.0146689414978027, 2.268815040588379, 2.522960901260376, 2.777107000350952, 3.0312530994415283, 3.2853991985321045, 3.5395452976226807, 3.793691396713257, 4.047837734222412, 4.301983833312988, 4.5561299324035645, 4.810276031494141, 5.064422130584717, 5.318568229675293, 5.572713851928711, 5.826859951019287, 6.081006050109863, 6.3351521492004395, 6.589298248291016, 6.843444347381592, 7.097590446472168, 7.351736545562744, 7.60588264465332, 7.860028266906738, 8.114174842834473, 8.36832046508789, 8.622467041015625, 8.876612663269043, 9.130759239196777, 9.384904861450195, 9.63905143737793, 9.893197059631348, 10.147343635559082, 10.4014892578125, 10.655635833740234, 10.909781455993652, 11.163928031921387, 11.418073654174805, 11.672219276428223, 11.926365852355957, 12.180511474609375, 12.43465805053711, 12.688803672790527, 12.942950248718262, 13.19709587097168, 13.451242446899414, 13.705388069152832, 13.959534645080566, 14.213680267333984, 14.467826843261719, 14.721972465515137, 14.976119041442871, 15.230264663696289, 15.484410285949707, 15.738556861877441]}, "gradients/fc.0.weight": {"_type": "histogram", "values": [1.0, 0.0, 0.0, 0.0, 0.0, 0.0, 1.0, 0.0, 0.0, 0.0, 0.0, 0.0, 1.0, 0.0, 2.0, 0.0, 1.0, 0.0, 0.0, 0.0, 0.0, 1.0, 0.0, 1.0, 0.0, 1.0, 1.0, 1.0, 3.0, 1.0, 1.0, 2.0, 0.0, 9.0, 12.0, 6.0, 8.0, 3.0, 3.0, 0.0, 0.0, 0.0, 0.0, 0.0, 0.0, 0.0, 0.0, 0.0, 1.0, 0.0, 0.0, 1.0, 0.0, 0.0, 0.0, 0.0, 0.0, 0.0, 1.0, 1.0, 0.0, 0.0, 0.0, 1.0], "bins": [-3.5917205810546875, -3.490280866622925, -3.388840913772583, -3.2874011993408203, -3.1859614849090576, -3.084521770477295, -2.983081817626953, -2.8816421031951904, -2.7802023887634277, -2.678762435913086, -2.5773227214813232, -2.4758830070495605, -2.3744430541992188, -2.273003339767456, -2.1715636253356934, -2.0701236724853516, -1.9686839580535889, -1.8672441244125366, -1.765804409980774, -1.6643645763397217, -1.562924861907959, -1.4614849090576172, -1.3600451946258545, -1.2586054801940918, -1.15716552734375, -1.0557258129119873, -0.9542860984802246, -0.8528463840484619, -0.7514064311981201, -0.6499667167663574, -0.5485270023345947, -0.44708704948425293, -0.34564733505249023, -0.24420762062072754, -0.14276766777038574, -0.04132795333862305, 0.06011176109313965, 0.16155171394348145, 0.26299142837524414, 0.36443114280700684, 0.46587085723876953, 0.5673108100891113, 0.6687507629394531, 0.7701902389526367, 0.8716301918029785, 0.9730701446533203, 1.074509620666504, 1.1759495735168457, 1.2773895263671875, 1.378829002380371, 1.480268955230713, 1.5817084312438965, 1.6831483840942383, 1.78458833694458, 1.8860278129577637, 1.9874677658081055, 2.0889077186584473, 2.190347194671631, 2.2917871475219727, 2.3932271003723145, 2.494666576385498, 2.59610652923584, 2.6975464820861816, 2.7989859580993652, 2.900425910949707]}, "gradients/fc.1.bias": {"_type": "histogram", "values": [3.0, 0.0, 1.0, 1.0, 0.0, 0.0, 1.0, 2.0, 0.0, 0.0, 0.0, 0.0, 0.0, 1.0, 0.0, 0.0, 0.0, 0.0, 0.0, 0.0, 1.0, 0.0, 0.0, 0.0, 1.0, 1.0, 0.0, 0.0, 0.0, 0.0, 0.0, 0.0, 0.0, 0.0, 0.0, 1.0, 1.0, 0.0, 0.0, 0.0, 0.0, 0.0, 0.0, 0.0, 0.0, 1.0, 0.0, 0.0, 0.0, 0.0, 0.0, 0.0, 0.0, 0.0, 0.0, 0.0, 0.0, 0.0, 0.0, 0.0, 0.0, 0.0, 0.0, 1.0], "bins": [0.07440361380577087, 0.08113386482000351, 0.08786411583423615, 0.09459436684846878, 0.10132461786270142, 0.10805487632751465, 0.11478511989116669, 0.12151537835597992, 0.12824562191963196, 0.1349758803844452, 0.14170613884925842, 0.14843638241291046, 0.1551666259765625, 0.16189688444137573, 0.16862714290618896, 0.175357386469841, 0.18208763003349304, 0.18881788849830627, 0.1955481469631195, 0.20227839052677155, 0.20900864899158478, 0.21573889255523682, 0.22246915102005005, 0.2291993945837021, 0.23592965304851532, 0.24265989661216736, 0.2493901550769806, 0.25612038373947144, 0.26285064220428467, 0.2695809006690979, 0.27631115913391113, 0.28304141759872437, 0.2897716760635376, 0.29650193452835083, 0.3032321631908417, 0.3099624216556549, 0.31669265031814575, 0.323422908782959, 0.3301531672477722, 0.33688342571258545, 0.3436136841773987, 0.3503439128398895, 0.35707417130470276, 0.363804429769516, 0.3705346882343292, 0.37726491689682007, 0.3839951753616333, 0.39072543382644653, 0.39745569229125977, 0.404185950756073, 0.41091617941856384, 0.4176464378833771, 0.4243766963481903, 0.43110695481300354, 0.4378371834754944, 0.4445674419403076, 0.45129770040512085, 0.4580279588699341, 0.4647581875324249, 0.47148844599723816, 0.4782187044620514, 0.4849489629268646, 0.49167919158935547, 0.4984094500541687, 0.5051397085189819]}, "gradients/fc.1.weight": {"_type": "histogram", "values": [7.0, 3.0, 19.0, 19.0, 13.0, 10.0, 16.0, 23.0, 76.0, 97.0, 85.0, 41.0, 21.0, 11.0, 5.0, 3.0, 1.0, 2.0, 2.0, 4.0, 4.0, 2.0, 2.0, 2.0, 1.0, 0.0, 1.0, 1.0, 2.0, 1.0, 3.0, 1.0, 1.0, 3.0, 1.0, 3.0, 4.0, 2.0, 0.0, 1.0, 1.0, 1.0, 1.0, 2.0, 2.0, 1.0, 1.0, 1.0, 1.0, 1.0, 0.0, 1.0, 3.0, 0.0, 1.0, 0.0, 0.0, 0.0, 0.0, 0.0, 0.0, 0.0, 0.0, 2.0], "bins": [-0.33311542868614197, -0.2998620569705963, -0.26660865545272827, -0.23335528373718262, -0.20010189712047577, -0.16684851050376892, -0.13359513878822327, -0.10034175217151642, -0.06708836555480957, -0.033834993839263916, -0.000581592321395874, 0.03267177939414978, 0.06592515110969543, 0.09917855262756348, 0.13243192434310913, 0.16568532586097717, 0.19893869757652283, 0.23219206929206848, 0.26544544100761414, 0.29869887232780457, 0.3319522440433502, 0.3652056157588959, 0.39845898747444153, 0.4317123591899872, 0.46496573090553284, 0.49821916222572327, 0.5314725637435913, 0.5647258758544922, 0.5979793071746826, 0.6312326192855835, 0.6644860506057739, 0.6977393627166748, 0.7309927940368652, 0.7642462253570557, 0.7974995374679565, 0.830752968788147, 0.8640062808990479, 0.8972597122192383, 0.9305131435394287, 0.9637664556503296, 0.99701988697052, 1.030273199081421, 1.0635266304016113, 1.0967800617218018, 1.1300333738327026, 1.163286805152893, 1.196540117263794, 1.2297935485839844, 1.2630468606948853, 1.2963002920150757, 1.3295537233352661, 1.362807035446167, 1.3960604667663574, 1.4293137788772583, 1.4625672101974487, 1.4958206415176392, 1.52907395362854, 1.5623273849487305, 1.5955806970596313, 1.6288341283798218, 1.6620875597000122, 1.6953409910202026, 1.728594183921814, 1.7618476152420044, 1.7951010465621948]}, "gradients/fc.2.bias": {"_type": "histogram", "values": [0.0, 0.0, 0.0, 0.0, 0.0, 0.0, 0.0, 0.0, 0.0, 0.0, 0.0, 0.0, 0.0, 0.0, 0.0, 0.0, 0.0, 0.0, 0.0, 0.0, 0.0, 0.0, 0.0, 0.0, 0.0, 0.0, 0.0, 0.0, 0.0, 0.0, 0.0, 0.0, 1.0, 0.0, 0.0, 0.0, 0.0, 0.0, 0.0, 0.0, 0.0, 0.0, 0.0, 0.0, 0.0, 0.0, 0.0, 0.0, 0.0, 0.0, 0.0, 0.0, 0.0, 0.0, 0.0, 0.0, 0.0, 0.0, 0.0, 0.0, 0.0, 0.0, 0.0, 0.0],