{"graph_0": {"_type": "graph-file", "path": "media/graph/graph_0_summary_53a3ebce.graph.json", "sha256": "53a3ebce7159d0a463ca14a2635c991e098c2ec6ed1c782738b2cb4434737c34", "size": 700}, "Value Loss": 52.743408203125, "_step": 11, "Episode length": 999, "Episode reward": -99.90003326952649, "_timestamp": 1585506909.0078943, "Policy Loss": -5.461455345153809, "_runtime": 28.074543714523315}
