{"graph_0": {"_type": "graph-file", "path": "media/graph/graph_0_summary_b673728f.graph.json", "sha256": "b673728f2127c292582614f78b690abc5a6a8674ec45b4aa35d3abac91402254", "size": 700}, "Episode length": 999, "Episode reward": -38373.58922233703, "_timestamp": 1585507236.7850819, "_runtime": 64.52842950820923, "_step": 31, "Policy Loss": -168.53236389160156, "Value Loss": 5385.31396484375}
