{"graph_0": {"_type": "graph-file", "path": "media/graph/graph_0_summary_88f84bc7.graph.json", "sha256": "88f84bc7295e8a4ad3dd86f19e8931783c74cec4caad4667fcdcb7f109af7785", "size": 691}, "_timestamp": 1585422499.561507, "_runtime": 30.987465620040894, "Policy Loss": 0.09401130676269531, "Value Loss": 0.9700033068656921, "Episode reward": -195.18704968802476, "Episode length": 999, "_step": 9}
