{"graph_0": {"_type": "graph-file", "path": "media/graph/graph_0_summary_d7d65833.graph.json", "sha256": "d7d65833d0da8abe7e42f45420205f97097053203416fe191d84304b7ac47661", "size": 700}, "_runtime": 16358.999609708786, "Value Loss": 17.479583740234375, "Episode length": 560, "_timestamp": 1585586274.844243, "Episode reward": 45.75929289320944, "_step": 499, "Policy Loss": 0.4404684603214264, "gradients/fc.2.weight": {"_type": "histogram", "values": [1.0, 0.0, 0.0, 0.0, 0.0, 0.0, 0.0, 0.0, 0.0, 0.0, 0.0, 0.0, 0.0, 0.0, 0.0, 0.0, 1.0, 0.0, 1.0, 0.0, 0.0, 0.0, 1.0, 0.0, 2.0, 0.0, 0.0, 0.0, 0.0, 0.0, 0.0, 0.0, 0.0, 0.0, 0.0, 1.0, 0.0, 0.0, 0.0, 0.0, 0.0, 0.0, 0.0, 0.0, 0.0, 0.0, 0.0, 0.0, 0.0, 0.0, 0.0, 0.0, 0.0, 0.0, 0.0, 0.0, 1.0, 0.0, 0.0, 0.0, 0.0, 0.0, 1.0, 7.0], "bins": [-36.498287200927734, -35.79751205444336, -35.09673309326172, -34.395957946777344, -33.69518280029297, -32.99440383911133, -32.29362869262695, -31.592851638793945, -30.892074584960938, -30.19129753112793, -29.490520477294922, -28.789745330810547, -28.08896827697754, -27.38819122314453, -26.687416076660156, -25.98663902282715, -25.28586196899414, -24.585084915161133, -23.884307861328125, -23.18353271484375, -22.482755661010742, -21.781978607177734, -21.08120346069336, -20.38042640686035, -19.679649353027344, -18.978872299194336, -18.278095245361328, -17.577320098876953, -16.876543045043945, -16.175765991210938, -15.474990844726562, -14.774213790893555, -14.073436737060547, -13.372659683227539, -12.671882629394531, -11.971107482910156, -11.270330429077148, -10.56955337524414, -9.868778228759766, -9.168001174926758, -8.46722412109375, -7.766447067260742, -7.065670013427734, -6.364894866943359, -5.664117813110352, -4.963340759277344, -4.262565612792969, -3.561786651611328, -2.861011505126953, -2.160236358642578, -1.4594573974609375, -0.7586822509765625, -0.057903289794921875, 0.6428718566894531, 1.3436470031738281, 2.0444259643554688, 2.7452011108398438, 3.4459762573242188, 4.146755218505859, 4.847530364990234, 5.548305511474609, 6.24908447265625, 6.949859619140625, 7.650638580322266, 8.35141372680664]}, "gradients/fc.0.weight": {"_type": "histogram", "values": [2.0, 2.0, 1.0, 0.0, 2.0, 1.0, 1.0, 1.0, 1.0, 1.0, 0.0, 0.0, 1.0, 0.0, 1.0, 0.0, 0.0, 0.0, 1.0, 4.0, 25.0, 3.0, 0.0, 0.0, 0.0, 1.0, 0.0, 0.0, 0.0, 0.0, 0.0, 0.0, 2.0, 1.0, 0.0, 0.0, 0.0, 2.0, 1.0, 2.0, 1.0, 0.0, 1.0, 0.0, 0.0, 1.0, 1.0, 0.0, 0.0, 0.0, 1.0, 0.0, 0.0, 0.0, 0.0, 0.0, 0.0, 1.0, 0.0, 0.0, 0.0, 0.0, 1.0, 1.0], "bins": [-2.159122943878174, -2.054152727127075, -1.949182391166687, -1.8442120552062988, -1.7392418384552002, -1.6342716217041016, -1.5293012857437134, -1.4243309497833252, -1.3193607330322266, -1.214390516281128, -1.1094201803207397, -1.0044498443603516, -0.8994796276092529, -0.7945094108581543, -0.6895390748977661, -0.5845687389373779, -0.4795985221862793, -0.37462830543518066, -0.2696579694747925, -0.1646876335144043, -0.059717416763305664, 0.04525279998779297, 0.1502232551574707, 0.25519347190856934, 0.36016368865966797, 0.4651339054107666, 0.5701041221618652, 0.675074577331543, 0.7800447940826416, 0.8850150108337402, 0.989985466003418, 1.0949556827545166, 1.1999258995056152, 1.3048961162567139, 1.4098663330078125, 1.5148367881774902, 1.6198070049285889, 1.7247772216796875, 1.8297476768493652, 1.9347176551818848, 2.0396881103515625, 2.1446585655212402, 2.2496285438537598, 2.3545989990234375, 2.4595694541931152, 2.5645394325256348, 2.6695098876953125, 2.774479866027832, 2.8794503211975098, 2.9844207763671875, 3.089390754699707, 3.1943612098693848, 3.2993311882019043, 3.404301643371582, 3.5092720985412598, 3.6142420768737793, 3.719212532043457, 3.8241829872131348, 3.9291529655456543, 4.034123420715332, 4.13909387588501, 4.244063854217529, 4.349034309387207, 4.454004287719727, 4.558974742889404]}, "gradients/fc.1.bias": {"_type": "histogram", "values": [1.0, 0.0, 0.0, 1.0, 0.0, 0.0, 0.0, 0.0, 0.0, 0.0, 0.0, 0.0, 1.0, 0.0, 0.0, 0.0, 0.0, 1.0, 0.0, 0.0, 0.0, 0.0, 1.0, 0.0, 0.0, 0.0, 0.0, 0.0, 0.0, 0.0, 0.0, 0.0, 1.0, 0.0, 0.0, 0.0, 0.0, 0.0, 0.0, 0.0, 0.0, 0.0, 1.0, 0.0, 0.0, 0.0, 0.0, 0.0, 0.0, 0.0, 0.0, 0.0, 0.0, 0.0, 0.0, 0.0, 0.0, 0.0, 1.0, 0.0, 0.0, 6.0, 1.0, 1.0], "bins": [-5.42297887802124, -5.3322319984436035, -5.241484642028809, -5.150737762451172, -5.059990882873535, -4.969244003295898, -4.8784966468811035, -4.787749767303467, -4.69700288772583, -4.606256008148193, -4.515508651733398, -4.424761772155762, -4.334014892578125, -4.243268013000488, -4.152520656585693, -4.061773777008057, -3.97102689743042, -3.880279779434204, -3.7895326614379883, -3.6987857818603516, -3.608038902282715, -3.517291784286499, -3.426544666290283, -3.3357977867126465, -3.2450506687164307, -3.154303789138794, -3.063556671142578, -2.9728097915649414, -2.8820626735687256, -2.791315793991089, -2.700568675994873, -2.6098217964172363, -2.5190746784210205, -2.4283275604248047, -2.337580680847168, -2.246833562850952, -2.1560866832733154, -2.0653395652770996, -1.974592685699463, -1.883845567703247, -1.7930986881256104, -1.7023515701293945, -1.6116046905517578, -1.520857572555542, -1.4301106929779053, -1.3393635749816895, -1.2486166954040527, -1.157869815826416, -1.067122459411621, -0.9763755798339844, -0.8856287002563477, -0.7948813438415527, -0.704134464263916, -0.6133875846862793, -0.5226407051086426, -0.43189334869384766, -0.34114646911621094, -0.2503995895385742, -0.1596527099609375, -0.06890535354614258, 0.02184152603149414, 0.11258840560913086, 0.20333528518676758, 0.2940826416015625, 0.3848295211791992]}, "gradients/fc.1.weight": {"_type": "histogram", "values": [1.0, 0.0, 1.0, 0.0, 0.0, 1.0, 0.0, 1.0, 2.0, 1.0, 1.0, 1.0, 3.0, 1.0, 2.0, 2.0, 2.0, 2.0, 2.0, 6.0, 6.0, 2.0, 4.0, 7.0, 5.0, 8.0, 8.0, 6.0, 5.0, 10.0, 5.0, 6.0, 6.0, 5.0, 6.0, 5.0, 11.0, 117.0, 113.0, 44.0, 6.0, 2.0, 2.0, 5.0, 5.0, 5.0, 6.0, 4.0, 6.0, 9.0, 7.0, 3.0, 8.0, 4.0, 7.0, 6.0, 5.0, 2.0, 1.0, 2.0, 3.0, 3.0, 2.0, 1.0], "bins": [-4.545459270477295, -4.426596641540527, -4.30773401260376, -4.188871383666992, -4.070009231567383, -3.951146364212036, -3.8322839736938477, -3.71342134475708, -3.5945587158203125, -3.475696086883545, -3.3568334579467773, -3.237971067428589, -3.1191084384918213, -3.0002458095550537, -2.8813834190368652, -2.7625207901000977, -2.64365816116333, -2.5247955322265625, -2.405932903289795, -2.2870705127716064, -2.168207883834839, -2.0493452548980713, -1.9304828643798828, -1.8116202354431152, -1.6927576065063477, -1.57389497756958, -1.4550323486328125, -1.336169958114624, -1.2173073291778564, -1.0984447002410889, -0.9795823097229004, -0.8607196807861328, -0.7418570518493652, -0.6229944229125977, -0.5041317939758301, -0.3852691650390625, -0.2664065361022949, -0.14754438400268555, -0.02868175506591797, 0.09018087387084961, 0.2090435028076172, 0.32790613174438477, 0.44676876068115234, 0.5656313896179199, 0.6844935417175293, 0.8033561706542969, 0.9222187995910645, 1.041081428527832, 1.1599440574645996, 1.2788066864013672, 1.3976693153381348, 1.5165319442749023, 1.63539457321167, 1.7542567253112793, 1.8731193542480469, 1.9919819831848145, 2.110844612121582, 2.2297072410583496, 2.348569869995117, 2.4674324989318848, 2.586294651031494, 2.7051572799682617, 2.8240199089050293, 2.942882537841797, 3.0617451667785645]}, "gradients/fc.2.bias": {"_type": "histogram", "values": [0.0, 0.0, 0.0, 0.0, 0.0, 0.0, 0.0, 0.0, 0.0, 0.0, 0.0, 0.0, 0.0, 0.0, 0.0, 0.0, 0.0, 0.0, 0.0, 0.0, 0.0, 0.0, 0.0, 0.0, 0.0, 0.0, 0.0, 0.0, 0.0, 0.0, 0.0, 0.0, 1.0, 0.0, 0.0, 0.0, 0.0, 0.0, 0.0, 0.0, 0.0, 0.0, 0.0, 0.0, 0.0, 0.0, 0.0, 0.0, 0.0, 0.0, 0.0, 0.0, 0.0, 0.0, 0.0, 0.0, 0.0, 0.0, 0.0, 0.0, 0.0, 0.0, 0.0, 0.0],