{"graph_0": {"_type": "graph-file", "path": "media/graph/graph_0_summary_fdfd02f3.graph.json", "sha256": "fdfd02f3d329645d396c9e8480cbdf6f67aea46e0cd7a37ec467e5ee758397e0", "size": 700}, "_runtime": 43.24963879585266, "Episode reward": -99.8999999979761, "Episode length": 999, "Policy Loss": -13.73007869720459, "_timestamp": 1585506782.4664934, "Value Loss": 356.4688415527344, "_step": 17}
