{"graph_0": {"_type": "graph-file", "path": "media/graph/graph_0_summary_45acad61.graph.json", "sha256": "45acad61de704aa36a1cafa315f985377781b25cfe013ef4d9af0c0b9df987ed", "size": 691}, "Episode reward": 348.36236572265625, "Intrinsic reward": 448.7981262207031, "_runtime": 901.5846078395844, "_timestamp": 1585852854.0888295, "Loss": 44.667022705078125, "_step": 135, "ICM Loss": 0.8984946608543396, "Extrinsic reward": -100.43588450883226, "gradients/fc.2.weight": {"_type": "histogram", "values": [1.0, 0.0, 0.0, 0.0, 0.0, 0.0, 0.0, 0.0, 0.0, 0.0, 0.0, 0.0, 0.0, 0.0, 0.0, 0.0, 0.0, 0.0, 0.0, 0.0, 0.0, 0.0, 0.0, 0.0, 0.0, 0.0, 0.0, 1.0, 0.0, 0.0, 0.0, 0.0, 0.0, 0.0, 1.0, 0.0, 0.0, 0.0, 0.0, 0.0, 0.0, 0.0, 0.0, 0.0, 1.0, 0.0, 0.0, 0.0, 1.0, 10.0, 0.0, 0.0, 0.0, 0.0, 0.0, 0.0, 0.0, 0.0, 0.0, 0.0, 0.0, 0.0, 0.0, 1.0], "bins": [-6.361726760864258, -6.23257303237915, -6.103418827056885, -5.974265098571777, -5.845110893249512, -5.715957164764404, -5.586802959442139, -5.457649230957031, -5.328495025634766, -5.199341297149658, -5.070187568664551, -4.941033363342285, -4.811879634857178, -4.682725429534912, -4.553571701049805, -4.424417495727539, -4.295263767242432, -4.166110038757324, -4.036955833435059, -3.907801866531372, -3.7786478996276855, -3.649494171142578, -3.5203402042388916, -3.391186237335205, -3.2620322704315186, -3.132878303527832, -3.0037243366241455, -2.874570369720459, -2.7454166412353516, -2.616262674331665, -2.4871087074279785, -2.357954502105713, -2.2288007736206055, -2.099647045135498, -1.9704928398132324, -1.841339111328125, -1.7121849060058594, -1.583031177520752, -1.4538769721984863, -1.324723243713379, -1.1955690383911133, -1.0664153099060059, -0.9372615814208984, -0.8081073760986328, -0.6789536476135254, -0.5497994422912598, -0.42064571380615234, -0.2914915084838867, -0.1623377799987793, -0.033184051513671875, 0.09597015380859375, 0.22512388229370117, 0.3542780876159668, 0.4834318161010742, 0.6125860214233398, 0.7417397499084473, 0.8708934783935547, 1.0000476837158203, 1.1292014122009277, 1.2583556175231934, 1.3875093460083008, 1.5166635513305664, 1.645817756652832, 1.7749710083007812, 1.9041252136230469]}, "gradients/fc.1.bias": {"_type": "histogram", "values": [1.0, 0.0, 0.0, 0.0, 0.0, 0.0, 0.0, 0.0, 0.0, 0.0, 0.0, 0.0, 0.0, 0.0, 0.0, 0.0, 0.0, 0.0, 10.0, 0.0, 0.0, 0.0, 0.0, 1.0, 0.0, 0.0, 0.0, 0.0, 0.0, 0.0, 0.0, 0.0, 0.0, 0.0, 0.0, 0.0, 0.0, 0.0, 0.0, 1.0, 0.0, 0.0, 0.0, 0.0, 0.0, 0.0, 0.0, 0.0, 0.0, 0.0, 1.0, 0.0, 1.0, 0.0, 0.0, 0.0, 0.0, 0.0, 0.0, 0.0, 0.0, 0.0, 0.0, 1.0], "bins": [-2.1668143272399902, -2.0515053272247314, -1.9361963272094727, -1.8208873271942139, -1.705578327178955, -1.5902693271636963, -1.4749603271484375, -1.3596513271331787, -1.24434232711792, -1.1290334463119507, -1.013724446296692, -0.8984154462814331, -0.7831064462661743, -0.6677974462509155, -0.5524884462356567, -0.43717944622039795, -0.32187044620513916, -0.20656144618988037, -0.09125256538391113, 0.024056434631347656, 0.13936543464660645, 0.25467443466186523, 0.369983434677124, 0.4852924346923828, 0.6006014347076416, 0.7159104347229004, 0.8312194347381592, 0.946528434753418, 1.0618374347686768, 1.1771464347839355, 1.2924554347991943, 1.4077644348144531, 1.523073434829712, 1.6383824348449707, 1.7536914348602295, 1.8690004348754883, 1.984309196472168, 2.099618434906006, 2.2149271965026855, 2.3302364349365234, 2.445545196533203, 2.560854434967041, 2.6761631965637207, 2.7914724349975586, 2.9067811965942383, 3.022090435028076, 3.137399196624756, 3.2527084350585938, 3.3680171966552734, 3.4833264350891113, 3.598635196685791, 3.713944435119629, 3.8292531967163086, 3.9445624351501465, 4.059871196746826, 4.175180435180664, 4.290489196777344, 4.405798435211182, 4.521107196807861, 4.636416435241699, 4.751725196838379, 4.867034435272217, 4.9823431968688965, 5.097652435302734, 5.212961196899414]}, "gradients/fc.1.weight": {"_type": "histogram", "values": [1.0, 2.0, 0.0, 0.0, 1.0, 0.0, 0.0, 0.0, 1.0, 3.0, 0.0, 1.0, 1.0, 0.0, 0.0, 1.0, 1.0, 0.0, 0.0, 3.0, 3.0, 2.0, 425.0, 5.0, 2.0, 5.0, 2.0, 3.0, 2.0, 2.0, 1.0, 1.0, 2.0, 2.0, 2.0, 3.0, 1.0, 3.0, 1.0, 2.0, 3.0, 1.0, 1.0, 2.0, 4.0, 3.0, 1.0, 1.0, 1.0, 0.0, 0.0, 2.0, 0.0, 1.0, 0.0, 0.0, 0.0, 2.0, 0.0, 2.0, 1.0, 0.0, 1.0, 2.0], "bins": [-1.9160683155059814, -1.8299273252487183, -1.743786334991455, -1.6576452255249023, -1.5715042352676392, -1.485363245010376, -1.3992221355438232, -1.31308114528656, -1.2269401550292969, -1.1407991647720337, -1.0546581745147705, -0.9685170650482178, -0.8823760747909546, -0.7962350845336914, -0.7100939750671387, -0.6239529848098755, -0.5378119945526123, -0.4516710042953491, -0.36553001403808594, -0.2793889045715332, -0.19324791431427002, -0.10710692405700684, -0.0209658145904541, 0.06517517566680908, 0.15131616592407227, 0.237457275390625, 0.32359814643859863, 0.40973925590515137, 0.4958803653717041, 0.5820212364196777, 0.6681623458862305, 0.7543032169342041, 0.8404443264007568, 0.9265854358673096, 1.0127263069152832, 1.098867416381836, 1.1850082874298096, 1.2711493968963623, 1.357290506362915, 1.4434313774108887, 1.5295724868774414, 1.6157135963439941, 1.7018544673919678, 1.7879955768585205, 1.8741366863250732, 1.9602775573730469, 2.0464186668395996, 2.1325595378875732, 2.218700647354126, 2.3048417568206787, 2.3909828662872314, 2.477123498916626, 2.5632646083831787, 2.6494057178497314, 2.735546827316284, 2.821687936782837, 2.9078290462493896, 2.993969678878784, 3.080110788345337, 3.1662518978118896, 3.2523930072784424, 3.338534116744995, 3.4246747493743896, 3.5108158588409424, 3.596956968307495]}, "gradients/fc.0.weight": {"_type": "histogram", "values": [1.0, 1.0, 0.0, 0.0, 0.0, 0.0, 0.0, 0.0, 0.0, 0.0, 0.0, 0.0, 0.0, 0.0, 0.0, 0.0, 0.0, 1.0, 0.0, 0.0, 0.0, 1.0, 1.0, 0.0, 0.0, 2.0, 1.0, 0.0, 1.0, 0.0, 0.0, 0.0, 3.0, 42.0, 3.0, 1.0, 0.0, 0.0, 0.0, 1.0, 0.0, 0.0, 0.0, 1.0, 0.0, 0.0, 0.0, 0.0, 0.0, 0.0, 0.0, 0.0, 1.0, 0.0, 0.0, 0.0, 0.0, 0.0, 1.0, 0.0, 1.0, 0.0, 0.0, 1.0], "bins": [-0.8396299481391907, -0.814620316028595, -0.7896106243133545, -0.7646009922027588, -0.7395913004875183, -0.7145816683769226, -0.6895719766616821, -0.6645623445510864, -0.6395527124404907, -0.6145430207252502, -0.5895333290100098, -0.5645236968994141, -0.5395140647888184, -0.5145044326782227, -0.4894947409629822, -0.4644850790500641, -0.439475417137146, -0.4144657552242279, -0.3894560933113098, -0.3644464313983917, -0.33943676948547363, -0.31442713737487793, -0.28941744565963745, -0.26440781354904175, -0.23939818143844604, -0.21438848972320557, -0.18937885761260986, -0.16436916589736938, -0.13935953378677368, -0.1143498420715332, -0.0893402099609375, -0.06433051824569702, -0.03932088613510132, -0.014311254024505615, 0.010698437690734863, 0.035708069801330566, 0.060717761516571045, 0.08572739362716675, 0.11073708534240723, 0.13574671745300293, 0.1607564091682434, 0.1857660412788391, 0.21077567338943481, 0.23578530550003052, 0.26079505681991577, 0.2858046889305115, 0.3108143210411072, 0.3358239531517029, 0.3608335852622986, 0.38584333658218384, 0.41085296869277954, 0.43586260080337524, 0.46087223291397095, 0.4858819842338562, 0.5108916163444519, 0.5359012484550476, 0.5609108805656433, 0.585920512676239, 0.6109302639961243, 0.63593989610672, 0.6609495282173157, 0.6859591603279114, 0.7109689116477966, 0.7359785437583923, 0.760988175868988]}, "gradients/fc.0.bias": {"_type": "histogram", "values": [1.0, 1.0, 0.0, 0.0, 0.0, 0.0, 0.0, 0.0, 0.0, 0.0, 0.0, 0.0, 1.0, 1.0, 0.0, 0.0, 0.0, 0.0, 0.0, 1.0, 0.0, 1.0, 0.0, 17.0, 0.0, 1.0, 2.0, 1.0, 0.0, 1.0, 1.0, 0.0, 0.0, 0.0, 0.0, 0.0, 0.0, 0.0, 0.0, 0.0, 0.0, 1.0, 0.0, 0.0, 0.0, 0.0, 0.0, 0.0, 1.0, 0.0, 0.0, 0.0, 0.0, 0.0, 0.0, 0.0, 0.0, 0.0, 0.0, 0.0, 0.0, 0.0, 0.0, 1.0],