{"graph_0": {"_type": "graph-file", "path": "media/graph/graph_0_summary_b07a1370.graph.json", "sha256": "b07a1370c49c48728d84e1d81d642ef4d0def0484a6f8a9dc27d52dfa4d8673c", "size": 700}, "_timestamp": 1585603887.4590645, "Episode length": 999, "Episode reward": -95.19124085928537, "Policy Loss": 0.0032816447783261538, "_step": 499, "Value Loss": 0.001977704931050539, "_runtime": 6517.826195001602, "gradients/fc.2.bias": {"_type": "histogram", "values": [0.0, 0.0, 0.0, 0.0, 0.0, 0.0, 0.0, 0.0, 0.0, 0.0, 0.0, 0.0, 0.0, 0.0, 0.0, 0.0, 0.0, 0.0, 0.0, 0.0, 0.0, 0.0, 0.0, 0.0, 0.0, 0.0, 0.0, 0.0, 0.0, 0.0, 0.0, 0.0, 1.0, 0.0, 0.0, 0.0, 0.0, 0.0, 0.0, 0.0, 0.0, 0.0, 0.0, 0.0, 0.0, 0.0, 0.0, 0.0, 0.0, 0.0, 0.0, 0.0, 0.0, 0.0, 0.0, 0.0, 0.0, 0.0, 0.0, 0.0, 0.0, 0.0, 0.0, 0.0], "bins": [0.10478366911411285, 0.10478366911411285, 0.10478366911411285, 0.10478366911411285, 0.10478366911411285, 0.10478366911411285, 0.10478366911411285, 0.10478366911411285, 0.10478366911411285, 0.10478366911411285, 0.10478366911411285, 0.10478366911411285, 0.10478366911411285, 0.10478366911411285, 0.10478366911411285, 0.10478366911411285, 0.10478366911411285, 0.10478366911411285, 0.10478366911411285, 0.10478366911411285, 0.10478366911411285, 0.10478366911411285, 0.10478366911411285, 0.10478366911411285, 0.10478366911411285, 0.10478366911411285, 0.10478366911411285, 0.10478366911411285, 0.10478366911411285, 0.10478366911411285, 0.10478366911411285, 0.10478366911411285, 0.10478366911411285, 0.10478366911411285, 0.10478366911411285, 0.10478366911411285, 0.10478366911411285, 0.10478366911411285, 0.10478366911411285, 0.10478366911411285, 0.10478366911411285, 0.10478366911411285, 0.10478366911411285, 0.10478366911411285, 0.10478366911411285, 0.10478366911411285, 0.10478366911411285, 0.10478366911411285, 0.10478366911411285, 0.10478366911411285, 0.10478366911411285, 0.10478366911411285, 0.10478366911411285, 0.10478366911411285, 0.10478366911411285, 0.10478366911411285, 0.10478366911411285, 0.10478366911411285, 0.10478366911411285, 0.10478366911411285, 0.10478366911411285, 0.10478366911411285, 0.10478366911411285, 0.10478366911411285, 0.10478366911411285]}, "gradients/fc.2.weight": {"_type": "histogram", "values": [1.0, 0.0, 0.0, 0.0, 0.0, 0.0, 0.0, 1.0, 0.0, 0.0, 1.0, 0.0, 0.0, 1.0, 2.0, 1.0, 0.0, 2.0, 0.0, 0.0, 0.0, 0.0, 0.0, 0.0, 0.0, 0.0, 0.0, 0.0, 0.0, 0.0, 1.0, 0.0, 0.0, 0.0, 0.0, 0.0, 0.0, 0.0, 0.0, 0.0, 0.0, 0.0, 0.0, 0.0, 1.0, 0.0, 0.0, 0.0, 1.0, 0.0, 0.0, 1.0, 0.0, 0.0, 2.0, 0.0, 0.0, 0.0, 0.0, 0.0, 0.0, 0.0, 0.0, 1.0], "bins": [-0.5997979044914246, -0.5599462389945984, -0.5200945138931274, -0.48024284839630127, -0.4403911232948303, -0.40053945779800415, -0.3606877624988556, -0.32083606719970703, -0.28098437190055847, -0.2411326766014099, -0.20128098130226135, -0.1614292860031128, -0.12157762050628662, -0.08172589540481567, -0.0418742299079895, -0.0020225048065185547, 0.03782916069030762, 0.07768082618713379, 0.11753255128860474, 0.1573842167854309, 0.19723594188690186, 0.23708760738372803, 0.276939332485199, 0.31679099798202515, 0.3566426634788513, 0.39649438858032227, 0.4363461136817932, 0.4761977791786194, 0.5160494446754456, 0.5559011101722717, 0.5957528948783875, 0.6356045603752136, 0.6754562258720398, 0.715307891368866, 0.7551595568656921, 0.7950113415718079, 0.834863007068634, 0.8747146725654602, 0.9145663380622864, 0.9544181227684021, 0.9942697882652283, 1.0341215133666992, 1.0739731788635254, 1.1138248443603516, 1.1536765098571777, 1.193528175354004, 1.23337984085083, 1.2732315063476562, 1.3130831718444824, 1.3529350757598877, 1.3927867412567139, 1.43263840675354, 1.4724900722503662, 1.5123417377471924, 1.5521934032440186, 1.5920450687408447, 1.631896734237671, 1.671748399734497, 1.7116000652313232, 1.7514517307281494, 1.7913036346435547, 1.8311553001403809, 1.871006965637207, 1.9108586311340332, 1.9507102966308594]}, "gradients/fc.1.bias": {"_type": "histogram", "values": [1.0, 0.0, 0.0, 0.0, 0.0, 0.0, 1.0, 0.0, 0.0, 0.0, 0.0, 2.0, 1.0, 0.0, 0.0, 0.0, 1.0, 0.0, 1.0, 0.0, 0.0, 4.0, 1.0, 0.0, 0.0, 0.0, 1.0, 0.0, 0.0, 0.0, 0.0, 0.0, 1.0, 0.0, 0.0, 0.0, 0.0, 0.0, 0.0, 0.0, 0.0, 0.0, 0.0, 0.0, 0.0, 1.0, 0.0, 0.0, 0.0, 0.0, 0.0, 0.0, 0.0, 0.0, 0.0, 0.0, 0.0, 0.0, 0.0, 0.0, 0.0, 0.0, 0.0, 1.0], "bins": [-0.1538017839193344, -0.14788946509361267, -0.14197714626789093, -0.1360648274421692, -0.13015249371528625, -0.12424018234014511, -0.11832785606384277, -0.11241553723812103, -0.10650321841239929, -0.10059089958667755, -0.09467858076095581, -0.08876625448465347, -0.08285393565893173, -0.07694161683320999, -0.07102929055690765, -0.06511697173118591, -0.05920465290546417, -0.05329233407974243, -0.04738001525402069, -0.04146768897771835, -0.03555537015199661, -0.029643051326274872, -0.023730725049972534, -0.017818406224250793, -0.011906087398529053, -0.005993768572807312, -8.144974708557129e-05, 0.005830869078636169, 0.011743202805519104, 0.017655521631240845, 0.023567840456962585, 0.029480159282684326, 0.03539247810840607, 0.04130479693412781, 0.04721711575984955, 0.05312943458557129, 0.05904175341129303, 0.06495408713817596, 0.0708664059638977, 0.07677872478961945, 0.08269104361534119, 0.08860336244106293, 0.09451568126678467, 0.10042800009250641, 0.10634033381938934, 0.11225263774394989, 0.11816497147083282, 0.12407727539539337, 0.1299896091222763, 0.13590194284915924, 0.1418142467737198, 0.14772658050060272, 0.15363888442516327, 0.1595512181520462, 0.16546352207660675, 0.17137585580348969, 0.17728818953037262, 0.18320049345493317, 0.1891128271818161, 0.19502513110637665, 0.20093746483325958, 0.20684976875782013, 0.21276210248470306, 0.2186744064092636, 0.22458674013614655]}, "gradients/fc.0.weight": {"_type": "histogram", "values": [1.0, 0.0, 0.0, 0.0, 0.0, 0.0, 0.0, 0.0, 1.0, 0.0, 0.0, 0.0, 0.0, 0.0, 1.0, 1.0, 0.0, 0.0, 2.0, 0.0, 0.0, 1.0, 1.0, 1.0, 1.0, 0.0, 2.0, 1.0, 1.0, 1.0, 1.0, 2.0, 1.0, 4.0, 2.0, 3.0, 2.0, 4.0, 2.0, 2.0, 3.0, 2.0, 1.0, 2.0, 2.0, 5.0, 2.0, 3.0, 0.0, 0.0, 2.0, 0.0, 1.0, 1.0, 0.0, 0.0, 0.0, 0.0, 0.0, 1.0, 0.0, 0.0, 0.0, 1.0], "bins": [-1.2144198417663574, -1.1798195838928223, -1.1452194452285767, -1.110619306564331, -1.076019048690796, -1.0414187908172607, -1.0068186521530151, -0.9722184538841248, -0.9376182556152344, -0.903018057346344, -0.8684178590774536, -0.8338176608085632, -0.7992174625396729, -0.7646172642707825, -0.7300170660018921, -0.6954168677330017, -0.6608166694641113, -0.626216471195221, -0.5916162729263306, -0.5570160746574402, -0.5224158763885498, -0.4878156781196594, -0.45321547985076904, -0.41861528158187866, -0.3840150833129883, -0.3494148850440979, -0.3148146867752075, -0.28021448850631714, -0.24561429023742676, -0.2110140323638916, -0.176413893699646, -0.1418137550354004, -0.10721349716186523, -0.07261323928833008, -0.03801310062408447, -0.003412961959838867, 0.03118729591369629, 0.06578755378723145, 0.10038769245147705, 0.13498783111572266, 0.1695880889892578, 0.20418834686279297, 0.23878848552703857, 0.2733886241912842, 0.30798888206481934, 0.3425891399383545, 0.3771892786026001, 0.4117894172668457, 0.44638967514038086, 0.480989933013916, 0.5155900716781616, 0.5501902103424072, 0.5847904682159424, 0.6193907260894775, 0.6539908647537231, 0.6885910034179688, 0.7231912612915039, 0.7577915191650391, 0.7923917770385742, 0.8269917964935303, 0.8615920543670654, 0.8961923122406006, 0.9307923316955566, 0.9653925895690918, 0.999992847442627]}, "gradients/fc.1.weight": {"_type": "histogram", "values": [1.0, 1.0, 0.0, 1.0, 1.0, 0.0, 1.0, 0.0, 4.0, 1.0, 2.0, 2.0, 7.0, 5.0, 2.0, 0.0, 10.0, 9.0, 8.0, 5.0, 10.0, 18.0, 16.0, 23.0, 31.0, 47.0, 46.0, 42.0, 48.0, 26.0, 25.0, 37.0, 25.0, 18.0, 14.0, 4.0, 6.0, 2.0, 1.0, 3.0, 1.0, 1.0, 1.0, 0.0, 2.0, 1.0, 0.0, 0.0, 0.0, 0.0, 1.0, 0.0, 0.0, 0.0, 0.0, 0.0, 0.0, 1.0, 0.0, 0.0, 0.0, 1.0, 0.0, 1.0],