{"graph_0": {"_type": "graph-file", "path": "media/graph/graph_0_summary_e2cf5a24.graph.json", "sha256": "e2cf5a241b628bca26dd1baa818b397280f31f5fd15a3e527a2921cc22b3b938", "size": 700}, "_timestamp": 1585617780.8115222, "Episode length": 999, "Episode reward": -99.5838982888367, "Policy Loss": -0.007166950032114983, "_step": 499, "Value Loss": 0.008357055485248566, "_runtime": 20411.178652763367, "gradients/fc.2.bias": {"_type": "histogram", "values": [0.0, 0.0, 0.0, 0.0, 0.0, 0.0, 0.0, 0.0, 0.0, 0.0, 0.0, 0.0, 0.0, 0.0, 0.0, 0.0, 0.0, 0.0, 0.0, 0.0, 0.0, 0.0, 0.0, 0.0, 0.0, 0.0, 0.0, 0.0, 0.0, 0.0, 0.0, 0.0, 1.0, 0.0, 0.0, 0.0, 0.0, 0.0, 0.0, 0.0, 0.0, 0.0, 0.0, 0.0, 0.0, 0.0, 0.0, 0.0, 0.0, 0.0, 0.0, 0.0, 0.0, 0.0, 0.0, 0.0, 0.0, 0.0, 0.0, 0.0, 0.0, 0.0, 0.0, 0.0], "bins": [0.004424639046192169, 0.004424639046192169, 0.004424639046192169, 0.004424639046192169, 0.004424639046192169, 0.004424639046192169, 0.004424639046192169, 0.004424639046192169, 0.004424639046192169, 0.004424639046192169, 0.004424639046192169, 0.004424639046192169, 0.004424639046192169, 0.004424639046192169, 0.004424639046192169, 0.004424639046192169, 0.004424639046192169, 0.004424639046192169, 0.004424639046192169, 0.004424639046192169, 0.004424639046192169, 0.004424639046192169, 0.004424639046192169, 0.004424639046192169, 0.004424639046192169, 0.004424639046192169, 0.004424639046192169, 0.004424639046192169, 0.004424639046192169, 0.004424639046192169, 0.004424639046192169, 0.004424639046192169, 0.004424639046192169, 0.004424639046192169, 0.004424639046192169, 0.004424639046192169, 0.004424639046192169, 0.004424639046192169, 0.004424639046192169, 0.004424639046192169, 0.004424639046192169, 0.004424639046192169, 0.004424639046192169, 0.004424639046192169, 0.004424639046192169, 0.004424639046192169, 0.004424639046192169, 0.004424639046192169, 0.004424639046192169, 0.004424639046192169, 0.004424639046192169, 0.004424639046192169, 0.004424639046192169, 0.004424639046192169, 0.004424639046192169, 0.004424639046192169, 0.004424639046192169, 0.004424639046192169, 0.004424639046192169, 0.004424639046192169, 0.004424639046192169, 0.004424639046192169, 0.004424639046192169, 0.004424639046192169, 0.004424639046192169]}, "gradients/fc.2.weight": {"_type": "histogram", "values": [2.0, 0.0, 0.0, 0.0, 0.0, 0.0, 0.0, 3.0, 4.0, 0.0, 0.0, 0.0, 5.0, 0.0, 0.0, 1.0, 0.0, 0.0, 0.0, 0.0, 0.0, 0.0, 0.0, 0.0, 0.0, 0.0, 0.0, 0.0, 0.0, 0.0, 0.0, 0.0, 0.0, 0.0, 0.0, 0.0, 0.0, 0.0, 0.0, 0.0, 0.0, 0.0, 0.0, 0.0, 0.0, 0.0, 0.0, 0.0, 0.0, 0.0, 0.0, 0.0, 0.0, 0.0, 0.0, 0.0, 0.0, 0.0, 0.0, 0.0, 0.0, 0.0, 0.0, 1.0], "bins": [-0.0679868534207344, -0.06291700154542923, -0.05784715339541435, -0.052777305245399475, -0.0477074533700943, -0.04263760522007942, -0.037567757070064545, -0.03249790519475937, -0.02742805704474449, -0.022358208894729614, -0.01728835701942444, -0.012218508869409561, -0.007148660719394684, -0.002078808844089508, 0.0029910430312156677, 0.008060887455940247, 0.013130739331245422, 0.018200591206550598, 0.023270435631275177, 0.028340287506580353, 0.03341013938188553, 0.03847998380661011, 0.04354983568191528, 0.04861968755722046, 0.05368953198194504, 0.058759383857250214, 0.06382923573255539, 0.06889908760786057, 0.07396893948316574, 0.07903877645730972, 0.0841086283326149, 0.08917848020792007, 0.09424833208322525, 0.09931818395853043, 0.1043880358338356, 0.10945788770914078, 0.11452772468328476, 0.11959757655858994, 0.12466742843389511, 0.12973728775978088, 0.13480713963508606, 0.13987699151039124, 0.14494681358337402, 0.1500166654586792, 0.15508651733398438, 0.16015636920928955, 0.16522622108459473, 0.1702960729598999, 0.17536592483520508, 0.18043577671051025, 0.18550562858581543, 0.1905754804611206, 0.19564533233642578, 0.20071518421173096, 0.20578503608703613, 0.2108548879623413, 0.21592473983764648, 0.22099459171295166, 0.22606441378593445, 0.23113426566123962, 0.2362041175365448, 0.24127396941184998, 0.24634382128715515, 0.2514136731624603, 0.2564835250377655]}, "gradients/fc.1.bias": {"_type": "histogram", "values": [1.0, 0.0, 1.0, 0.0, 0.0, 0.0, 0.0, 0.0, 1.0, 5.0, 0.0, 0.0, 0.0, 0.0, 1.0, 1.0, 0.0, 0.0, 1.0, 0.0, 0.0, 0.0, 1.0, 0.0, 0.0, 0.0, 0.0, 0.0, 0.0, 0.0, 2.0, 0.0, 0.0, 1.0, 0.0, 0.0, 0.0, 0.0, 0.0, 0.0, 0.0, 0.0, 0.0, 0.0, 0.0, 0.0, 0.0, 0.0, 0.0, 0.0, 0.0, 0.0, 0.0, 0.0, 0.0, 0.0, 0.0, 0.0, 0.0, 0.0, 0.0, 0.0, 0.0, 1.0], "bins": [-0.004173216409981251, -0.0037413453683257103, -0.00330947432667017, -0.0028776032850146294, -0.002445732243359089, -0.0020138612017035484, -0.001581990160048008, -0.0011501191183924675, -0.000718248076736927, -0.00028637703508138657, 0.0001454940065741539, 0.0005773650482296944, 0.0010092360898852348, 0.0014411071315407753, 0.0018729781731963158, 0.0023048492148518562, 0.0027367202565073967, 0.003168591298162937, 0.0036004623398184776, 0.004032333381474018, 0.0044642044231295586, 0.004896075464785099, 0.0053279465064406395, 0.00575981754809618, 0.00619168858975172, 0.006623559631407261, 0.007055430673062801, 0.007487301714718342, 0.007919172756373882, 0.008351043798029423, 0.008782914839684963, 0.009214785881340504, 0.009646656922996044, 0.010078527964651585, 0.010510399006307125, 0.010942270047962666, 0.011374141089618206, 0.011806012131273746, 0.012237883172929287, 0.012669754214584827, 0.013101625256240368, 0.013533496297895908, 0.013965367339551449, 0.01439723838120699, 0.01482910942286253, 0.01526098046451807, 0.015692852437496185, 0.016124721616506577, 0.016556594520807266, 0.016988463699817657, 0.017420336604118347, 0.01785220578312874, 0.018284078687429428, 0.01871594786643982, 0.01914782077074051, 0.0195796899497509, 0.02001156285405159, 0.02044343203306198, 0.02087530493736267, 0.021307174116373062, 0.021739047020673752, 0.022170916199684143, 0.022602789103984833, 0.023034658282995224, 0.023466531187295914]}, "gradients/fc.0.weight": {"_type": "histogram", "values": [1.0, 2.0, 3.0, 1.0, 0.0, 1.0, 0.0, 1.0, 4.0, 0.0, 3.0, 5.0, 2.0, 1.0, 3.0, 3.0, 1.0, 1.0, 1.0, 1.0, 2.0, 2.0, 2.0, 1.0, 5.0, 4.0, 3.0, 0.0, 0.0, 1.0, 0.0, 0.0, 0.0, 0.0, 0.0, 1.0, 0.0, 0.0, 0.0, 0.0, 1.0, 0.0, 0.0, 1.0, 0.0, 0.0, 2.0, 0.0, 1.0, 1.0, 0.0, 1.0, 0.0, 0.0, 0.0, 0.0, 0.0, 0.0, 0.0, 0.0, 0.0, 0.0, 1.0, 1.0], "bins": [-0.036785125732421875, -0.03516296669840813, -0.03354080393910408, -0.03191864490509033, -0.030296484008431435, -0.028674323111772537, -0.02705216407775879, -0.02543000318109989, -0.023807842284440994, -0.022185681387782097, -0.0205635204911232, -0.01894136145710945, -0.017319200560450554, -0.015697039663791656, -0.014074880629777908, -0.012452719733119011, -0.010830558836460114, -0.009208397939801216, -0.007586237043142319, -0.0059640780091285706, -0.004341915249824524, -0.0027197562158107758, -0.0010975971817970276, 0.000524565577507019, 0.002146724611520767, 0.0037688836455345154, 0.005391046404838562, 0.00701320543885231, 0.008635364472866058, 0.010257527232170105, 0.011879686266183853, 0.0135018490254879, 0.015124008059501648, 0.016746167093515396, 0.018368329852819443, 0.01999048888683319, 0.021612651646137238, 0.023234810680150986, 0.024856969714164734, 0.02647913247346878, 0.028101295232772827, 0.029723450541496277, 0.031345613300800323, 0.03296777606010437, 0.03458993136882782, 0.036212094128131866, 0.03783425688743591, 0.03945641219615936, 0.04107857495546341, 0.042700737714767456, 0.044322893023490906, 0.04594505578279495, 0.047567218542099, 0.04918937385082245, 0.050811536610126495, 0.05243369936943054, 0.05405585467815399, 0.05567801743745804, 0.057300180196762085, 0.05892234295606613, 0.06054449826478958, 0.06216666102409363, 0.06378882378339767, 0.06541097909212112, 0.06703314185142517]}, "gradients/fc.1.weight": {"_type": "histogram",