{"graph_0": {"_type": "graph-file", "path": "media/graph/graph_0_summary_cebd1075.graph.json", "sha256": "cebd10752f2da64a7ebb21fb49afa86deea0a15c3f750f2ef1541d8cdb162e78", "size": 700}, "Episode reward": -99.90003006274884, "Policy Loss": -8.495842933654785, "_runtime": 29.166067123413086, "Episode length": 999, "_timestamp": 1585508254.9747503, "Value Loss": 50.69144058227539, "_step": 11}
