{"graph_0": {"_type": "graph-file", "path": "media/graph/graph_0_summary_c1ba9321.graph.json", "sha256": "c1ba932196d0b27a8076407c2d070f9e58c69b743e938a04cccf7b29b9532993", "size": 691}, "_timestamp": 1585423886.5829232, "Episode reward": -106.64908469438122, "Policy Loss": 0.115639328956604, "_step": 9, "Episode length": 999, "_runtime": 720.6362941265106, "Value Loss": 7.701509952545166}
