{"graph_0": {"_type": "graph-file", "path": "media/graph/graph_0_summary_c6e4c5c4.graph.json", "sha256": "c6e4c5c4e85ecbe8956e5a6eed4efa0297ac381ed59f0177edfce71ed870347c", "size": 700}, "_runtime": 4418.845961809158, "Episode reward": -98.73445843138293, "Value Loss": 0.0002121697907568887, "Policy Loss": 0.0018351997714489698, "_step": 499, "_timestamp": 1585513497.2666914, "Episode length": 999, "gradients/fc.0.bias": {"_type": "histogram", "values": [1.0, 1.0, 0.0, 0.0, 3.0, 0.0, 3.0, 0.0, 0.0, 0.0, 4.0, 4.0, 1.0, 2.0, 0.0, 1.0, 1.0, 1.0, 1.0, 1.0, 1.0, 0.0, 0.0, 1.0, 1.0, 1.0, 0.0, 1.0, 0.0, 1.0, 0.0, 0.0, 0.0, 1.0, 0.0, 0.0, 0.0, 0.0, 0.0, 0.0, 0.0, 0.0, 0.0, 0.0, 0.0, 0.0, 0.0, 0.0, 0.0, 0.0, 0.0, 0.0, 0.0, 0.0, 0.0, 0.0, 0.0, 0.0, 0.0, 0.0, 0.0, 0.0, 0.0, 1.0], "bins": [-0.035781607031822205, -0.033451732248067856, -0.031121859326958656, -0.028791986405849457, -0.026462111622095108, -0.02413223683834076, -0.02180236391723156, -0.01947249099612236, -0.01714261621236801, -0.014812741428613663, -0.012482868507504463, -0.010152995586395264, -0.007823120802640915, -0.005493246018886566, -0.003163374960422516, -0.0008335001766681671, 0.0014963746070861816, 0.0038262493908405304, 0.006156124174594879, 0.00848599523305893, 0.010815870016813278, 0.013145744800567627, 0.015475615859031677, 0.017805490642786026, 0.020135365426540375, 0.022465240210294724, 0.024795114994049072, 0.027124986052513123, 0.029454857110977173, 0.03178473562002182, 0.03411460667848587, 0.03644448518753052, 0.03877435624599457, 0.04110422730445862, 0.043434105813503265, 0.045763976871967316, 0.04809385538101196, 0.05042372643947601, 0.052753597497940063, 0.05508347600698471, 0.05741334706544876, 0.05974321812391281, 0.06207309663295746, 0.06440296769142151, 0.06673283874988556, 0.0690627172589302, 0.07139258831739426, 0.0737224668264389, 0.07605233788490295, 0.078382208943367, 0.08071208745241165, 0.0830419585108757, 0.08537183701992035, 0.0877017080783844, 0.09003157913684845, 0.0923614501953125, 0.09469132125377655, 0.0970212072134018, 0.09935107827186584, 0.1016809493303299, 0.10401082038879395, 0.106340691447258, 0.10867057740688324, 0.11100044846534729, 0.11333031952381134]}, "gradients/fc.0.weight": {"_type": "histogram", "values": [1.0, 0.0, 0.0, 0.0, 0.0, 0.0, 0.0, 0.0, 0.0, 0.0, 0.0, 0.0, 0.0, 0.0, 0.0, 0.0, 0.0, 0.0, 0.0, 0.0, 0.0, 0.0, 0.0, 0.0, 0.0, 0.0, 1.0, 0.0, 0.0, 0.0, 0.0, 0.0, 0.0, 0.0, 0.0, 0.0, 1.0, 0.0, 0.0, 1.0, 0.0, 0.0, 0.0, 1.0, 0.0, 0.0, 2.0, 0.0, 3.0, 0.0, 2.0, 7.0, 24.0, 10.0, 4.0, 3.0, 2.0, 0.0, 1.0, 0.0, 0.0, 0.0, 0.0, 1.0], "bins": [-0.45519837737083435, -0.4465484023094177, -0.4378984570503235, -0.42924851179122925, -0.4205985367298126, -0.411948561668396, -0.40329861640930176, -0.3946486711502075, -0.3859986960887909, -0.37734872102737427, -0.36869877576828003, -0.3600488305091858, -0.35139885544776917, -0.34274888038635254, -0.3340989351272583, -0.32544898986816406, -0.31679901480674744, -0.3081490397453308, -0.2994990944862366, -0.29084914922714233, -0.2821991741657257, -0.2735491991043091, -0.26489925384521484, -0.2562493085861206, -0.24759933352470398, -0.23894937336444855, -0.23029941320419312, -0.22164945304393768, -0.21299949288368225, -0.204349547624588, -0.1956995725631714, -0.18704959750175476, -0.17839965224266052, -0.16974970698356628, -0.16109973192214966, -0.15244975686073303, -0.1437998116016388, -0.13514986634254456, -0.12649989128112793, -0.1178499162197113, -0.10919997096061707, -0.10055002570152283, -0.0919000506401062, -0.08325007557868958, -0.07460013031959534, -0.0659501850605011, -0.05730020999908447, -0.04865023493766785, -0.04000028967857361, -0.03135034441947937, -0.022700369358062744, -0.014050394296646118, -0.00540044903755188, 0.0032494962215423584, 0.011899471282958984, 0.02054944634437561, 0.02919939160346985, 0.03784933686256409, 0.046499282121658325, 0.05514928698539734, 0.06379923224449158, 0.07244917750358582, 0.08109918236732483, 0.08974912762641907, 0.0983990728855133]}, "gradients/fc.1.weight": {"_type": "histogram", "values": [1.0, 0.0, 0.0, 0.0, 0.0, 0.0, 0.0, 0.0, 0.0, 0.0, 0.0, 0.0, 0.0, 0.0, 0.0, 0.0, 0.0, 0.0, 0.0, 0.0, 0.0, 0.0, 0.0, 0.0, 0.0, 0.0, 0.0, 0.0, 0.0, 0.0, 0.0, 0.0, 0.0, 0.0, 0.0, 0.0, 0.0, 0.0, 0.0, 0.0, 0.0, 0.0, 0.0, 1.0, 0.0, 0.0, 0.0, 1.0, 0.0, 0.0, 1.0, 1.0, 478.0, 2.0, 0.0, 0.0, 2.0, 1.0, 2.0, 5.0, 7.0, 5.0, 4.0, 1.0], "bins": [-0.2902105450630188, -0.2846880555152893, -0.2791655659675598, -0.2736430764198303, -0.26812058687210083, -0.26259806752204895, -0.25707557797431946, -0.25155308842658997, -0.24603059887886047, -0.24050810933113098, -0.2349856197834015, -0.229463130235672, -0.2239406406879425, -0.21841813623905182, -0.21289564669132233, -0.20737314224243164, -0.20185065269470215, -0.19632816314697266, -0.19080567359924316, -0.18528318405151367, -0.17976069450378418, -0.1742382049560547, -0.168715700507164, -0.1631932109594345, -0.15767072141170502, -0.15214823186397552, -0.14662572741508484, -0.14110323786735535, -0.13558074831962585, -0.13005825877189636, -0.12453575432300568, -0.11901326477527618, -0.11349077522754669, -0.1079682856798172, -0.10244579613208771, -0.09692329168319702, -0.09140080213546753, -0.08587831258773804, -0.08035582304000854, -0.07483331859111786, -0.06931082904338837, -0.06378833949565887, -0.05826584994792938, -0.05274336040019989, -0.047220855951309204, -0.04169836640357971, -0.03617587685585022, -0.030653387308120728, -0.025130897760391235, -0.019608408212661743, -0.014085918664932251, -0.008563399314880371, -0.003040909767150879, 0.0024815797805786133, 0.008004069328308105, 0.013526558876037598, 0.01904904842376709, 0.024571537971496582, 0.030094027519226074, 0.035616517066955566, 0.041139036417007446, 0.04666152596473694, 0.05218401551246643, 0.05770650506019592, 0.06322899460792542]}, "gradients/fc.2.weight": {"_type": "histogram", "values": [14.0, 1.0, 0.0, 0.0, 0.0, 0.0, 0.0, 0.0, 0.0, 0.0, 0.0, 0.0, 0.0, 0.0, 0.0, 0.0, 0.0, 0.0, 0.0, 0.0, 0.0, 0.0, 0.0, 0.0, 0.0, 0.0, 0.0, 0.0, 0.0, 0.0, 0.0, 0.0, 0.0, 0.0, 0.0, 0.0, 0.0, 0.0, 0.0, 0.0, 0.0, 0.0, 0.0, 0.0, 0.0, 0.0, 0.0, 0.0, 0.0, 0.0, 0.0, 0.0, 0.0, 0.0, 0.0, 0.0, 0.0, 0.0, 0.0, 0.0, 0.0, 0.0, 0.0, 1.0], "bins": [6.962398529052734, 6.96333646774292, 6.964273929595947, 6.965211868286133, 6.96614933013916, 6.967087268829346, 6.968025207519531, 6.968962669372559, 6.969900608062744, 6.97083854675293, 6.971776008605957, 6.972713947296143, 6.973651885986328, 6.9745893478393555, 6.975527286529541, 6.976464748382568, 6.977402687072754, 6.9783406257629395, 6.979278087615967, 6.980216026306152, 6.98115348815918, 6.982091426849365, 6.983029365539551, 6.983966827392578, 6.984904766082764, 6.985842704772949, 6.986780166625977, 6.987718105316162, 6.988656044006348, 6.989593505859375, 6.9905314445495605, 6.991468906402588, 6.992406845092773, 6.993344783782959, 6.994282245635986, 6.995220184326172, 6.996157646179199, 6.997095584869385, 6.99803352355957, 6.998970985412598, 6.999908924102783, 7.000846862792969, 7.001784324645996, 7.002722263336182, 7.003660202026367, 7.0045976638793945, 7.00553560256958, 7.006473064422607, 7.007411003112793, 7.0083489418029785, 7.009286403656006, 7.010224342346191, 7.011161804199219, 7.012099742889404, 7.01303768157959, 7.013975143432617, 7.014913082122803, 7.015851020812988, 7.016788482666016, 7.017726421356201, 7.018664360046387, 7.019601821899414, 7.0205397605896, 7.021477222442627, 7.0224151611328125]}, "gradients/fc.2.bias": {"_type": "histogram", "values": [0.0, 0.0, 0.0, 0.0, 0.0, 0.0, 0.0, 0.0, 0.0, 0.0, 0.0, 0.0, 0.0, 0.0, 0.0, 0.0, 0.0, 0.0, 0.0, 0.0, 0.0, 0.0, 0.0, 0.0, 0.0, 0.0, 0.0, 0.0, 0.0, 0.0, 0.0, 0.0, 1.0, 0.0, 0.0, 0.0, 0.0, 0.0, 0.0, 0.0, 0.0, 0.0, 0.0, 0.0, 0.0, 0.0, 0.0, 0.0, 0.0, 0.0, 0.0, 0.0, 0.0, 0.0, 0.0, 0.0, 0.0, 0.0, 0.0, 0.0, 0.0, 0.0, 0.0, 0.0],