{"graph_0": {"_type": "graph-file", "path": "media/graph/graph_0_summary_e74dbbbd.graph.json", "sha256": "e74dbbbda1bc6d0b10c88c1986700acbdae0a28a389747e601feccd6bb917b2e", "size": 700}, "_runtime": 3030.849334716797, "Value Loss": 11.724879264831543, "Episode length": 728, "_timestamp": 1585572946.693968, "Episode reward": 27.19999999999986, "_step": 499, "Policy Loss": 0.5130408406257629, "gradients/fc.2.weight": {"_type": "histogram", "values": [1.0, 0.0, 0.0, 0.0, 0.0, 0.0, 0.0, 0.0, 0.0, 0.0, 0.0, 0.0, 0.0, 0.0, 0.0, 0.0, 0.0, 0.0, 0.0, 0.0, 0.0, 1.0, 1.0, 0.0, 0.0, 0.0, 0.0, 0.0, 0.0, 0.0, 0.0, 0.0, 0.0, 0.0, 0.0, 1.0, 0.0, 0.0, 0.0, 0.0, 0.0, 0.0, 0.0, 0.0, 0.0, 0.0, 0.0, 0.0, 0.0, 0.0, 0.0, 0.0, 0.0, 0.0, 0.0, 0.0, 0.0, 0.0, 0.0, 2.0, 0.0, 0.0, 0.0, 10.0], "bins": [-49.09820556640625, -48.32679748535156, -47.555389404296875, -46.78398513793945, -46.012577056884766, -45.24116897583008, -44.469764709472656, -43.69835662841797, -42.92694854736328, -42.155540466308594, -41.384132385253906, -40.612728118896484, -39.8413200378418, -39.06991195678711, -38.29850769042969, -37.527099609375, -36.75569152832031, -35.984283447265625, -35.21287536621094, -34.441471099853516, -33.67006301879883, -32.89865493774414, -32.12725067138672, -31.35584259033203, -30.584434509277344, -29.813026428222656, -29.0416202545166, -28.270214080810547, -27.49880599975586, -26.727397918701172, -25.955991744995117, -25.184585571289062, -24.413177490234375, -23.641769409179688, -22.870363235473633, -22.098957061767578, -21.32754898071289, -20.556140899658203, -19.78473472595215, -19.013328552246094, -18.241920471191406, -17.47051239013672, -16.69910430908203, -15.92770004272461, -15.156291961669922, -14.384883880615234, -13.613479614257812, -12.842071533203125, -12.070663452148438, -11.29925537109375, -10.527847290039062, -9.75644302368164, -8.985034942626953, -8.213626861572266, -7.442222595214844, -6.670814514160156, -5.899406433105469, -5.127998352050781, -4.356590270996094, -3.585186004638672, -2.8137779235839844, -2.042369842529297, -1.270965576171875, -0.4995574951171875, 0.2718505859375]}, "gradients/fc.0.weight": {"_type": "histogram", "values": [2.0, 0.0, 1.0, 1.0, 0.0, 0.0, 0.0, 0.0, 0.0, 0.0, 1.0, 1.0, 0.0, 1.0, 1.0, 8.0, 1.0, 5.0, 8.0, 12.0, 4.0, 0.0, 0.0, 0.0, 0.0, 3.0, 4.0, 2.0, 0.0, 0.0, 1.0, 0.0, 0.0, 0.0, 0.0, 0.0, 0.0, 0.0, 0.0, 0.0, 0.0, 0.0, 0.0, 0.0, 0.0, 0.0, 0.0, 0.0, 0.0, 0.0, 2.0, 0.0, 0.0, 1.0, 0.0, 1.0, 1.0, 1.0, 0.0, 0.0, 0.0, 0.0, 0.0, 2.0], "bins": [-1.5404777526855469, -1.4603803157806396, -1.3802828788757324, -1.3001854419708252, -1.220088005065918, -1.1399905681610107, -1.059893250465393, -0.9797958135604858, -0.8996983766555786, -0.8196009397506714, -0.7395035028457642, -0.6594061255455017, -0.5793086886405945, -0.49921131134033203, -0.4191138744354248, -0.3390164375305176, -0.25891900062561035, -0.17882156372070312, -0.0987241268157959, -0.018626689910888672, 0.061470746994018555, 0.14156806468963623, 0.22166550159454346, 0.3017629384994507, 0.3818603754043579, 0.4619576930999756, 0.5420551300048828, 0.62215256690979, 0.7022500038146973, 0.7823474407196045, 0.8624448776245117, 0.942542314529419, 1.0226397514343262, 1.1027371883392334, 1.1828346252441406, 1.2629320621490479, 1.343029499053955, 1.4231269359588623, 1.5032243728637695, 1.5833218097686768, 1.663419246673584, 1.743516445159912, 1.8236138820648193, 1.9037113189697266, 1.9838087558746338, 2.063906192779541, 2.1440036296844482, 2.2241010665893555, 2.3041985034942627, 2.38429594039917, 2.464393138885498, 2.5444908142089844, 2.6245880126953125, 2.704685688018799, 2.784782886505127, 2.8648805618286133, 2.9449777603149414, 3.0250754356384277, 3.105172634124756, 3.185270309448242, 3.2653675079345703, 3.3454651832580566, 3.4255623817443848, 3.505660057067871, 3.585757255554199]}, "gradients/fc.1.bias": {"_type": "histogram", "values": [2.0, 0.0, 0.0, 0.0, 0.0, 0.0, 0.0, 0.0, 0.0, 0.0, 0.0, 0.0, 0.0, 0.0, 0.0, 0.0, 0.0, 0.0, 0.0, 0.0, 1.0, 1.0, 0.0, 0.0, 0.0, 0.0, 0.0, 0.0, 0.0, 0.0, 0.0, 0.0, 0.0, 0.0, 0.0, 0.0, 0.0, 0.0, 10.0, 0.0, 0.0, 0.0, 0.0, 0.0, 0.0, 0.0, 0.0, 0.0, 0.0, 0.0, 0.0, 0.0, 0.0, 0.0, 1.0, 0.0, 0.0, 0.0, 0.0, 0.0, 0.0, 0.0, 0.0, 1.0], "bins": [-0.8710393905639648, -0.8483294248580933, -0.8256194591522217, -0.8029094934463501, -0.7801995277404785, -0.7574895620346069, -0.7347795963287354, -0.7120696306228638, -0.6893596649169922, -0.6666496992111206, -0.643939733505249, -0.6212297677993774, -0.5985198020935059, -0.5758098363876343, -0.5530998706817627, -0.5303899049758911, -0.5076799392700195, -0.48497000336647034, -0.46226003766059875, -0.4395500719547272, -0.4168401062488556, -0.394130140542984, -0.3714201748371124, -0.34871023893356323, -0.32600027322769165, -0.30329030752182007, -0.2805803418159485, -0.2578703761100769, -0.23516041040420532, -0.21245044469833374, -0.18974047899246216, -0.16703051328659058, -0.144320547580719, -0.12161058187484741, -0.09890061616897583, -0.07619065046310425, -0.053480684757232666, -0.030770719051361084, -0.008060753345489502, 0.01464921236038208, 0.03735917806625366, 0.060069143772125244, 0.08277910947799683, 0.10548907518386841, 0.12819904088974, 0.1509089469909668, 0.17361891269683838, 0.19632887840270996, 0.21903884410858154, 0.24174880981445312, 0.2644587755203247, 0.2871687412261963, 0.30987870693206787, 0.33258867263793945, 0.35529863834381104, 0.3780086040496826, 0.4007185697555542, 0.4234285354614258, 0.44613850116729736, 0.46884846687316895, 0.4915584325790405, 0.5142683982849121, 0.5369783639907837, 0.5596883296966553, 0.5823982954025269]}, "gradients/fc.1.weight": {"_type": "histogram", "values": [4.0, 0.0, 0.0, 2.0, 2.0, 4.0, 0.0, 1.0, 3.0, 4.0, 4.0, 0.0, 0.0, 0.0, 0.0, 0.0, 0.0, 0.0, 0.0, 0.0, 2.0, 2.0, 4.0, 4.0, 4.0, 8.0, 0.0, 0.0, 0.0, 2.0, 0.0, 0.0, 2.0, 8.0, 6.0, 18.0, 10.0, 0.0, 326.0, 1.0, 16.0, 19.0, 7.0, 6.0, 7.0, 12.0, 0.0, 0.0, 0.0, 0.0, 5.0, 1.0, 3.0, 1.0, 2.0, 0.0, 0.0, 3.0, 3.0, 0.0, 3.0, 1.0, 0.0, 2.0], "bins": [-4.3625874519348145, -4.248856067657471, -4.135124683380127, -4.021393299102783, -3.9076621532440186, -3.793930768966675, -3.68019962310791, -3.5664682388305664, -3.4527368545532227, -3.339005470275879, -3.225274085998535, -3.1115429401397705, -2.9978115558624268, -2.884080171585083, -2.7703490257263184, -2.6566176414489746, -2.542886257171631, -2.429154872894287, -2.3154234886169434, -2.2016923427581787, -2.087960958480835, -1.9742295742034912, -1.8604984283447266, -1.7467670440673828, -1.633035659790039, -1.5193042755126953, -1.4055728912353516, -1.291841745376587, -1.1781103610992432, -1.0643789768218994, -0.9506478309631348, -0.836916446685791, -0.7231850624084473, -0.6094536781311035, -0.49572229385375977, -0.3819911479949951, -0.26825952529907227, -0.15452861785888672, -0.04079723358154297, 0.07293415069580078, 0.18666553497314453, 0.3003969192504883, 0.41412830352783203, 0.5278596878051758, 0.6415905952453613, 0.7553219795227051, 0.8690533638000488, 0.9827847480773926, 1.0965161323547363, 1.21024751663208, 1.3239789009094238, 1.4377102851867676, 1.5514416694641113, 1.6651725769042969, 1.7789039611816406, 1.8926353454589844, 2.006366729736328, 2.120098114013672, 2.2338294982910156, 2.3475608825683594, 2.461291790008545, 2.5750231742858887, 2.6887545585632324, 2.802485942840576, 2.91621732711792]}, "gradients/fc.2.bias": {"_type": "histogram", "values": [0.0, 0.0, 0.0, 0.0, 0.0, 0.0, 0.0, 0.0, 0.0, 0.0, 0.0, 0.0, 0.0, 0.0, 0.0, 0.0, 0.0, 0.0, 0.0, 0.0, 0.0, 0.0, 0.0, 0.0, 0.0, 0.0, 0.0, 0.0, 0.0, 0.0, 0.0, 0.0, 1.0, 0.0, 0.0, 0.0, 0.0, 0.0, 0.0, 0.0, 0.0, 0.0, 0.0, 0.0, 0.0, 0.0, 0.0, 0.0, 0.0, 0.0, 0.0, 0.0, 0.0, 0.0, 0.0, 0.0, 0.0, 0.0, 0.0, 0.0, 0.0, 0.0, 0.0, 0.0],