{"graph_0": {"_type": "graph-file", "path": "media/graph/graph_0_summary_0cb0f4c7.graph.json", "sha256": "0cb0f4c766556581ed8dc771340ec2273506ea05cfd11a1b43ab10f95f97148c", "size": 700}, "_runtime": 15628.15955042839, "Value Loss": 5.3579879022436216e-05, "Episode length": 999, "_timestamp": 1585585544.0041838, "Episode reward": -99.23620042610426, "_step": 499, "Policy Loss": -0.0012624170631170273, "gradients/fc.2.weight": {"_type": "histogram", "values": [1.0, 0.0, 0.0, 1.0, 1.0, 0.0, 0.0, 0.0, 0.0, 0.0, 2.0, 0.0, 0.0, 0.0, 0.0, 0.0, 0.0, 0.0, 0.0, 1.0, 0.0, 0.0, 0.0, 0.0, 0.0, 0.0, 0.0, 0.0, 0.0, 0.0, 0.0, 0.0, 0.0, 0.0, 0.0, 0.0, 0.0, 0.0, 0.0, 0.0, 0.0, 0.0, 0.0, 1.0, 0.0, 0.0, 0.0, 1.0, 0.0, 0.0, 0.0, 0.0, 0.0, 0.0, 0.0, 0.0, 0.0, 0.0, 0.0, 0.0, 0.0, 0.0, 0.0, 8.0], "bins": [-3.775895595550537, -3.645070791244507, -3.5142462253570557, -3.3834214210510254, -3.252596855163574, -3.121772050857544, -2.9909472465515137, -2.8601226806640625, -2.7292978763580322, -2.598473072052002, -2.467648506164551, -2.3368237018585205, -2.2059988975524902, -2.075174331665039, -1.9443495273590088, -1.813524842262268, -1.6827001571655273, -1.551875352859497, -1.421050786972046, -1.2902259826660156, -1.1594014167785645, -1.0285766124725342, -0.8977518081665039, -0.7669272422790527, -0.6361024379730225, -0.5052776336669922, -0.374453067779541, -0.24362826347351074, -0.11280345916748047, 0.018021106719970703, 0.14884591102600098, 0.27967071533203125, 0.4104952812194824, 0.5413198471069336, 0.672144889831543, 0.8029694557189941, 0.9337940216064453, 1.0646190643310547, 1.1954436302185059, 1.326268196105957, 1.4570927619934082, 1.5879178047180176, 1.7187423706054688, 1.84956693649292, 1.9803919792175293, 2.1112165451049805, 2.2420411109924316, 2.372866153717041, 2.503690719604492, 2.6345152854919434, 2.7653403282165527, 2.896164894104004, 3.026989459991455, 3.1578145027160645, 3.2886390686035156, 3.419463634490967, 3.550288677215576, 3.6811132431030273, 3.8119378089904785, 3.9427623748779297, 4.073587417602539, 4.20441198348999, 4.3352370262146, 4.466061115264893, 4.596886157989502]}, "gradients/fc.0.weight": {"_type": "histogram", "values": [1.0, 0.0, 0.0, 0.0, 0.0, 0.0, 0.0, 0.0, 0.0, 0.0, 0.0, 0.0, 0.0, 0.0, 0.0, 0.0, 1.0, 0.0, 0.0, 0.0, 0.0, 0.0, 0.0, 0.0, 0.0, 0.0, 0.0, 1.0, 0.0, 0.0, 0.0, 0.0, 1.0, 0.0, 2.0, 3.0, 2.0, 5.0, 2.0, 4.0, 4.0, 8.0, 10.0, 6.0, 3.0, 2.0, 1.0, 0.0, 1.0, 1.0, 0.0, 1.0, 1.0, 0.0, 0.0, 0.0, 0.0, 1.0, 1.0, 0.0, 0.0, 0.0, 0.0, 2.0], "bins": [-3.6136600971221924, -3.5266406536102295, -3.4396212100982666, -3.3526015281677246, -3.2655820846557617, -3.178562641143799, -3.091543197631836, -3.004523754119873, -2.917504072189331, -2.830484628677368, -2.7434651851654053, -2.6564455032348633, -2.5694260597229004, -2.4824066162109375, -2.3953871726989746, -2.3083677291870117, -2.221348285675049, -2.134328842163086, -2.047309160232544, -1.960289716720581, -1.8732701539993286, -1.7862507104873657, -1.6992311477661133, -1.6122117042541504, -1.5251922607421875, -1.4381728172302246, -1.3511531352996826, -1.2641336917877197, -1.1771142482757568, -1.090094804763794, -1.003075122833252, -0.9160556793212891, -0.8290362358093262, -0.7420167922973633, -0.6549973487854004, -0.5679776668548584, -0.4809582233428955, -0.3939387798309326, -0.3069193363189697, -0.21989965438842773, -0.13288021087646484, -0.04586076736450195, 0.04115867614746094, 0.12817811965942383, 0.21519780158996582, 0.3022172451019287, 0.3892366886138916, 0.4762561321258545, 0.5632755756378174, 0.6502950191497803, 0.7373144626617432, 0.8243343830108643, 0.9113538265228271, 0.99837327003479, 1.085392713546753, 1.1724121570587158, 1.2594316005706787, 1.3464510440826416, 1.4334704875946045, 1.5204899311065674, 1.6075098514556885, 1.6945292949676514, 1.7815487384796143, 1.8685681819915771, 1.95558762550354]}, "gradients/fc.1.bias": {"_type": "histogram", "values": [8.0, 0.0, 0.0, 0.0, 1.0, 0.0, 0.0, 0.0, 0.0, 0.0, 1.0, 0.0, 0.0, 0.0, 0.0, 1.0, 0.0, 1.0, 0.0, 0.0, 0.0, 0.0, 0.0, 0.0, 0.0, 0.0, 0.0, 0.0, 0.0, 0.0, 0.0, 0.0, 0.0, 0.0, 0.0, 0.0, 1.0, 0.0, 0.0, 0.0, 0.0, 0.0, 1.0, 0.0, 0.0, 1.0, 0.0, 0.0, 0.0, 0.0, 0.0, 0.0, 0.0, 0.0, 0.0, 0.0, 0.0, 0.0, 0.0, 0.0, 0.0, 0.0, 0.0, 1.0], "bins": [0.0005803182139061391, 0.036726225167512894, 0.07287213206291199, 0.10901803523302078, 0.14516393840312958, 0.18130984902381897, 0.21745574474334717, 0.25360167026519775, 0.28974756598472595, 0.32589346170425415, 0.36203938722610474, 0.39818528294563293, 0.43433117866516113, 0.4704771041870117, 0.5066230297088623, 0.5427688956260681, 0.5789148211479187, 0.6150607466697693, 0.6512066125869751, 0.6873525381088257, 0.7234984636306763, 0.7596443295478821, 0.7957902550697327, 0.8319361805915833, 0.8680820465087891, 0.9042279720306396, 0.9403738975524902, 0.9765198230743408, 1.0126657485961914, 1.0488115549087524, 1.084957480430603, 1.1211034059524536, 1.1572493314743042, 1.1933952569961548, 1.2295411825180054, 1.265687108039856, 1.301832914352417, 1.3379788398742676, 1.3741247653961182, 1.4102706909179688, 1.4464166164398193, 1.48256254196167, 1.518708348274231, 1.5548542737960815, 1.5910001993179321, 1.6271461248397827, 1.6632920503616333, 1.6994379758834839, 1.735583782196045, 1.7717297077178955, 1.807875633239746, 1.8440215587615967, 1.8801674842834473, 1.9163134098052979, 1.9524593353271484, 1.9886051416397095, 2.0247511863708496, 2.0608971118927, 2.0970427989959717, 2.1331887245178223, 2.169334650039673, 2.2054805755615234, 2.241626501083374, 2.2777724266052246, 2.313918352127075]}, "gradients/fc.1.weight": {"_type": "histogram", "values": [1.0, 0.0, 0.0, 1.0, 0.0, 0.0, 0.0, 2.0, 2.0, 1.0, 1.0, 4.0, 1.0, 5.0, 2.0, 4.0, 4.0, 4.0, 4.0, 3.0, 7.0, 8.0, 12.0, 14.0, 13.0, 18.0, 256.0, 44.0, 23.0, 13.0, 9.0, 10.0, 7.0, 6.0, 7.0, 3.0, 0.0, 2.0, 2.0, 1.0, 2.0, 0.0, 2.0, 1.0, 2.0, 0.0, 2.0, 2.0, 0.0, 1.0, 1.0, 1.0, 0.0, 1.0, 1.0, 0.0, 0.0, 0.0, 1.0, 0.0, 0.0, 0.0, 0.0, 1.0], "bins": [-1.297247052192688, -1.2488617897033691, -1.2004764080047607, -1.152091145515442, -1.1037057638168335, -1.0553205013275146, -1.0069351196289062, -0.9585498571395874, -0.9101645946502686, -0.8617792129516602, -0.8133939504623413, -0.7650086283683777, -0.7166233062744141, -0.6682379841804504, -0.6198527216911316, -0.571467399597168, -0.5230820775032043, -0.4746967554092407, -0.4263114333152771, -0.37792617082595825, -0.32954084873199463, -0.28115546703338623, -0.23277020454406738, -0.18438494205474854, -0.13599956035614014, -0.08761429786682129, -0.03922891616821289, 0.009156346321105957, 0.057541608810424805, 0.1059269905090332, 0.15431225299835205, 0.20269763469696045, 0.2510828971862793, 0.29946815967559814, 0.34785354137420654, 0.3962388038635254, 0.4446241855621338, 0.49300944805145264, 0.5413947105407715, 0.5897800922393799, 0.6381653547286987, 0.6865507364273071, 0.7349361181259155, 0.7833212614059448, 0.8317066431045532, 0.8800920248031616, 0.9284771680831909, 0.9768625497817993, 1.0252479314804077, 1.073633074760437, 1.1220184564590454, 1.1704038381576538, 1.2187892198562622, 1.2671743631362915, 1.3155597448349, 1.3639451265335083, 1.4123302698135376, 1.460715651512146, 1.5091010332107544, 1.5574861764907837, 1.605871558189392, 1.6542569398880005, 1.7026423215866089, 1.7510274648666382, 1.7994128465652466]}, "gradients/fc.2.bias": {"_type": "histogram", "values": [0.0, 0.0, 0.0, 0.0, 0.0, 0.0, 0.0, 0.0, 0.0, 0.0, 0.0, 0.0, 0.0, 0.0, 0.0, 0.0, 0.0, 0.0, 0.0, 0.0, 0.0, 0.0, 0.0, 0.0, 0.0, 0.0, 0.0, 0.0, 0.0, 0.0, 0.0, 0.0, 1.0, 0.0, 0.0, 0.0, 0.0, 0.0, 0.0, 0.0, 0.0, 0.0, 0.0, 0.0, 0.0, 0.0, 0.0, 0.0, 0.0, 0.0, 0.0, 0.0, 0.0, 0.0, 0.0, 0.0, 0.0, 0.0, 0.0, 0.0, 0.0, 0.0, 0.0, 0.0],