{"graph_0": {"_type": "graph-file", "path": "media/graph/graph_0_summary_cb5cf134.graph.json", "sha256": "cb5cf134714dd8812acf62cfe33c4059433673dec74690ddd46e5850596666c9", "size": 691}, "Loss": -10.108242988586426, "Intrinsic reward": 17.621932983398438, "_timestamp": 1585851192.8039522, "ICM Loss": 0.03527912497520447, "Episode reward": {"_type": "torch.Tensor", "var": 17007.12890625, "mean": -104.56244659423828, "min": -470.3711242675781, "max": 243.75697326660156, "10%": -262.2143585205078, "25%": -185.04180145263672, "75%": -21.274561882019043, "90%": 44.50955696105956, "size": 128}, "Extrinsic reward": -98.31524117629219, "_runtime": 27.307090997695923, "_step": 1}
