{"graph_0": {"_type": "graph-file", "path": "media/graph/graph_0_summary_d5086659.graph.json", "sha256": "d5086659c106a3a948a2ddbd0be6123f230998513b4be34bdb8d70367768f4c1", "size": 691}, "_timestamp": 1585423693.2937078, "Episode reward": -104.41568319565074, "Policy Loss": -0.0693570226430893, "_step": 9, "Episode length": 999, "_runtime": 527.3470788002014, "Value Loss": 1.340155005455017}
