{"graph_0": {"_type": "graph-file", "path": "media/graph/graph_0_summary_ff674559.graph.json", "sha256": "ff67455953af58c1358c7b115033347495ef4148b318a4559b48e0928fcd48e2", "size": 691}, "_timestamp": 1585424155.2907991, "Episode reward": -114.36802990410854, "Policy Loss": -0.22499972581863403, "_step": 9, "Episode length": 999, "_runtime": 989.3441700935364, "Value Loss": 0.2021261751651764}
