{"graph_0": {"_type": "graph-file", "path": "media/graph/graph_0_summary_2eeaf2ed.graph.json", "sha256": "2eeaf2edf815eb34ec8e257fa384d3e555f6a5607cd688d69a4f743a026badff", "size": 700}, "_timestamp": 1585603079.369557, "Episode length": 702, "Episode reward": 29.799999999999713, "Policy Loss": 0.5747218728065491, "_step": 499, "Value Loss": 12.702014923095703, "_runtime": 5709.736687421799, "gradients/fc.2.bias": {"_type": "histogram", "values": [0.0, 0.0, 0.0, 0.0, 0.0, 0.0, 0.0, 0.0, 0.0, 0.0, 0.0, 0.0, 0.0, 0.0, 0.0, 0.0, 0.0, 0.0, 0.0, 0.0, 0.0, 0.0, 0.0, 0.0, 0.0, 0.0, 0.0, 0.0, 0.0, 0.0, 0.0, 0.0, 1.0, 0.0, 0.0, 0.0, 0.0, 0.0, 0.0, 0.0, 0.0, 0.0, 0.0, 0.0, 0.0, 0.0, 0.0, 0.0, 0.0, 0.0, 0.0, 0.0, 0.0, 0.0, 0.0, 0.0, 0.0, 0.0, 0.0, 0.0, 0.0, 0.0, 0.0, 0.0], "bins": [0.3402435779571533, 0.3402435779571533, 0.3402435779571533, 0.3402435779571533, 0.3402435779571533, 0.3402435779571533, 0.3402435779571533, 0.3402435779571533, 0.3402435779571533, 0.3402435779571533, 0.3402435779571533, 0.3402435779571533, 0.3402435779571533, 0.3402435779571533, 0.3402435779571533, 0.3402435779571533, 0.3402435779571533, 0.3402435779571533, 0.3402435779571533, 0.3402435779571533, 0.3402435779571533, 0.3402435779571533, 0.3402435779571533, 0.3402435779571533, 0.3402435779571533, 0.3402435779571533, 0.3402435779571533, 0.3402435779571533, 0.3402435779571533, 0.3402435779571533, 0.3402435779571533, 0.3402435779571533, 0.3402435779571533, 0.3402435779571533, 0.3402435779571533, 0.3402435779571533, 0.3402435779571533, 0.3402435779571533, 0.3402435779571533, 0.3402435779571533, 0.3402435779571533, 0.3402435779571533, 0.3402435779571533, 0.3402435779571533, 0.3402435779571533, 0.3402435779571533, 0.3402435779571533, 0.3402435779571533, 0.3402435779571533, 0.3402435779571533, 0.3402435779571533, 0.3402435779571533, 0.3402435779571533, 0.3402435779571533, 0.3402435779571533, 0.3402435779571533, 0.3402435779571533, 0.3402435779571533, 0.3402435779571533, 0.3402435779571533, 0.3402435779571533, 0.3402435779571533, 0.3402435779571533, 0.3402435779571533, 0.3402435779571533]}, "gradients/fc.2.weight": {"_type": "histogram", "values": [7.0, 0.0, 0.0, 0.0, 0.0, 0.0, 0.0, 0.0, 0.0, 0.0, 0.0, 0.0, 0.0, 0.0, 0.0, 0.0, 0.0, 0.0, 0.0, 0.0, 0.0, 0.0, 0.0, 0.0, 0.0, 0.0, 0.0, 0.0, 0.0, 0.0, 0.0, 0.0, 0.0, 0.0, 0.0, 0.0, 0.0, 0.0, 0.0, 0.0, 0.0, 1.0, 0.0, 0.0, 0.0, 0.0, 0.0, 0.0, 0.0, 0.0, 1.0, 0.0, 1.0, 0.0, 0.0, 1.0, 0.0, 0.0, 0.0, 0.0, 1.0, 1.0, 2.0, 1.0], "bins": [-0.3402436077594757, -0.07744106650352478, 0.18536147475242615, 0.4481640160083771, 0.7109665870666504, 0.9737691879272461, 1.2365716695785522, 1.4993741512298584, 1.762176752090454, 2.02497935295105, 2.2877819538116455, 2.550584316253662, 2.813386917114258, 3.0761895179748535, 3.33899188041687, 3.601794481277466, 3.8645970821380615, 4.127399444580078, 4.390202045440674, 4.6530046463012695, 4.915807247161865, 5.178609371185303, 5.441411972045898, 5.704214572906494, 5.96701717376709, 6.2298197746276855, 6.492622375488281, 6.755424976348877, 7.0182271003723145, 7.28102970123291, 7.543832302093506, 7.80663537979126, 8.069437980651855, 8.332240104675293, 8.595043182373047, 8.857845306396484, 9.120648384094238, 9.383450508117676, 9.64625358581543, 9.909055709838867, 10.171858787536621, 10.434660911560059, 10.697463035583496, 10.96026611328125, 11.223068237304688, 11.485871315002441, 11.748673439025879, 12.011476516723633, 12.27427864074707, 12.537080764770508, 12.799883842468262, 13.0626859664917, 13.325489044189453, 13.58829116821289, 13.851094245910645, 14.113896369934082, 14.37669849395752, 14.639501571655273, 14.902303695678711, 15.165106773376465, 15.427908897399902, 15.69071102142334, 15.95351505279541, 16.21631622314453, 16.47911834716797]}, "gradients/fc.1.bias": {"_type": "histogram", "values": [7.0, 0.0, 0.0, 0.0, 0.0, 0.0, 0.0, 0.0, 0.0, 0.0, 0.0, 0.0, 0.0, 0.0, 0.0, 1.0, 0.0, 0.0, 0.0, 0.0, 0.0, 0.0, 1.0, 0.0, 0.0, 0.0, 0.0, 0.0, 0.0, 1.0, 0.0, 1.0, 0.0, 0.0, 0.0, 0.0, 0.0, 0.0, 0.0, 1.0, 0.0, 0.0, 0.0, 1.0, 0.0, 0.0, 0.0, 0.0, 0.0, 0.0, 0.0, 0.0, 0.0, 0.0, 0.0, 1.0, 0.0, 0.0, 0.0, 1.0, 0.0, 0.0, 0.0, 1.0], "bins": [-7.667152246426667e-09, 0.003748310264199972, 0.0074966284446418285, 0.011244946159422398, 0.014993264339864254, 0.018741581588983536, 0.022489899769425392, 0.02623821794986725, 0.029986536130309105, 0.03373485431075096, 0.03748317062854767, 0.041231490671634674, 0.04497980698943138, 0.04872812703251839, 0.052476443350315094, 0.0562247633934021, 0.05997307971119881, 0.06372139602899551, 0.06746971607208252, 0.07121803611516953, 0.07496634870767593, 0.07871466875076294, 0.08246298879384995, 0.08621130883693695, 0.08995962142944336, 0.09370794147253036, 0.09745626151561737, 0.10120457410812378, 0.10495289415121078, 0.10870121419429779, 0.1124495342373848, 0.1161978468298912, 0.11994616687297821, 0.12369448691606522, 0.12744279205799103, 0.13119111955165863, 0.13493943214416504, 0.13868774473667145, 0.14243607223033905, 0.14618438482284546, 0.14993269741535187, 0.15368102490901947, 0.15742933750152588, 0.1611776500940323, 0.1649259775876999, 0.1686742901802063, 0.1724226176738739, 0.1761709302663803, 0.17991924285888672, 0.18366757035255432, 0.18741588294506073, 0.19116419553756714, 0.19491252303123474, 0.19866083562374115, 0.20240914821624756, 0.20615747570991516, 0.20990578830242157, 0.21365410089492798, 0.21740242838859558, 0.221150740981102, 0.2248990684747696, 0.228647381067276, 0.2323956936597824, 0.23614402115345, 0.23989233374595642]}, "gradients/fc.0.weight": {"_type": "histogram", "values": [1.0, 0.0, 0.0, 0.0, 1.0, 1.0, 1.0, 0.0, 1.0, 0.0, 1.0, 0.0, 1.0, 0.0, 0.0, 0.0, 0.0, 0.0, 0.0, 1.0, 0.0, 0.0, 0.0, 0.0, 0.0, 1.0, 0.0, 2.0, 1.0, 0.0, 0.0, 0.0, 0.0, 0.0, 0.0, 1.0, 1.0, 1.0, 0.0, 0.0, 1.0, 0.0, 1.0, 0.0, 0.0, 3.0, 2.0, 4.0, 11.0, 7.0, 1.0, 4.0, 3.0, 3.0, 3.0, 2.0, 0.0, 1.0, 0.0, 1.0, 0.0, 0.0, 1.0, 1.0], "bins": [-1.9955458641052246, -1.9541995525360107, -1.9128532409667969, -1.8715070486068726, -1.8301607370376587, -1.7888144254684448, -1.7474682331085205, -1.7061219215393066, -1.6647756099700928, -1.623429298400879, -1.582082986831665, -1.5407367944717407, -1.4993904829025269, -1.458044171333313, -1.4166979789733887, -1.3753516674041748, -1.334005355834961, -1.292659044265747, -1.2513127326965332, -1.2099665403366089, -1.168620228767395, -1.1272739171981812, -1.0859277248382568, -1.044581413269043, -1.003235101699829, -0.9618887901306152, -0.9205424785614014, -0.879196286201477, -0.8378499746322632, -0.7965036630630493, -0.755157470703125, -0.7138111591339111, -0.6724648475646973, -0.6311185359954834, -0.5897722244262695, -0.5484260320663452, -0.5070797204971313, -0.4657334089279175, -0.42438721656799316, -0.3830409049987793, -0.34169459342956543, -0.30034828186035156, -0.2590019702911377, -0.21765577793121338, -0.1763094663619995, -0.13496315479278564, -0.09361696243286133, -0.05227065086364746, -0.010924339294433594, 0.030421972274780273, 0.07176828384399414, 0.11311459541320801, 0.15446090698242188, 0.19580698013305664, 0.2371532917022705, 0.2784996032714844, 0.31984591484069824, 0.3611922264099121, 0.402538537979126, 0.44388484954833984, 0.4852309226989746, 0.5265772342681885, 0.5679235458374023, 0.6092698574066162, 0.6506161689758301]}, "gradients/fc.1.weight": {"_type": "histogram", "values": [5.0, 8.0, 11.0, 7.0, 5.0, 5.0, 7.0, 10.0, 5.0, 17.0, 10.0, 10.0, 8.0, 12.0, 5.0, 4.0, 5.0, 225.0, 3.0, 4.0, 2.0, 0.0, 1.0, 0.0, 1.0, 4.0, 4.0, 3.0, 8.0, 4.0, 4.0, 4.0, 5.0, 8.0, 6.0, 3.0, 4.0, 3.0, 10.0, 8.0, 3.0, 4.0, 0.0, 3.0, 2.0, 6.0, 5.0, 2.0, 8.0, 3.0, 4.0, 1.0, 2.0, 2.0, 1.0, 0.0, 5.0, 2.0, 0.0, 4.0, 2.0, 0.0, 4.0, 1.0],