{"graph_0": {"_type": "graph-file", "path": "media/graph/graph_0_summary_fa1d221b.graph.json", "sha256": "fa1d221b7e19052f203ae8431d8b22efd075b6ec9586fa7d5329cfe011989fb5", "size": 691}, "_timestamp": 1585851939.0367014, "Intrinsic reward": 6.1888909339904785, "_runtime": 104.63573122024536, "Extrinsic reward": -96.90744258164283, "Loss": -11.519840240478516, "ICM Loss": 0.012390173971652985, "Episode reward": {"_type": "torch.Tensor", "var": 5739.001953125, "mean": -92.61384582519531, "min": -298.9073181152344, "max": 90.37092590332031, "10%": -191.26421356201172, "25%": -143.12745666503906, "75%": -39.89777660369873, "90%": 1.4682727217673996, "size": 128}, "_step": 13}
