{"graph_0": {"_type": "graph-file", "path": "media/graph/graph_0_summary_12912e83.graph.json", "sha256": "12912e8380cc1ad11c67359f04eed75b667e257f4a6c4e915f879f5aed82acfa", "size": 700}, "Episode length": 999, "Episode reward": -99.8999999999986, "Value Loss": 0.41913163661956787, "Policy Loss": -5.283093452453613, "_step": 37, "_runtime": 67.79661774635315, "_timestamp": 1585509073.280992}
