{"graph_0": {"_type": "graph-file", "path": "media/graph/graph_0_summary_28993d91.graph.json", "sha256": "28993d9126ceedda1d73d62d5be52d9211ae66feab0ad71e275ccf7d495cd12f", "size": 700}, "_timestamp": 1585614475.5253668, "Episode length": 999, "Episode reward": -99.8164270282942, "Policy Loss": -0.7358596920967102, "_step": 499, "Value Loss": 0.010237281210720539, "_runtime": 17105.8924973011, "gradients/fc.2.bias": {"_type": "histogram", "values": [0.0, 0.0, 0.0, 0.0, 0.0, 0.0, 0.0, 0.0, 0.0, 0.0, 0.0, 0.0, 0.0, 0.0, 0.0, 0.0, 0.0, 0.0, 0.0, 0.0, 0.0, 0.0, 0.0, 0.0, 0.0, 0.0, 0.0, 0.0, 0.0, 0.0, 0.0, 0.0, 1.0, 0.0, 0.0, 0.0, 0.0, 0.0, 0.0, 0.0, 0.0, 0.0, 0.0, 0.0, 0.0, 0.0, 0.0, 0.0, 0.0, 0.0, 0.0, 0.0, 0.0, 0.0, 0.0, 0.0, 0.0, 0.0, 0.0, 0.0, 0.0, 0.0, 0.0, 0.0], "bins": [0.00918474793434143, 0.00918474793434143, 0.00918474793434143, 0.00918474793434143, 0.00918474793434143, 0.00918474793434143, 0.00918474793434143, 0.00918474793434143, 0.00918474793434143, 0.00918474793434143, 0.00918474793434143, 0.00918474793434143, 0.00918474793434143, 0.00918474793434143, 0.00918474793434143, 0.00918474793434143, 0.00918474793434143, 0.00918474793434143, 0.00918474793434143, 0.00918474793434143, 0.00918474793434143, 0.00918474793434143, 0.00918474793434143, 0.00918474793434143, 0.00918474793434143, 0.00918474793434143, 0.00918474793434143, 0.00918474793434143, 0.00918474793434143, 0.00918474793434143, 0.00918474793434143, 0.00918474793434143, 0.00918474793434143, 0.00918474793434143, 0.00918474793434143, 0.00918474793434143, 0.00918474793434143, 0.00918474793434143, 0.00918474793434143, 0.00918474793434143, 0.00918474793434143, 0.00918474793434143, 0.00918474793434143, 0.00918474793434143, 0.00918474793434143, 0.00918474793434143, 0.00918474793434143, 0.00918474793434143, 0.00918474793434143, 0.00918474793434143, 0.00918474793434143, 0.00918474793434143, 0.00918474793434143, 0.00918474793434143, 0.00918474793434143, 0.00918474793434143, 0.00918474793434143, 0.00918474793434143, 0.00918474793434143, 0.00918474793434143, 0.00918474793434143, 0.00918474793434143, 0.00918474793434143, 0.00918474793434143, 0.00918474793434143]}, "gradients/fc.2.weight": {"_type": "histogram", "values": [9.0, 0.0, 0.0, 0.0, 1.0, 0.0, 0.0, 0.0, 0.0, 0.0, 0.0, 0.0, 0.0, 0.0, 0.0, 0.0, 0.0, 0.0, 1.0, 0.0, 0.0, 0.0, 0.0, 0.0, 0.0, 0.0, 0.0, 0.0, 0.0, 0.0, 0.0, 0.0, 0.0, 0.0, 0.0, 1.0, 0.0, 1.0, 0.0, 0.0, 0.0, 1.0, 0.0, 0.0, 0.0, 0.0, 0.0, 0.0, 0.0, 0.0, 0.0, 0.0, 0.0, 0.0, 0.0, 0.0, 0.0, 0.0, 0.0, 0.0, 1.0, 0.0, 0.0, 1.0], "bins": [-0.00979168713092804, -0.004902581684291363, -1.3476237654685974e-05, 0.004875629208981991, 0.009764734655618668, 0.01465383917093277, 0.01954294554889202, 0.024432051926851273, 0.029321156442165375, 0.03421026095747948, 0.03909936547279358, 0.04398847371339798, 0.04887757822871208, 0.053766682744026184, 0.058655790984630585, 0.06354489177465439, 0.06843400001525879, 0.07332310825586319, 0.078212209045887, 0.0831013172864914, 0.0879904180765152, 0.0928795263171196, 0.097768634557724, 0.1026577353477478, 0.1075468435883522, 0.1124359518289566, 0.11732505261898041, 0.12221415340900421, 0.1271032691001892, 0.131992369890213, 0.13688147068023682, 0.14177058637142181, 0.14665968716144562, 0.15154878795146942, 0.15643790364265442, 0.16132700443267822, 0.16621610522270203, 0.17110522091388702, 0.17599432170391083, 0.18088342249393463, 0.18577252328395844, 0.19066163897514343, 0.19555073976516724, 0.20043984055519104, 0.20532895624637604, 0.21021805703639984, 0.21510715782642365, 0.21999627351760864, 0.22488537430763245, 0.22977447509765625, 0.23466359078884125, 0.23955269157886505, 0.24444179236888885, 0.24933089315891266, 0.25422000885009766, 0.25910913944244385, 0.26399821043014526, 0.26888734102249146, 0.27377641201019287, 0.27866554260253906, 0.2835546135902405, 0.28844374418258667, 0.29333287477493286, 0.2982219457626343, 0.30311107635498047]}, "gradients/fc.1.bias": {"_type": "histogram", "values": [1.0, 0.0, 0.0, 0.0, 0.0, 0.0, 0.0, 0.0, 0.0, 0.0, 0.0, 0.0, 0.0, 0.0, 0.0, 0.0, 0.0, 0.0, 0.0, 0.0, 0.0, 0.0, 0.0, 0.0, 0.0, 0.0, 0.0, 0.0, 0.0, 0.0, 7.0, 0.0, 1.0, 0.0, 0.0, 0.0, 0.0, 1.0, 0.0, 0.0, 0.0, 0.0, 0.0, 1.0, 0.0, 0.0, 0.0, 0.0, 0.0, 0.0, 0.0, 0.0, 0.0, 0.0, 1.0, 1.0, 1.0, 0.0, 0.0, 0.0, 0.0, 0.0, 1.0, 1.0], "bins": [-0.017215033993124962, -0.016646502539515495, -0.016077972948551178, -0.015509441494941711, -0.01494091097265482, -0.014372380450367928, -0.013803848996758461, -0.013235318474471569, -0.012666787952184677, -0.012098257429897785, -0.011529726907610893, -0.010961195454001427, -0.010392664931714535, -0.009824134409427643, -0.009255602955818176, -0.008687072433531284, -0.008118541911244392, -0.0075500113889575005, -0.0069814808666706085, -0.006412949413061142, -0.00584441889077425, -0.005275888368487358, -0.0047073569148778915, -0.004138826392591, -0.0035702958703041077, -0.0030017653480172157, -0.002433234825730324, -0.0018647033721208572, -0.0012961719185113907, -0.0007276423275470734, -0.0001591108739376068, 0.0004094187170267105, 0.000977950170636177, 0.0015464816242456436, 0.002115011215209961, 0.0026835426688194275, 0.003252072259783745, 0.0038206037133932114, 0.004389135167002678, 0.004957664757966995, 0.005526196211576462, 0.006094727665185928, 0.006663257256150246, 0.007231788709759712, 0.007800320163369179, 0.008368849754333496, 0.008937381207942963, 0.00950591079890728, 0.010074442252516747, 0.010642973706126213, 0.01121150329709053, 0.011780034750699997, 0.012348564341664314, 0.01291709579527378, 0.013485627248883247, 0.014054158702492714, 0.01462269015610218, 0.015191217884421349, 0.015759749338030815, 0.01632828079164028, 0.016896812245249748, 0.017465343698859215, 0.018033871427178383, 0.01860240288078785, 0.019170934334397316]}, "gradients/fc.0.weight": {"_type": "histogram", "values": [1.0, 0.0, 0.0, 0.0, 0.0, 0.0, 0.0, 0.0, 0.0, 0.0, 0.0, 0.0, 1.0, 0.0, 0.0, 0.0, 1.0, 1.0, 3.0, 4.0, 4.0, 3.0, 2.0, 0.0, 3.0, 8.0, 9.0, 5.0, 4.0, 4.0, 0.0, 0.0, 1.0, 0.0, 0.0, 1.0, 0.0, 0.0, 0.0, 0.0, 0.0, 0.0, 0.0, 1.0, 0.0, 0.0, 0.0, 0.0, 0.0, 0.0, 0.0, 0.0, 0.0, 1.0, 1.0, 1.0, 0.0, 0.0, 3.0, 0.0, 1.0, 0.0, 0.0, 1.0], "bins": [-0.10251054167747498, -0.09857810288667679, -0.0946456640958786, -0.09071321785449982, -0.08678077906370163, -0.08284834027290344, -0.07891589403152466, -0.07498345524072647, -0.07105101644992828, -0.0671185776591301, -0.06318613886833191, -0.059253692626953125, -0.05532125383615494, -0.05138881504535675, -0.047456372529268265, -0.04352393001317978, -0.03959149122238159, -0.035659052431583405, -0.03172661364078522, -0.027794167399406433, -0.023861728608608246, -0.01992928981781006, -0.015996843576431274, -0.012064404785633087, -0.0081319659948349, -0.004199527204036713, -0.0002670884132385254, 0.003665357828140259, 0.007597796618938446, 0.011530235409736633, 0.015462681651115417, 0.019395120441913605, 0.023327559232711792, 0.027260005474090576, 0.031192436814308167, 0.03512488305568695, 0.03905731439590454, 0.042989760637283325, 0.04692220687866211, 0.0508546382188797, 0.054787084460258484, 0.05871953070163727, 0.06265196204185486, 0.06658440828323364, 0.07051685452461243, 0.07444928586483002, 0.0783817321062088, 0.08231416344642639, 0.08624660968780518, 0.09017905592918396, 0.09411148726940155, 0.09804393351078033, 0.10197636485099792, 0.10590881109237671, 0.1098412573337555, 0.11377368867397308, 0.11770613491535187, 0.12163858115673065, 0.12557101249694824, 0.12950345873832703, 0.1334359049797058, 0.1373683363199234, 0.14130078256130219, 0.14523321390151978, 0.14916566014289856]}, "gradients/fc.1.weight": {"_type": "histogram", "values": [1.0, 0.0, 0.0, 0.0, 0.0, 0.0, 0.0, 0.0, 0.0, 0.0, 0.0, 0.0, 2.0, 0.0, 0.0, 1.0, 0.0, 0.0, 0.0, 0.0, 2.0, 8.0, 18.0, 22.0, 28.0, 5.0, 11.0, 17.0, 23.0, 14.0, 247.0, 9.0, 7.0, 13.0, 7.0, 11.0, 13.0, 22.0, 4.0, 5.0, 1.0, 0.0, 1.0, 2.0, 2.0, 4.0, 2.0, 1.0, 0.0, 2.0, 2.0, 0.0, 0.0, 0.0, 1.0, 1.0, 1.0, 0.0, 0.0, 0.0, 0.0, 0.0, 1.0, 1.0],