{"graph_0": {"_type": "graph-file", "path": "media/graph/graph_0_summary_84c88193.graph.json", "sha256": "84c88193855f946f9cccd45b3da8463abd0569ffc9c606bed09411ceb1de9586", "size": 700}, "Policy Loss": 36.03498458862305, "Episode length": 999, "_step": 3, "Episode reward": -99.89995385255651, "_timestamp": 1585505706.2871358, "_runtime": 16.635136365890503, "Value Loss": 28419.46875}
