{"graph_0": {"_type": "graph-file", "path": "media/graph/graph_0_summary_15c10519.graph.json", "sha256": "15c10519af88878d04fdaa9714304f688fe0650f0513ece7d23bf4a35298fae2", "size": 700}, "_timestamp": 1585499974.2404554, "Policy Loss": -1.7797024250030518, "_runtime": 159.21946620941162, "Value Loss": 0.15792381763458252, "Episode length": 999, "_step": 93, "Episode reward": -99.90000948625594}
