{"graph_0": {"_type": "graph-file", "path": "media/graph/graph_0_summary_56cbcd33.graph.json", "sha256": "56cbcd33e1433b602624fc8105c0d3293a37646de183bc95bef2f859c8e1098c", "size": 700}, "_timestamp": 1585505282.761651, "Episode reward": -99.89988720245135, "Value Loss": 1548.5572509765625, "_step": 3, "Episode length": 999, "Policy Loss": 1.9102469682693481, "_runtime": 20.83223795890808}
