{"graph_0": {"_type": "graph-file", "path": "media/graph/graph_0_summary_098d5ab9.graph.json", "sha256": "098d5ab952588df47e22995838b1fe7b95376eb2d1bbeea6b9e3b1b83c2564e8", "size": 700}, "Value Loss": 8105.2939453125, "Episode length": 999, "_runtime": 36.364898443222046, "_step": 14, "Episode reward": -99.89997401106142, "_timestamp": 1585506874.230009, "Policy Loss": 38.634944915771484}
