{"graph_0": {"_type": "graph-file", "path": "media/graph/graph_0_summary_09bb8366.graph.json", "sha256": "09bb83662bb47ceea6e51d9ebe6d4e2ec41b19f2ff91ea8ff7076b7db93c95e9", "size": 700}, "Value Loss": 10.911463737487793, "Episode length": 919, "_timestamp": 1585498949.0238452, "_step": 0, "Policy Loss": 0.015363717451691628, "_runtime": 17.291742086410522, "Episode reward": 56.574334608062436}
