{"graph_0": {"_type": "graph-file", "path": "media/graph/graph_0_summary_642e278a.graph.json", "sha256": "642e278abca73552c4333cfd0ab679a7ab7f73b2004900c24248321438367451", "size": 700}, "Policy Loss": 62.74764633178711, "_timestamp": 1585506295.729558, "Value Loss": 8598.666015625, "_step": 33, "Episode length": 999, "Episode reward": -99.90002845382261, "_runtime": 59.128998041152954}
