{"graph_0": {"_type": "graph-file", "path": "media/graph/graph_0_summary_5a53a315.graph.json", "sha256": "5a53a3159e50006182a2ecd6549286e0b9e7896e4f845b18200a1c4c42116fab", "size": 700}, "_runtime": 4587.808057308197, "Value Loss": 0.008647209033370018, "Episode length": 999, "_timestamp": 1585574503.6526906, "Episode reward": -99.8999999999986, "_step": 499, "Policy Loss": -0.6434062123298645, "gradients/fc.2.weight": {"_type": "histogram", "values": [2.0, 1.0, 1.0, 0.0, 0.0, 0.0, 0.0, 0.0, 0.0, 1.0, 0.0, 0.0, 0.0, 0.0, 0.0, 0.0, 0.0, 0.0, 0.0, 0.0, 0.0, 0.0, 0.0, 0.0, 0.0, 0.0, 0.0, 0.0, 0.0, 0.0, 0.0, 0.0, 0.0, 0.0, 0.0, 0.0, 1.0, 2.0, 0.0, 0.0, 0.0, 0.0, 0.0, 1.0, 1.0, 1.0, 3.0, 0.0, 0.0, 0.0, 0.0, 0.0, 0.0, 0.0, 0.0, 0.0, 0.0, 0.0, 0.0, 0.0, 1.0, 0.0, 0.0, 1.0], "bins": [-0.2297152727842331, -0.22315913438796997, -0.21660299599170685, -0.21004685759544373, -0.2034907191991806, -0.19693458080291748, -0.19037844240665436, -0.18382230401039124, -0.1772661656141281, -0.170710027217865, -0.16415387392044067, -0.15759775042533875, -0.15104159712791443, -0.1444854736328125, -0.13792932033538818, -0.13137319684028625, -0.12481705099344254, -0.11826091259717941, -0.11170477420091629, -0.10514863580465317, -0.09859248995780945, -0.09203635156154633, -0.0854802131652832, -0.07892407476902008, -0.07236793637275696, -0.06581179797649384, -0.05925565958023071, -0.05269952118396759, -0.04614338278770447, -0.039587244391441345, -0.03303110599517822, -0.0264749675989151, -0.019918829202651978, -0.013362690806388855, -0.006806552410125732, -0.00025041401386260986, 0.006305724382400513, 0.012861862778663635, 0.019418001174926758, 0.02597413957118988, 0.0325302928686142, 0.039086416363716125, 0.04564256966114044, 0.05219869315624237, 0.05875484645366669, 0.06531096994876862, 0.07186712324619293, 0.07842324674129486, 0.08497940003871918, 0.0915355235338211, 0.09809167683124542, 0.10464780032634735, 0.11120395362377167, 0.1177600771188736, 0.12431623041629791, 0.13087235391139984, 0.13742850720882416, 0.1439846307039261, 0.1505407840013504, 0.15709690749645233, 0.16365306079387665, 0.17020918428897858, 0.1767653375864029, 0.18332146108150482, 0.18987761437892914]}, "gradients/fc.0.weight": {"_type": "histogram", "values": [3.0, 0.0, 2.0, 0.0, 2.0, 2.0, 1.0, 8.0, 5.0, 4.0, 3.0, 2.0, 9.0, 4.0, 0.0, 0.0, 2.0, 1.0, 4.0, 3.0, 0.0, 0.0, 0.0, 0.0, 0.0, 1.0, 0.0, 1.0, 0.0, 1.0, 1.0, 2.0, 0.0, 0.0, 0.0, 0.0, 0.0, 0.0, 0.0, 0.0, 0.0, 0.0, 0.0, 0.0, 0.0, 0.0, 0.0, 0.0, 0.0, 0.0, 0.0, 0.0, 0.0, 1.0, 0.0, 0.0, 1.0, 0.0, 0.0, 0.0, 0.0, 0.0, 0.0, 1.0], "bins": [-0.01946852169930935, -0.0179262887686491, -0.016384055837988853, -0.01484182383865118, -0.013299590907990932, -0.011757357977330685, -0.010215125977993011, -0.008672893047332764, -0.007130660116672516, -0.005588427186012268, -0.00404619425535202, -0.0025039613246917725, -0.0009617302566766739, 0.0005805026739835739, 0.0021227356046438217, 0.0036649685353040695, 0.005207201465964317, 0.006749434396624565, 0.008291667327284813, 0.00983390025794506, 0.011376133188605309, 0.012918366119265556, 0.014460599049925804, 0.016002831980586052, 0.017545061185956, 0.01908729411661625, 0.020629527047276497, 0.022171759977936745, 0.023713992908596992, 0.02525622583925724, 0.026798458769917488, 0.028340691700577736, 0.029882924631237984, 0.03142515569925308, 0.03296738862991333, 0.03450962156057358, 0.036051854491233826, 0.037594087421894073, 0.03913632035255432, 0.04067855328321457, 0.04222078621387482, 0.043763019144535065, 0.04530525207519531, 0.04684748500585556, 0.04838971793651581, 0.049931950867176056, 0.051474183797836304, 0.05301641672849655, 0.0545586422085762, 0.05610087513923645, 0.0576431080698967, 0.059185341000556946, 0.060727573931217194, 0.06226980686187744, 0.06381203979253769, 0.06535427272319794, 0.06689650565385818, 0.06843873858451843, 0.06998097151517868, 0.07152320444583893, 0.07306543737649918, 0.07460767030715942, 0.07614990323781967, 0.07769213616847992, 0.07923436909914017]}, "gradients/fc.1.bias": {"_type": "histogram", "values": [1.0, 0.0, 0.0, 0.0, 0.0, 0.0, 0.0, 0.0, 0.0, 0.0, 1.0, 0.0, 0.0, 0.0, 0.0, 0.0, 1.0, 0.0, 0.0, 0.0, 1.0, 0.0, 1.0, 1.0, 1.0, 0.0, 0.0, 0.0, 0.0, 0.0, 0.0, 0.0, 0.0, 0.0, 0.0, 0.0, 1.0, 1.0, 0.0, 0.0, 1.0, 1.0, 0.0, 0.0, 0.0, 0.0, 0.0, 0.0, 0.0, 1.0, 1.0, 1.0, 0.0, 0.0, 0.0, 0.0, 0.0, 0.0, 0.0, 0.0, 0.0, 0.0, 0.0, 2.0], "bins": [-0.0019892039708793163, -0.001923907082527876, -0.0018586101941764355, -0.001793313305824995, -0.0017280164174735546, -0.0016627195291221142, -0.0015974226407706738, -0.0015321257524192333, -0.001466828864067793, -0.0014015319757163525, -0.001336235087364912, -0.0012709381990134716, -0.0012056413106620312, -0.0011403444223105907, -0.0010750475339591503, -0.0010097506456077099, -0.0009444537572562695, -0.000879156868904829, -0.0008138599805533886, -0.0007485630922019482, -0.0006832662038505077, -0.0006179693154990673, -0.0005526724271476269, -0.00048737553879618645, -0.000422078650444746, -0.0003567817620933056, -0.00029148487374186516, -0.00022618798539042473, -0.0001608910970389843, -9.559420868754387e-05, -3.029732033610344e-05, 3.499956801533699e-05, 0.00010029645636677742, 0.00016559334471821785, 0.00023089023306965828, 0.0002961871214210987, 0.00036148400977253914, 0.00042678089812397957, 0.00049207778647542, 0.0005573746748268604, 0.0006226715631783009, 0.0006879684515297413, 0.0007532653398811817, 0.0008185622282326221, 0.0008838591165840626, 0.000949156004935503, 0.0010144528932869434, 0.0010797497816383839, 0.0011450466699898243, 0.0012103435583412647, 0.0012756404466927052, 0.0013409373350441456, 0.001406234223395586, 0.0014715311117470264, 0.0015368280000984669, 0.0016021248884499073, 0.0016674217768013477, 0.0017327186651527882, 0.0017980155535042286, 0.001863312441855669, 0.0019286093302071095, 0.00199390621855855, 0.0020592031069099903, 0.0021244999952614307, 0.002189796883612871]}, "gradients/fc.1.weight": {"_type": "histogram", "values": [1.0, 1.0, 0.0, 2.0, 6.0, 4.0, 5.0, 3.0, 1.0, 4.0, 4.0, 3.0, 0.0, 4.0, 3.0, 3.0, 2.0, 1.0, 2.0, 2.0, 5.0, 1.0, 4.0, 7.0, 8.0, 4.0, 7.0, 21.0, 18.0, 24.0, 44.0, 52.0, 65.0, 48.0, 49.0, 22.0, 26.0, 13.0, 18.0, 2.0, 3.0, 1.0, 1.0, 2.0, 1.0, 0.0, 0.0, 0.0, 0.0, 0.0, 2.0, 1.0, 0.0, 2.0, 1.0, 3.0, 1.0, 1.0, 0.0, 0.0, 0.0, 0.0, 2.0, 2.0], "bins": [-0.0173611119389534, -0.01680082641541958, -0.016240540891885757, -0.015680255368351936, -0.01511997077614069, -0.014559685252606869, -0.013999400660395622, -0.013439115136861801, -0.01287882961332798, -0.012318544089794159, -0.011758258566260338, -0.011197973974049091, -0.01063768845051527, -0.010077402926981449, -0.009517118334770203, -0.008956832811236382, -0.00839654728770256, -0.00783626176416874, -0.007275976240634918, -0.006715691648423672, -0.006155406124889851, -0.0055951206013560295, -0.005034836009144783, -0.004474550485610962, -0.003914264962077141, -0.0033539794385433197, -0.0027936939150094986, -0.002233409322798252, -0.0016731247305870056, -0.0011128392070531845, -0.0005525536835193634, 7.731840014457703e-06, 0.0005680173635482788, 0.0011283028870821, 0.001688588410615921, 0.002248873934149742, 0.0028091594576835632, 0.003369443118572235, 0.003929728642106056, 0.004490014165639877, 0.005050299689173698, 0.0056105852127075195, 0.006170870736241341, 0.006731156259775162, 0.007291439920663834, 0.007851725444197655, 0.008412010967731476, 0.008972296491265297, 0.009532582014799118, 0.01009286753833294, 0.01065315306186676, 0.011213438585400581, 0.011773724108934402, 0.012334007769823074, 0.012894293293356895, 0.013454578816890717, 0.014014862477779388, 0.014575149863958359, 0.01513543352484703, 0.015695720911026, 0.016256004571914673, 0.016816291958093643, 0.017376575618982315, 0.017936863005161285, 0.018497146666049957]}, "gradients/fc.2.bias": {"_type": "histogram",