{"graph_0": {"_type": "graph-file", "path": "media/graph/graph_0_summary_90a182bd.graph.json", "sha256": "90a182bd5bf308cc0a777afd34e57226934ffb660e1db75ffe564249c052f094", "size": 691}, "Episode length": 999, "_step": 99, "_timestamp": 1585421356.4254758, "Episode reward": -96.55595540999812, "Policy Loss": -0.1357099562883377, "Value Loss": 0.026774317026138306, "_runtime": 181.57988357543945, "gradients/fc.1.weight": {"_type": "histogram", "values": [1.0, 2.0, 0.0, 0.0, 0.0, 0.0, 1.0, 0.0, 0.0, 0.0, 0.0, 1.0, 0.0, 1.0, 0.0, 1.0, 2.0, 5.0, 9.0, 4.0, 9.0, 4.0, 6.0, 12.0, 12.0, 14.0, 9.0, 8.0, 13.0, 19.0, 18.0, 37.0, 49.0, 34.0, 36.0, 39.0, 17.0, 27.0, 30.0, 10.0, 10.0, 18.0, 6.0, 6.0, 2.0, 3.0, 6.0, 3.0, 3.0, 6.0, 4.0, 3.0, 1.0, 3.0, 1.0, 0.0, 0.0, 2.0, 1.0, 1.0, 0.0, 0.0, 2.0, 1.0], "bins": [-3.4123740196228027, -3.310788631439209, -3.2092034816741943, -3.1076180934906006, -3.006032943725586, -2.904447555541992, -2.8028621673583984, -2.7012767791748047, -2.59969162940979, -2.4981064796447754, -2.3965210914611816, -2.294935703277588, -2.193350315093994, -2.0917651653289795, -1.9901797771453857, -1.8885945081710815, -1.7870092391967773, -1.6854239702224731, -1.583838701248169, -1.4822533130645752, -1.3806681632995605, -1.2790827751159668, -1.177497386932373, -1.0759122371673584, -0.9743268489837646, -0.8727414608001709, -0.7711563110351562, -0.6695709228515625, -0.5679855346679688, -0.4664003849029541, -0.36481499671936035, -0.2632298469543457, -0.16164445877075195, -0.0600590705871582, 0.041526079177856445, 0.1431114673614502, 0.24469661712646484, 0.3462820053100586, 0.44786739349365234, 0.549452543258667, 0.6510376930236816, 0.7526230812072754, 0.8542084693908691, 0.9557938575744629, 1.0573792457580566, 1.1589646339416504, 1.260549545288086, 1.3621349334716797, 1.4637203216552734, 1.5653057098388672, 1.666891098022461, 1.7684760093688965, 1.8700613975524902, 1.971646785736084, 2.0732321739196777, 2.1748175621032715, 2.2764029502868652, 2.377987861633301, 2.4795732498168945, 2.5811586380004883, 2.682744026184082, 2.784329414367676, 2.8859143257141113, 2.987499713897705, 3.089085102081299]}, "gradients/fc.0.bias": {"_type": "histogram", "values": [2.0, 0.0, 0.0, 0.0, 0.0, 2.0, 1.0, 0.0, 0.0, 0.0, 1.0, 1.0, 0.0, 1.0, 1.0, 1.0, 0.0, 0.0, 0.0, 3.0, 1.0, 1.0, 0.0, 0.0, 1.0, 1.0, 1.0, 2.0, 0.0, 0.0, 0.0, 0.0, 0.0, 0.0, 1.0, 0.0, 1.0, 0.0, 0.0, 1.0, 0.0, 0.0, 0.0, 0.0, 1.0, 1.0, 0.0, 0.0, 0.0, 1.0, 1.0, 0.0, 0.0, 0.0, 1.0, 2.0, 0.0, 0.0, 0.0, 0.0, 0.0, 0.0, 0.0, 2.0], "bins": [-1.703404426574707, -1.6316527128219604, -1.5599009990692139, -1.4881492853164673, -1.4163975715637207, -1.3446459770202637, -1.272894263267517, -1.2011425495147705, -1.129390835762024, -1.0576391220092773, -0.9858874082565308, -0.914135754108429, -0.8423840403556824, -0.7706323266029358, -0.698880672454834, -0.6271289587020874, -0.5553772449493408, -0.48362553119659424, -0.41187381744384766, -0.3401221036911011, -0.2683703899383545, -0.19661879539489746, -0.12486708164215088, -0.0531153678894043, 0.018636345863342285, 0.09038805961608887, 0.16213977336883545, 0.23389148712158203, 0.30564308166503906, 0.3773949146270752, 0.4491465091705322, 0.5208983421325684, 0.5926499366760254, 0.6644015312194824, 0.7361533641815186, 0.8079049587249756, 0.8796567916870117, 0.9514083862304688, 1.0231602191925049, 1.094911813735962, 1.166663646697998, 1.238415241241455, 1.310166835784912, 1.3819186687469482, 1.4536702632904053, 1.5254220962524414, 1.5971736907958984, 1.6689255237579346, 1.7406771183013916, 1.8124287128448486, 1.8841805458068848, 1.9559321403503418, 2.027683973312378, 2.099435567855835, 2.171187400817871, 2.242938995361328, 2.314690589904785, 2.386442184448242, 2.4581942558288574, 2.5299458503723145, 2.6016974449157715, 2.6734490394592285, 2.7452011108398438, 2.816952705383301, 2.888704299926758]}, "gradients/fc.0.weight": {"_type": "histogram", "values": [2.0, 0.0, 0.0, 0.0, 0.0, 0.0, 0.0, 0.0, 2.0, 0.0, 1.0, 0.0, 0.0, 0.0, 2.0, 0.0, 0.0, 0.0, 1.0, 1.0, 0.0, 0.0, 0.0, 0.0, 1.0, 0.0, 0.0, 1.0, 0.0, 1.0, 0.0, 0.0, 0.0, 0.0, 0.0, 0.0, 2.0, 1.0, 1.0, 1.0, 32.0, 0.0, 1.0, 1.0, 3.0, 0.0, 0.0, 0.0, 1.0, 1.0, 1.0, 0.0, 1.0, 1.0, 0.0, 0.0, 0.0, 1.0, 2.0, 0.0, 0.0, 0.0, 0.0, 2.0], "bins": [-1.3161332607269287, -1.2834646701812744, -1.2507959604263306, -1.2181272506713867, -1.1854586601257324, -1.1527900695800781, -1.1201213598251343, -1.0874526500701904, -1.0547840595245361, -1.0221154689788818, -0.989446759223938, -0.9567781090736389, -0.9241094589233398, -0.8914408087730408, -0.8587721586227417, -0.8261035084724426, -0.7934348583221436, -0.7607662081718445, -0.7280975580215454, -0.6954289078712463, -0.6627602577209473, -0.6300916075706482, -0.5974229574203491, -0.56475430727005, -0.532085657119751, -0.4994170069694519, -0.46674835681915283, -0.43407970666885376, -0.4014110565185547, -0.3687424063682556, -0.33607375621795654, -0.3034050464630127, -0.2707364559173584, -0.2380678653717041, -0.20539915561676025, -0.1727304458618164, -0.1400618553161621, -0.10739326477050781, -0.07472455501556396, -0.04205584526062012, -0.00938725471496582, 0.023281335830688477, 0.055950045585632324, 0.08861875534057617, 0.12128734588623047, 0.15395593643188477, 0.1866246461868286, 0.21929335594177246, 0.25196194648742676, 0.28463053703308105, 0.3172992467880249, 0.34996795654296875, 0.38263654708862305, 0.41530513763427734, 0.4479738473892212, 0.48064255714416504, 0.5133111476898193, 0.5459797382354736, 0.5786484479904175, 0.6113171577453613, 0.6439857482910156, 0.6766543388366699, 0.7093231678009033, 0.7419917583465576, 0.7746603488922119]}, "gradients/fc.1.bias": {"_type": "histogram", "values": [1.0, 0.0, 0.0, 0.0, 0.0, 0.0, 0.0, 0.0, 0.0, 0.0, 0.0, 0.0, 0.0, 0.0, 0.0, 0.0, 0.0, 2.0, 0.0, 0.0, 0.0, 0.0, 0.0, 2.0, 0.0, 1.0, 0.0, 0.0, 0.0, 1.0, 0.0, 0.0, 1.0, 0.0, 0.0, 1.0, 0.0, 2.0, 1.0, 0.0, 0.0, 0.0, 1.0, 0.0, 0.0, 0.0, 0.0, 0.0, 0.0, 0.0, 0.0, 0.0, 0.0, 1.0, 0.0, 0.0, 0.0, 0.0, 0.0, 1.0, 0.0, 0.0, 0.0, 1.0], "bins": [-4.168785572052002, -4.044682025909424, -3.9205784797668457, -3.7964749336242676, -3.6723713874816895, -3.5482678413391113, -3.4241645336151123, -3.300060987472534, -3.175957441329956, -3.051853895187378, -2.9277503490448, -2.803647041320801, -2.6795434951782227, -2.5554399490356445, -2.4313364028930664, -2.3072328567504883, -2.18312931060791, -2.059025764465332, -1.934922218322754, -1.8108186721801758, -1.6867151260375977, -1.5626118183135986, -1.4385082721710205, -1.3144047260284424, -1.1903011798858643, -1.0661976337432861, -0.942094087600708, -0.8179905414581299, -0.6938872337341309, -0.5697836875915527, -0.4456801414489746, -0.3215765953063965, -0.19747304916381836, -0.07336950302124023, 0.05073404312133789, 0.17483758926391602, 0.29894113540649414, 0.42304468154907227, 0.5471482276916504, 0.6712517738342285, 0.7953553199768066, 0.9194583892822266, 1.0435619354248047, 1.1676654815673828, 1.291769027709961, 1.415872573852539, 1.5399761199951172, 1.6640796661376953, 1.7881832122802734, 1.9122867584228516, 2.0363903045654297, 2.160493850708008, 2.284597396850586, 2.408700942993164, 2.532804489135742, 2.6569080352783203, 2.7810111045837402, 2.9051146507263184, 3.0292181968688965, 3.1533217430114746, 3.2774252891540527, 3.401528835296631, 3.525632381439209, 3.649735927581787, 3.7738394737243652]}, "gradients/fc.2.bias": {"_type": "histogram", "values": [0.0, 0.0, 0.0, 0.0, 0.0, 0.0, 0.0, 0.0, 0.0, 0.0, 0.0, 0.0, 0.0, 0.0, 0.0, 0.0, 0.0, 0.0, 0.0, 0.0, 0.0, 0.0, 0.0, 0.0, 0.0, 0.0, 0.0, 0.0, 0.0, 0.0, 0.0, 0.0, 1.0, 0.0, 0.0, 0.0, 0.0, 0.0, 0.0, 0.0, 0.0, 0.0, 0.0, 0.0, 0.0, 0.0, 0.0, 0.0, 0.0, 0.0, 0.0, 0.0, 0.0, 0.0, 0.0, 0.0, 0.0, 0.0, 0.0, 0.0, 0.0, 0.0, 0.0, 0.0],