{"graph_0": {"_type": "graph-file", "path": "media/graph/graph_0_summary_8ba7007c.graph.json", "sha256": "8ba7007c72820fae5f048f1e3ccbcc8ef9cfaa4e6b79787456dfe648c1072c94", "size": 700}, "_runtime": 2338.590448617935, "Value Loss": 0.06082063540816307, "Episode length": 999, "_timestamp": 1585572254.435082, "Episode reward": -99.8999999999986, "_step": 499, "Policy Loss": -0.6745865941047668, "gradients/fc.2.weight": {"_type": "histogram", "values": [1.0, 1.0, 0.0, 0.0, 0.0, 0.0, 0.0, 0.0, 0.0, 0.0, 1.0, 0.0, 0.0, 0.0, 0.0, 0.0, 2.0, 0.0, 1.0, 0.0, 0.0, 0.0, 0.0, 0.0, 0.0, 0.0, 0.0, 0.0, 0.0, 0.0, 0.0, 0.0, 0.0, 0.0, 0.0, 0.0, 0.0, 0.0, 0.0, 0.0, 0.0, 0.0, 0.0, 0.0, 0.0, 0.0, 0.0, 0.0, 0.0, 0.0, 0.0, 0.0, 0.0, 0.0, 0.0, 0.0, 0.0, 0.0, 1.0, 0.0, 0.0, 0.0, 0.0, 9.0], "bins": [-1.0481972694396973, -1.0317249298095703, -1.0152525901794434, -0.9987802505493164, -0.9823079705238342, -0.9658356308937073, -0.9493632912635803, -0.9328909516334534, -0.9164186120033264, -0.8999463319778442, -0.8834739923477173, -0.8670016527175903, -0.8505293130874634, -0.8340569734573364, -0.8175846338272095, -0.8011122941970825, -0.7846399545669556, -0.7681676149368286, -0.7516953349113464, -0.7352229952812195, -0.7187506556510925, -0.7022783756256104, -0.6858060359954834, -0.6693336963653564, -0.6528613567352295, -0.6363890171051025, -0.6199166774749756, -0.6034443378448486, -0.5869719982147217, -0.5704996585845947, -0.5540273189544678, -0.5375550389289856, -0.5210826992988586, -0.5046103596687317, -0.48813802003860474, -0.4716656804084778, -0.4551934003829956, -0.43872106075286865, -0.4222487211227417, -0.40577638149261475, -0.3893040418624878, -0.37283170223236084, -0.35635942220687866, -0.3398870825767517, -0.32341474294662476, -0.3069424033164978, -0.29047006368637085, -0.2739977240562439, -0.2575254440307617, -0.24105310440063477, -0.2245807647705078, -0.20810842514038086, -0.1916360855102539, -0.17516374588012695, -0.15869140625, -0.14221912622451782, -0.12574678659439087, -0.10927444696426392, -0.09280210733413696, -0.07632976770401001, -0.05985742807388306, -0.04338514804840088, -0.026912808418273926, -0.010440468788146973, 0.0060318708419799805]}, "gradients/fc.0.weight": {"_type": "histogram", "values": [2.0, 0.0, 2.0, 2.0, 5.0, 9.0, 4.0, 0.0, 1.0, 11.0, 7.0, 2.0, 0.0, 1.0, 0.0, 0.0, 1.0, 3.0, 0.0, 3.0, 0.0, 1.0, 1.0, 0.0, 0.0, 0.0, 0.0, 0.0, 0.0, 0.0, 0.0, 0.0, 0.0, 0.0, 0.0, 0.0, 0.0, 0.0, 0.0, 0.0, 0.0, 1.0, 0.0, 1.0, 0.0, 1.0, 1.0, 0.0, 0.0, 0.0, 0.0, 2.0, 1.0, 0.0, 0.0, 0.0, 0.0, 0.0, 0.0, 0.0, 0.0, 1.0, 0.0, 1.0], "bins": [-0.031207412481307983, -0.027602870017290115, -0.023998325690627098, -0.02039378136396408, -0.016789238899946213, -0.013184696435928345, -0.009580152109265327, -0.00597560778260231, -0.002371065318584442, 0.001233477145433426, 0.004838019609451294, 0.00844256579875946, 0.012047108262777328, 0.015651650726795197, 0.019256196916103363, 0.02286073938012123, 0.0264652818441391, 0.030069824308156967, 0.033674366772174835, 0.037278912961483, 0.04088345170021057, 0.04448799788951874, 0.048092544078826904, 0.051697082817554474, 0.05530162900686264, 0.05890617519617081, 0.06251071393489838, 0.06611526012420654, 0.06971980631351471, 0.07332434505224228, 0.07692889124155045, 0.08053342998027802, 0.08413797616958618, 0.08774252235889435, 0.09134706109762192, 0.09495159983634949, 0.09855614602565765, 0.10216069221496582, 0.10576523840427399, 0.10936978459358215, 0.11297431588172913, 0.11657886207103729, 0.12018340826034546, 0.12378795444965363, 0.1273925006389618, 0.13099704682826996, 0.13460157811641693, 0.1382061243057251, 0.14181067049503326, 0.14541521668434143, 0.1490197628736496, 0.15262429416179657, 0.15622884035110474, 0.1598333865404129, 0.16343793272972107, 0.16704247891902924, 0.1706470251083374, 0.17425155639648438, 0.17785610258579254, 0.1814606487751007, 0.18506519496440887, 0.18866974115371704, 0.192274272441864, 0.19587881863117218, 0.19948336482048035]}, "gradients/fc.1.bias": {"_type": "histogram", "values": [2.0, 0.0, 0.0, 1.0, 0.0, 2.0, 0.0, 0.0, 0.0, 1.0, 0.0, 0.0, 0.0, 0.0, 0.0, 0.0, 0.0, 0.0, 0.0, 0.0, 0.0, 0.0, 0.0, 0.0, 0.0, 0.0, 0.0, 0.0, 0.0, 0.0, 0.0, 0.0, 0.0, 0.0, 0.0, 0.0, 0.0, 0.0, 0.0, 0.0, 0.0, 0.0, 0.0, 0.0, 0.0, 0.0, 0.0, 0.0, 0.0, 0.0, 0.0, 0.0, 0.0, 0.0, 0.0, 0.0, 0.0, 1.0, 0.0, 0.0, 0.0, 0.0, 0.0, 9.0], "bins": [-0.019893158227205276, -0.019582320004701614, -0.019271479919552803, -0.01896064169704914, -0.01864980161190033, -0.018338963389396667, -0.018028125166893005, -0.017717285081744194, -0.017406446859240532, -0.01709560677409172, -0.01678476855158806, -0.016473930329084396, -0.016163090243935585, -0.015852252021431923, -0.015541411936283112, -0.01523057371377945, -0.014919734559953213, -0.014608895406126976, -0.014298057183623314, -0.013987217098474503, -0.01367637887597084, -0.013365539722144604, -0.013054700568318367, -0.012743862345814705, -0.012433022260665894, -0.012122184038162231, -0.011811344884335995, -0.011500505730509758, -0.011189666576683521, -0.010878827422857285, -0.010567989200353622, -0.010257150046527386, -0.009946310892701149, -0.009635471738874912, -0.009324632585048676, -0.009013794362545013, -0.008702955208718777, -0.00839211605489254, -0.008081276901066303, -0.0077704377472400665, -0.007459599524736404, -0.007148760370910168, -0.006837921217083931, -0.006527082063257694, -0.0062162429094314575, -0.005905403755605221, -0.005594565533101559, -0.005283726379275322, -0.004972887225449085, -0.0046620480716228485, -0.004351208917796612, -0.004040369763970375, -0.003729531541466713, -0.0034186914563179016, -0.0031078532338142395, -0.0027970150113105774, -0.002486174926161766, -0.002175336703658104, -0.0018644966185092926, -0.0015536583960056305, -0.0012428201735019684, -0.000931980088353157, -0.0006211418658494949, -0.0003103017807006836, 5.364418029785156e-07]}, "gradients/fc.1.weight": {"_type": "histogram", "values": [2.0, 0.0, 1.0, 0.0, 3.0, 1.0, 3.0, 2.0, 7.0, 2.0, 4.0, 7.0, 4.0, 3.0, 5.0, 2.0, 0.0, 2.0, 0.0, 0.0, 0.0, 0.0, 0.0, 0.0, 0.0, 2.0, 1.0, 2.0, 0.0, 1.0, 0.0, 0.0, 0.0, 0.0, 0.0, 0.0, 0.0, 0.0, 0.0, 0.0, 0.0, 0.0, 0.0, 0.0, 0.0, 0.0, 0.0, 2.0, 6.0, 0.0, 1.0, 0.0, 288.0, 23.0, 0.0, 0.0, 0.0, 0.0, 0.0, 2.0, 14.0, 27.0, 57.0, 38.0], "bins": [-0.08857148140668869, -0.08689553290605545, -0.08521957695484161, -0.08354362845420837, -0.08186767995357513, -0.0801917240023613, -0.07851577550172806, -0.07683982700109482, -0.07516387104988098, -0.07348792254924774, -0.0718119740486145, -0.07013601809740067, -0.06846006959676743, -0.06678411364555359, -0.06510816514492035, -0.06343221664428711, -0.06175626441836357, -0.06008031219244003, -0.05840436369180679, -0.056728411465883255, -0.05505245923995972, -0.05337651073932648, -0.05170055851340294, -0.0500246062874794, -0.04834865778684616, -0.04667270556092262, -0.044996753334999084, -0.043320801109075546, -0.041644852608442307, -0.03996890038251877, -0.03829294815659523, -0.03661699965596199, -0.03494104743003845, -0.033265095204114914, -0.031589146703481674, -0.029913194477558136, -0.028237242251634598, -0.026561293751001358, -0.02488534152507782, -0.02320939302444458, -0.021533437073230743, -0.019857488572597504, -0.018181540071964264, -0.016505584120750427, -0.014829635620117188, -0.013153687119483948, -0.011477731168270111, -0.009801782667636871, -0.008125834167003632, -0.006449878215789795, -0.004773929715156555, -0.0030979737639427185, -0.0014220252633094788, 0.000253923237323761, 0.0019298791885375977, 0.0036058276891708374, 0.005281776189804077, 0.006957732141017914, 0.008633680641651154, 0.010309629142284393, 0.01198558509349823, 0.01366153359413147, 0.01533748209476471, 0.017013438045978546, 0.018689386546611786]}, "gradients/fc.2.bias": {"_type": "histogram",