{"graph_0": {"_type": "graph-file", "path": "media/graph/graph_0_summary_18499ff6.graph.json", "sha256": "18499ff6e2e799046d14b384369e95f474b05530e86b0cb2b52f602ce671d761", "size": 700}, "_runtime": 9567.81311750412, "Episode reward": -99.8999999999986, "Value Loss": 0.006835857406258583, "Policy Loss": -0.7079201936721802, "_step": 499, "_timestamp": 1585518646.2338471, "Episode length": 999, "gradients/fc.0.bias": {"_type": "histogram", "values": [2.0, 0.0, 1.0, 1.0, 1.0, 1.0, 0.0, 0.0, 1.0, 0.0, 0.0, 0.0, 0.0, 0.0, 0.0, 0.0, 0.0, 0.0, 0.0, 0.0, 1.0, 0.0, 0.0, 0.0, 0.0, 0.0, 0.0, 0.0, 0.0, 0.0, 0.0, 0.0, 0.0, 1.0, 1.0, 2.0, 3.0, 1.0, 3.0, 5.0, 1.0, 0.0, 0.0, 0.0, 1.0, 1.0, 0.0, 0.0, 0.0, 0.0, 0.0, 1.0, 0.0, 0.0, 1.0, 1.0, 0.0, 0.0, 0.0, 0.0, 0.0, 1.0, 0.0, 1.0], "bins": [-0.32101970911026, -0.31274867057800293, -0.30447763204574585, -0.29620659351348877, -0.2879355251789093, -0.2796644866466522, -0.27139344811439514, -0.26312240958213806, -0.254851371049881, -0.2465803176164627, -0.23830927908420563, -0.23003822565078735, -0.22176718711853027, -0.2134961485862732, -0.2052251100540161, -0.19695407152175903, -0.18868301808834076, -0.18041197955608368, -0.1721409261226654, -0.16386988759040833, -0.15559884905815125, -0.14732779562473297, -0.1390567570924759, -0.1307857185602188, -0.12251466512680054, -0.11424362659454346, -0.10597258806228638, -0.0977015495300293, -0.08943049609661102, -0.08115945756435394, -0.07288841903209686, -0.06461736559867859, -0.05634632706642151, -0.04807528853416443, -0.03980425000190735, -0.03153321146965027, -0.0232621431350708, -0.01499110460281372, -0.006720066070556641, 0.0015509724617004395, 0.00982201099395752, 0.0180930495262146, 0.026364117860794067, 0.03463515639305115, 0.04290619492530823, 0.05117723345756531, 0.05944827198982239, 0.06771931052207947, 0.07599037885665894, 0.08426141738891602, 0.0925324559211731, 0.10080349445343018, 0.10907453298568726, 0.11734557151794434, 0.12561661005020142, 0.13388767838478088, 0.14215871691703796, 0.15042975544929504, 0.15870079398155212, 0.1669718325138092, 0.17524287104606628, 0.18351393938064575, 0.19178497791290283, 0.2000560164451599, 0.208327054977417]}, "gradients/fc.0.weight": {"_type": "histogram", "values": [1.0, 0.0, 1.0, 0.0, 0.0, 1.0, 3.0, 2.0, 0.0, 0.0, 0.0, 1.0, 1.0, 1.0, 1.0, 1.0, 2.0, 0.0, 0.0, 0.0, 0.0, 0.0, 0.0, 0.0, 0.0, 0.0, 0.0, 0.0, 0.0, 1.0, 0.0, 1.0, 4.0, 1.0, 4.0, 3.0, 3.0, 2.0, 1.0, 13.0, 2.0, 0.0, 0.0, 0.0, 0.0, 2.0, 1.0, 2.0, 0.0, 0.0, 0.0, 1.0, 1.0, 0.0, 2.0, 0.0, 0.0, 0.0, 2.0, 0.0, 0.0, 0.0, 1.0, 2.0], "bins": [-0.1273629069328308, -0.12412416189908981, -0.12088542431592941, -0.11764667928218842, -0.11440794169902802, -0.11116919666528702, -0.10793045163154602, -0.10469171404838562, -0.10145297646522522, -0.09821423143148422, -0.09497548639774323, -0.09173674881458282, -0.08849800378084183, -0.08525925874710083, -0.08202052116394043, -0.07878178358078003, -0.07554303854703903, -0.07230429351329803, -0.06906555593013763, -0.06582681834697723, -0.06258807331323624, -0.05934932827949524, -0.05611059069633484, -0.05287184566259384, -0.049633100628852844, -0.046394363045692444, -0.04315561801195145, -0.039916880428791046, -0.03667813539505005, -0.03343939781188965, -0.03020065277814865, -0.02696191519498825, -0.023723170161247253, -0.020484425127506256, -0.017245687544345856, -0.014006942510604858, -0.010768204927444458, -0.007529459893703461, -0.00429072231054306, -0.001051977276802063, 0.0021867603063583374, 0.005425512790679932, 0.008664250373840332, 0.011902987957000732, 0.015141725540161133, 0.018380478024482727, 0.021619215607643127, 0.024857953190803528, 0.028096705675125122, 0.03133544325828552, 0.03457418084144592, 0.03781291842460632, 0.04105167090892792, 0.04429040849208832, 0.04752914607524872, 0.05076788365840912, 0.05400663614273071, 0.05724537372589111, 0.060484111309051514, 0.06372286379337311, 0.06696160137653351, 0.07020033895969391, 0.07343907654285431, 0.0766778290271759, 0.0799165666103363]}, "gradients/fc.1.weight": {"_type": "histogram", "values": [2.0, 1.0, 0.0, 2.0, 0.0, 0.0, 0.0, 0.0, 0.0, 0.0, 0.0, 0.0, 0.0, 0.0, 1.0, 0.0, 0.0, 1.0, 2.0, 0.0, 4.0, 0.0, 0.0, 1.0, 2.0, 5.0, 2.0, 2.0, 5.0, 4.0, 5.0, 1.0, 4.0, 4.0, 3.0, 0.0, 2.0, 0.0, 4.0, 2.0, 4.0, 8.0, 2.0, 3.0, 5.0, 4.0, 2.0, 2.0, 8.0, 14.0, 42.0, 95.0, 31.0, 23.0, 20.0, 21.0, 32.0, 18.0, 18.0, 32.0, 30.0, 34.0, 4.0, 1.0], "bins": [-0.08677740395069122, -0.08510445058345795, -0.08343149721622467, -0.08175855129957199, -0.08008559793233871, -0.07841264456510544, -0.07673969119787216, -0.07506674528121948, -0.0733937919139862, -0.07172083854675293, -0.07004788517951965, -0.06837493181228638, -0.0667019858956337, -0.06502903252840042, -0.06335607916116714, -0.06168312951922417, -0.06001017987728119, -0.05833722651004791, -0.056664273142814636, -0.05499132350087166, -0.05331837013363838, -0.051645420491695404, -0.04997246712446213, -0.04829951748251915, -0.04662656411528587, -0.044953614473342896, -0.04328066110610962, -0.04160771146416664, -0.039934758096933365, -0.03826180845499039, -0.03658885508775711, -0.03491590544581413, -0.033242952078580856, -0.03156999871134758, -0.029897049069404602, -0.028224095702171326, -0.026551146060228348, -0.02487819269299507, -0.023205243051052094, -0.021532289683818817, -0.01985933631658554, -0.01818639039993286, -0.016513437032699585, -0.014840483665466309, -0.013167530298233032, -0.011494584381580353, -0.009821631014347076, -0.0081486776471138, -0.006475724279880524, -0.004802770912647247, -0.003129824995994568, -0.0014568716287612915, 0.00021608173847198486, 0.0018890351057052612, 0.0035619810223579407, 0.005234934389591217, 0.006907887756824493, 0.00858084112405777, 0.01025378704071045, 0.011926740407943726, 0.013599693775177002, 0.015272647142410278, 0.016945593059062958, 0.018618546426296234, 0.02029149979352951]}, "gradients/fc.2.weight": {"_type": "histogram", "values": [1.0, 0.0, 0.0, 0.0, 0.0, 0.0, 0.0, 0.0, 0.0, 0.0, 0.0, 0.0, 0.0, 0.0, 0.0, 0.0, 0.0, 0.0, 0.0, 0.0, 0.0, 0.0, 0.0, 0.0, 0.0, 0.0, 0.0, 0.0, 1.0, 2.0, 0.0, 0.0, 0.0, 1.0, 0.0, 0.0, 0.0, 1.0, 0.0, 1.0, 0.0, 0.0, 0.0, 0.0, 0.0, 0.0, 0.0, 0.0, 0.0, 0.0, 1.0, 0.0, 0.0, 1.0, 0.0, 0.0, 0.0, 0.0, 1.0, 0.0, 0.0, 1.0, 1.0, 4.0], "bins": [-0.45839303731918335, -0.45103952288627625, -0.44368600845336914, -0.4363325238227844, -0.4289790093898773, -0.4216254949569702, -0.4142719805240631, -0.406918466091156, -0.3995649814605713, -0.3922114670276642, -0.3848579525947571, -0.37750443816185, -0.37015092372894287, -0.36279743909835815, -0.35544389486312866, -0.34809041023254395, -0.34073689579963684, -0.33338338136672974, -0.326029896736145, -0.3186763525009155, -0.3113228678703308, -0.3039693534374237, -0.2966158390045166, -0.2892623543739319, -0.2819088101387024, -0.2745553255081177, -0.26720181107521057, -0.25984829664230347, -0.25249478220939636, -0.24514128267765045, -0.23778776824474335, -0.23043426871299744, -0.22308075428009033, -0.21572723984718323, -0.20837372541427612, -0.2010202407836914, -0.1936667263507843, -0.1863132119178772, -0.1789596974849701, -0.171606183052063, -0.16425269842147827, -0.15689918398857117, -0.14954566955566406, -0.14219215512275696, -0.13483864068984985, -0.12748512625694275, -0.12013164162635803, -0.11277812719345093, -0.10542461276054382, -0.09807109832763672, -0.09071758389472961, -0.0833640992641449, -0.07601058483123779, -0.06865707039833069, -0.061303555965423584, -0.05395004153251648, -0.046596527099609375, -0.03924304246902466, -0.031889528036117554, -0.02453601360321045, -0.017182499170303345, -0.00982898473739624, -0.0024755001068115234, 0.004878014326095581, 0.012231528759002686]}, "gradients/fc.2.bias": {"_type": "histogram",