{"graph_0": {"_type": "graph-file", "path": "media/graph/graph_0_summary_8823088f.graph.json", "sha256": "8823088fb391745866e5a734c51f79837714ecfec49a971cf104c1182daadd53", "size": 691}, "Value Loss": 0.028427712619304657, "Episode reward": -98.18009779362582, "_runtime": 581.7817471027374, "_step": 500, "Policy Loss": -12.349806785583496, "Episode length": 999, "_timestamp": 1585077846.4733524, "gradients/fc.2.weight": {"_type": "histogram", "values": [1.0, 0.0, 0.0, 1.0, 0.0, 0.0, 0.0, 0.0, 0.0, 0.0, 0.0, 0.0, 0.0, 0.0, 0.0, 0.0, 0.0, 0.0, 0.0, 0.0, 0.0, 0.0, 0.0, 1.0, 0.0, 0.0, 0.0, 1.0, 1.0, 0.0, 1.0, 0.0, 0.0, 0.0, 0.0, 0.0, 0.0, 0.0, 1.0, 0.0, 0.0, 2.0, 0.0, 0.0, 1.0, 1.0, 0.0, 0.0, 1.0, 0.0, 0.0, 1.0, 0.0, 0.0, 0.0, 1.0, 0.0, 0.0, 0.0, 0.0, 0.0, 0.0, 0.0, 2.0], "bins": [-194.81881713867188, -190.0306396484375, -185.24246215820312, -180.45428466796875, -175.66610717773438, -170.8779296875, -166.08975219726562, -161.3015899658203, -156.51341247558594, -151.72523498535156, -146.9370574951172, -142.1488800048828, -137.36070251464844, -132.57252502441406, -127.78435516357422, -122.99617767333984, -118.20800018310547, -113.4198226928711, -108.63164520263672, -103.84347534179688, -99.0552978515625, -94.26712036132812, -89.47894287109375, -84.69076538085938, -79.902587890625, -75.11441802978516, -70.32624053955078, -65.53807067871094, -60.74989318847656, -55.96171569824219, -51.17353820800781, -46.38536071777344, -41.59718322753906, -36.80900573730469, -32.02082824707031, -27.232650756835938, -22.444473266601562, -17.656295776367188, -12.868133544921875, -8.0799560546875, -3.291778564453125, 1.49639892578125, 6.284576416015625, 11.07275390625, 15.860931396484375, 20.64910888671875, 25.437286376953125, 30.2254638671875, 35.013641357421875, 39.80180358886719, 44.58998107910156, 49.37815856933594, 54.16633605957031, 58.95451354980469, 63.74267578125, 68.53085327148438, 73.31903076171875, 78.10720825195312, 82.8953857421875, 87.68356323242188, 92.47174072265625, 97.25991821289062, 102.048095703125, 106.83627319335938, 111.62445068359375]}, "gradients/fc.2.bias": {"_type": "histogram", "values": [0.0, 0.0, 0.0, 0.0, 0.0, 0.0, 0.0, 0.0, 0.0, 0.0, 0.0, 0.0, 0.0, 0.0, 0.0, 0.0, 0.0, 0.0, 0.0, 0.0, 0.0, 0.0, 0.0, 0.0, 0.0, 0.0, 0.0, 0.0, 0.0, 0.0, 0.0, 0.0, 1.0, 0.0, 0.0, 0.0, 0.0, 0.0, 0.0, 0.0, 0.0, 0.0, 0.0, 0.0, 0.0, 0.0, 0.0, 0.0, 0.0, 0.0, 0.0, 0.0, 0.0, 0.0, 0.0, 0.0, 0.0, 0.0, 0.0, 0.0, 0.0, 0.0, 0.0, 0.0], "bins": [-210.05093383789062, -210.05093383789062, -210.05093383789062, -210.05093383789062, -210.05093383789062, -210.05093383789062, -210.05093383789062, -210.05093383789062, -210.05093383789062, -210.05093383789062, -210.05093383789062, -210.05093383789062, -210.05093383789062, -210.05093383789062, -210.05093383789062, -210.05093383789062, -210.05093383789062, -210.05093383789062, -210.05093383789062, -210.05093383789062, -210.05093383789062, -210.05093383789062, -210.05093383789062, -210.05093383789062, -210.05093383789062, -210.05093383789062, -210.05093383789062, -210.05093383789062, -210.05093383789062, -210.05093383789062, -210.05093383789062, -210.05093383789062, -210.05093383789062, -210.05093383789062, -210.05093383789062, -210.05093383789062, -210.05093383789062, -210.05093383789062, -210.05093383789062, -210.05093383789062, -210.05093383789062, -210.05093383789062, -210.05093383789062, -210.05093383789062, -210.05093383789062, -210.05093383789062, -210.05093383789062, -210.05093383789062, -210.05093383789062, -210.05093383789062, -210.05093383789062, -210.05093383789062, -210.05093383789062, -210.05093383789062, -210.05093383789062, -210.05093383789062, -210.05093383789062, -210.05093383789062, -210.05093383789062, -210.05093383789062, -210.05093383789062, -210.05093383789062, -210.05093383789062, -210.05093383789062, -210.05093383789062]}, "gradients/fc.1.bias": {"_type": "histogram", "values": [1.0, 0.0, 0.0, 0.0, 1.0, 0.0, 0.0, 0.0, 0.0, 0.0, 0.0, 1.0, 0.0, 0.0, 0.0, 0.0, 0.0, 0.0, 0.0, 0.0, 1.0, 0.0, 0.0, 0.0, 0.0, 1.0, 2.0, 0.0, 1.0, 0.0, 0.0, 1.0, 0.0, 0.0, 1.0, 0.0, 0.0, 0.0, 1.0, 2.0, 0.0, 0.0, 0.0, 0.0, 1.0, 1.0, 0.0, 0.0, 0.0, 0.0, 0.0, 0.0, 0.0, 0.0, 0.0, 0.0, 0.0, 0.0, 0.0, 0.0, 0.0, 0.0, 0.0, 1.0], "bins": [-101.38470458984375, -98.03845977783203, -94.69221496582031, -91.3459701538086, -87.99972534179688, -84.65348815917969, -81.30724334716797, -77.96099853515625, -74.61475372314453, -71.26850891113281, -67.9222640991211, -64.57601928710938, -61.22977828979492, -57.8835334777832, -54.53729248046875, -51.19104766845703, -47.84480285644531, -44.498558044433594, -41.152313232421875, -37.80607223510742, -34.45982360839844, -31.11358642578125, -27.76734161376953, -24.421096801757812, -21.074851989746094, -17.728607177734375, -14.382362365722656, -11.036117553710938, -7.68988037109375, -4.343635559082031, -0.9973907470703125, 2.3488540649414062, 5.695098876953125, 9.041343688964844, 12.387588500976562, 15.733833312988281, 19.080078125, 22.426315307617188, 25.772560119628906, 29.118804931640625, 32.465057373046875, 35.81129455566406, 39.15753173828125, 42.5037841796875, 45.85002136230469, 49.19627380371094, 52.542510986328125, 55.888763427734375, 59.23500061035156, 62.58123779296875, 65.927490234375, 69.27372741699219, 72.61997985839844, 75.96621704101562, 79.31246948242188, 82.65870666503906, 86.00494384765625, 89.3511962890625, 92.69743347167969, 96.04368591308594, 99.38992309570312, 102.73617553710938, 106.08241271972656, 109.42866516113281, 112.77490234375]}, "gradients/fc.1.weight": {"_type": "histogram", "values": [2.0, 1.0, 0.0, 0.0, 1.0, 2.0, 0.0, 1.0, 0.0, 0.0, 2.0, 2.0, 3.0, 4.0, 3.0, 4.0, 4.0, 6.0, 0.0, 6.0, 7.0, 3.0, 7.0, 14.0, 13.0, 28.0, 31.0, 25.0, 37.0, 46.0, 28.0, 55.0, 32.0, 17.0, 19.0, 14.0, 10.0, 11.0, 16.0, 11.0, 8.0, 6.0, 6.0, 7.0, 5.0, 6.0, 0.0, 1.0, 2.0, 0.0, 1.0, 0.0, 1.0, 0.0, 0.0, 1.0, 0.0, 0.0, 0.0, 0.0, 0.0, 0.0, 1.0, 2.0], "bins": [-91.47823333740234, -88.45867156982422, -85.43910217285156, -82.41954040527344, -79.39997100830078, -76.38040924072266, -73.36083984375, -70.34127807617188, -67.32171630859375, -64.3021469116211, -61.2825813293457, -58.26301574707031, -55.24345397949219, -52.2238883972168, -49.204322814941406, -46.184757232666016, -43.165191650390625, -40.145626068115234, -37.126060485839844, -34.10649490356445, -31.086929321289062, -28.067367553710938, -25.04779815673828, -22.028236389160156, -19.00867462158203, -15.989105224609375, -12.96954345703125, -9.949974060058594, -6.930412292480469, -3.9108428955078125, -0.8912811279296875, 2.1282882690429688, 5.147850036621094, 8.167411804199219, 11.186981201171875, 14.20654296875, 17.226112365722656, 20.24567413330078, 23.265243530273438, 26.284805297851562, 29.30437469482422, 32.323936462402344, 35.34349822998047, 38.363059997558594, 41.38263702392578, 44.402198791503906, 47.42176055908203, 50.441322326660156, 53.46088409423828, 56.48046112060547, 59.500022888183594, 62.51958465576172, 65.53914642333984, 68.55872344970703, 71.57828521728516, 74.59784698486328, 77.6174087524414, 80.63697052001953, 83.65654754638672, 86.67610931396484, 89.69567108154297, 92.7152328491211, 95.73480987548828, 98.7543716430664, 101.77393341064453]}, "gradients/fc.0.weight": {"_type": "histogram", "values": [1.0, 1.0, 0.0, 1.0, 0.0, 2.0, 0.0, 0.0, 0.0, 0.0, 2.0, 1.0, 1.0, 0.0, 0.0, 1.0, 2.0, 2.0, 1.0, 0.0, 0.0, 28.0, 6.0, 2.0, 0.0, 1.0, 0.0, 0.0, 0.0, 0.0, 0.0, 0.0, 0.0, 1.0, 0.0, 0.0, 2.0, 0.0, 0.0, 0.0, 0.0, 0.0, 1.0, 1.0, 1.0, 0.0, 0.0, 0.0, 1.0, 1.0, 0.0, 0.0, 0.0, 1.0, 1.0, 0.0, 0.0, 0.0, 0.0, 0.0, 0.0, 0.0, 1.0, 1.0],