{"graph_0": {"_type": "graph-file", "path": "media/graph/graph_0_summary_31c7e43f.graph.json", "sha256": "31c7e43f2d65de73dd5cb02d3fe795de828ec487ddc272d6ee8442d6d8bdf4e1", "size": 700}, "_runtime": 637.224004983902, "Value Loss": 16.555599212646484, "Episode length": 571, "_timestamp": 1585570553.0686383, "Episode reward": 42.899999999999466, "_step": 499, "Policy Loss": 0.6834765672683716, "gradients/fc.2.weight": {"_type": "histogram", "values": [1.0, 1.0, 0.0, 0.0, 0.0, 0.0, 0.0, 0.0, 0.0, 0.0, 0.0, 0.0, 0.0, 0.0, 0.0, 1.0, 0.0, 0.0, 0.0, 0.0, 1.0, 0.0, 0.0, 0.0, 0.0, 0.0, 0.0, 0.0, 0.0, 0.0, 0.0, 0.0, 0.0, 0.0, 0.0, 0.0, 0.0, 0.0, 0.0, 0.0, 0.0, 0.0, 0.0, 0.0, 0.0, 0.0, 0.0, 0.0, 0.0, 0.0, 0.0, 0.0, 0.0, 0.0, 0.0, 0.0, 0.0, 0.0, 9.0, 0.0, 0.0, 0.0, 0.0, 3.0], "bins": [-3.626253128051758, -3.562509775161743, -3.4987664222717285, -3.435023069381714, -3.371279716491699, -3.3075363636016846, -3.24379301071167, -3.1800498962402344, -3.1163063049316406, -3.052563190460205, -2.9888195991516113, -2.925076484680176, -2.861333131790161, -2.7975897789001465, -2.733846426010132, -2.670103073120117, -2.6063597202301025, -2.542616367340088, -2.4788730144500732, -2.4151296615600586, -2.351386308670044, -2.2876429557800293, -2.2238998413085938, -2.16015625, -2.0964131355285645, -2.0326695442199707, -1.9689263105392456, -1.905182957649231, -1.8414397239685059, -1.7776963710784912, -1.7139530181884766, -1.650209665298462, -1.5864663124084473, -1.5227229595184326, -1.458979606628418, -1.3952362537384033, -1.3314929008483887, -1.267749547958374, -1.2040061950683594, -1.1402628421783447, -1.07651948928833, -1.0127763748168945, -0.9490330219268799, -0.8852896690368652, -0.8215463161468506, -0.7578029632568359, -0.6940596103668213, -0.6303162574768066, -0.566572904586792, -0.5028295516967773, -0.4390861988067627, -0.37534284591674805, -0.3115994930267334, -0.24785614013671875, -0.1841127872467041, -0.12036943435668945, -0.056626319885253906, 0.007117033004760742, 0.07086038589477539, 0.13460373878479004, 0.1983470916748047, 0.26209044456481934, 0.325833797454834, 0.38957738876342773, 0.4533205032348633]}, "gradients/fc.0.weight": {"_type": "histogram", "values": [1.0, 0.0, 0.0, 0.0, 0.0, 2.0, 1.0, 0.0, 1.0, 0.0, 0.0, 0.0, 1.0, 0.0, 0.0, 1.0, 0.0, 1.0, 0.0, 0.0, 0.0, 0.0, 1.0, 1.0, 0.0, 0.0, 0.0, 0.0, 0.0, 0.0, 0.0, 0.0, 2.0, 0.0, 0.0, 0.0, 0.0, 0.0, 0.0, 0.0, 1.0, 1.0, 2.0, 3.0, 2.0, 0.0, 2.0, 1.0, 0.0, 4.0, 2.0, 3.0, 6.0, 8.0, 5.0, 4.0, 3.0, 1.0, 0.0, 1.0, 1.0, 1.0, 0.0, 1.0], "bins": [-4.742565631866455, -4.654362678527832, -4.566160202026367, -4.477957248687744, -4.389754295349121, -4.301551818847656, -4.213348865509033, -4.12514591217041, -4.036943435668945, -3.9487404823303223, -3.8605377674102783, -3.7723350524902344, -3.6841320991516113, -3.5959296226501465, -3.5077266693115234, -3.4195239543914795, -3.3313212394714355, -3.2431182861328125, -3.1549155712127686, -3.0667128562927246, -2.9785099029541016, -2.8903071880340576, -2.8021044731140137, -2.7139017581939697, -2.6256988048553467, -2.5374960899353027, -2.449293375015259, -2.3610904216766357, -2.272887706756592, -2.184684991836548, -2.096482276916504, -2.008279323577881, -1.920076608657837, -1.831873893737793, -1.74367094039917, -1.655468225479126, -1.567265510559082, -1.479062795639038, -1.390859842300415, -1.302657127380371, -1.2144544124603271, -1.126251459121704, -1.0380487442016602, -0.9498460292816162, -0.8616433143615723, -0.7734403610229492, -0.6852378845214844, -0.5970349311828613, -0.5088319778442383, -0.42062950134277344, -0.3324265480041504, -0.24422359466552734, -0.1560211181640625, -0.06781816482543945, 0.020384788513183594, 0.10858726501464844, 0.19679021835327148, 0.28499317169189453, 0.3731956481933594, 0.4613986015319824, 0.5496010780334473, 0.6378040313720703, 0.7260069847106934, 0.8142094612121582, 0.9024124145507812]}, "gradients/fc.1.bias": {"_type": "histogram", "values": [1.0, 0.0, 0.0, 0.0, 0.0, 0.0, 0.0, 0.0, 0.0, 1.0, 0.0, 0.0, 0.0, 0.0, 0.0, 1.0, 0.0, 0.0, 0.0, 0.0, 0.0, 0.0, 0.0, 0.0, 0.0, 0.0, 0.0, 0.0, 0.0, 0.0, 1.0, 0.0, 0.0, 0.0, 0.0, 0.0, 0.0, 0.0, 0.0, 0.0, 0.0, 0.0, 0.0, 0.0, 0.0, 0.0, 0.0, 0.0, 0.0, 0.0, 0.0, 0.0, 0.0, 0.0, 0.0, 0.0, 0.0, 0.0, 0.0, 0.0, 1.0, 0.0, 9.0, 2.0], "bins": [-0.281872421503067, -0.2773573696613312, -0.27284231781959534, -0.2683272957801819, -0.26381224393844604, -0.2592971920967102, -0.25478214025497437, -0.2502670884132385, -0.24575205147266388, -0.24123701453208923, -0.2367219626903534, -0.23220691084861755, -0.2276918590068817, -0.22317682206630707, -0.21866177022457123, -0.21414673328399658, -0.20963168144226074, -0.2051166296005249, -0.20060159265995026, -0.19608654081821442, -0.19157150387763977, -0.18705645203590393, -0.1825414001941681, -0.17802634835243225, -0.1735113114118576, -0.16899627447128296, -0.16448122262954712, -0.15996617078781128, -0.15545111894607544, -0.1509360820055008, -0.14642103016376495, -0.1419059932231903, -0.13739094138145447, -0.13287588953971863, -0.12836085259914398, -0.12384580075740814, -0.1193307638168335, -0.11481571197509766, -0.11030066013336182, -0.10578562319278717, -0.10127057135105133, -0.09675551950931549, -0.09224048256874084, -0.087725430727005, -0.08321037888526917, -0.07869534194469452, -0.07418029010295868, -0.06966525316238403, -0.0651502013206482, -0.060635149478912354, -0.05612011253833771, -0.05160506069660187, -0.04709002375602722, -0.04257497191429138, -0.03805992007255554, -0.033544883131980896, -0.029029816389083862, -0.02451479434967041, -0.01999974250793457, -0.01548469066619873, -0.01096963882446289, -0.006454586982727051, -0.0019395649433135986, 0.002575486898422241, 0.007090538740158081]}, "gradients/fc.1.weight": {"_type": "histogram", "values": [1.0, 0.0, 0.0, 0.0, 0.0, 4.0, 1.0, 0.0, 0.0, 2.0, 2.0, 0.0, 1.0, 3.0, 0.0, 2.0, 2.0, 2.0, 1.0, 1.0, 0.0, 2.0, 2.0, 0.0, 2.0, 2.0, 2.0, 2.0, 3.0, 2.0, 1.0, 0.0, 1.0, 3.0, 1.0, 7.0, 16.0, 317.0, 30.0, 11.0, 15.0, 8.0, 2.0, 3.0, 4.0, 3.0, 4.0, 5.0, 5.0, 3.0, 2.0, 4.0, 4.0, 3.0, 3.0, 4.0, 3.0, 4.0, 2.0, 2.0, 0.0, 1.0, 1.0, 1.0], "bins": [-0.3916660249233246, -0.3812491297721863, -0.370832234621048, -0.36041533946990967, -0.34999847412109375, -0.33958157896995544, -0.32916468381881714, -0.31874778866767883, -0.3083308935165405, -0.2979139983654022, -0.2874971032142639, -0.277080237865448, -0.2666633129119873, -0.2562464475631714, -0.24582955241203308, -0.23541265726089478, -0.22499576210975647, -0.21457886695861816, -0.20416197180747986, -0.19374509155750275, -0.18332819640636444, -0.17291130125522614, -0.16249442100524902, -0.15207752585411072, -0.1416606307029724, -0.1312437355518341, -0.1208268404006958, -0.1104099452495575, -0.09999307990074158, -0.08957618474960327, -0.07915928959846497, -0.06874239444732666, -0.058325499296188354, -0.04790860414505005, -0.03749170899391174, -0.027074813842773438, -0.016657918691635132, -0.006241053342819214, 0.004175841808319092, 0.014592736959457397, 0.025009632110595703, 0.03542652726173401, 0.045843422412872314, 0.05626031756401062, 0.06667718291282654, 0.07709407806396484, 0.08751097321510315, 0.09792786836624146, 0.10834476351737976, 0.11876162886619568, 0.12917855381965637, 0.1395954191684723, 0.15001234412193298, 0.1604292094707489, 0.1708461344242096, 0.1812629997730255, 0.19167986512184143, 0.20209679007530212, 0.21251365542411804, 0.22293058037757874, 0.23334744572639465, 0.24376437067985535, 0.25418123602867126, 0.26459816098213196, 0.2750150263309479]}, "gradients/fc.2.bias": {"_type": "histogram", "values": [0.0, 0.0, 0.0, 0.0, 0.0, 0.0, 0.0, 0.0, 0.0, 0.0, 0.0, 0.0, 0.0, 0.0, 0.0, 0.0, 0.0, 0.0, 0.0, 0.0, 0.0, 0.0, 0.0, 0.0, 0.0, 0.0, 0.0, 0.0, 0.0, 0.0, 0.0, 0.0, 1.0, 0.0, 0.0, 0.0, 0.0, 0.0, 0.0, 0.0, 0.0, 0.0, 0.0, 0.0, 0.0, 0.0, 0.0, 0.0, 0.0, 0.0, 0.0, 0.0, 0.0, 0.0, 0.0, 0.0, 0.0, 0.0, 0.0, 0.0, 0.0, 0.0, 0.0, 0.0],