{"graph_0": {"_type": "graph-file", "path": "media/graph/graph_0_summary_14d9512c.graph.json", "sha256": "14d9512cc331b3b5f7058b26d6261e14ca9906402acf9c8dbc88943ce7657dc5", "size": 691}, "Episode reward": 115.41896833990054, "Intrinsic reward": 217.25014132261276, "Loss": 14.78608512878418, "_runtime": 253.34744262695312, "_step": 140, "Extrinsic reward": -101.83117298271222, "ICM Loss": 0.43493521213531494, "_timestamp": 1585854196.3216383, "gradients/fc.1.bias": {"_type": "histogram", "values": [1.0, 0.0, 0.0, 0.0, 0.0, 0.0, 0.0, 0.0, 0.0, 0.0, 0.0, 0.0, 0.0, 0.0, 0.0, 0.0, 0.0, 0.0, 0.0, 0.0, 10.0, 0.0, 0.0, 0.0, 1.0, 0.0, 0.0, 0.0, 0.0, 0.0, 0.0, 0.0, 0.0, 0.0, 0.0, 0.0, 0.0, 0.0, 0.0, 0.0, 0.0, 1.0, 0.0, 0.0, 0.0, 0.0, 0.0, 0.0, 0.0, 0.0, 0.0, 0.0, 0.0, 1.0, 0.0, 0.0, 1.0, 0.0, 0.0, 0.0, 0.0, 0.0, 0.0, 1.0], "bins": [-1.856454849243164, -1.7647169828414917, -1.6729789972305298, -1.5812411308288574, -1.4895031452178955, -1.3977652788162231, -1.3060274124145508, -1.2142894268035889, -1.1225515604019165, -1.0308136940002441, -0.9390757083892822, -0.8473378419876099, -0.7555999755859375, -0.6638619899749756, -0.5721241235733032, -0.4803861379623413, -0.38864827156066895, -0.2969104051589966, -0.20517241954803467, -0.1134345531463623, -0.02169656753540039, 0.07004129886627197, 0.16177916526794434, 0.25351715087890625, 0.34525489807128906, 0.436992883682251, 0.5287308692932129, 0.6204688549041748, 0.7122066020965576, 0.8039445877075195, 0.8956825733184814, 0.9874203205108643, 1.0791583061218262, 1.170896291732788, 1.262634038925171, 1.3543720245361328, 1.4461100101470947, 1.5378477573394775, 1.6295857429504395, 1.7213237285614014, 1.8130617141723633, 1.904799461364746, 1.996537446975708, 2.08827543258667, 2.1800131797790527, 2.2717509269714355, 2.3634891510009766, 2.4552268981933594, 2.546964645385742, 2.638702869415283, 2.730440616607666, 2.822178840637207, 2.91391658782959, 3.0056543350219727, 3.0973925590515137, 3.1891303062438965, 3.2808680534362793, 3.3726062774658203, 3.464344024658203, 3.556081771850586, 3.647819995880127, 3.7395577430725098, 3.8312954902648926, 3.9230337142944336, 4.014771461486816]}, "gradients/fc.0.bias": {"_type": "histogram", "values": [1.0, 1.0, 0.0, 0.0, 0.0, 0.0, 0.0, 0.0, 0.0, 1.0, 1.0, 0.0, 0.0, 0.0, 1.0, 1.0, 0.0, 1.0, 17.0, 2.0, 0.0, 2.0, 1.0, 0.0, 0.0, 0.0, 0.0, 0.0, 0.0, 1.0, 0.0, 0.0, 0.0, 0.0, 0.0, 1.0, 0.0, 0.0, 0.0, 0.0, 0.0, 0.0, 0.0, 0.0, 0.0, 0.0, 0.0, 0.0, 0.0, 0.0, 0.0, 0.0, 0.0, 0.0, 0.0, 0.0, 0.0, 0.0, 0.0, 0.0, 0.0, 0.0, 0.0, 1.0], "bins": [-1.4483968019485474, -1.3683161735534668, -1.2882356643676758, -1.2081550359725952, -1.1280745267868042, -1.0479938983917236, -0.9679133296012878, -0.887832760810852, -0.8077521920204163, -0.7276716232299805, -0.6475910544395447, -0.5675104856491089, -0.4874298572540283, -0.4073493480682373, -0.32726871967315674, -0.24718821048736572, -0.16710758209228516, -0.08702695369720459, -0.006946444511413574, 0.07313418388366699, 0.153214693069458, 0.23329532146453857, 0.3133758306503296, 0.39345645904541016, 0.4735370874404907, 0.5536175966262817, 0.6336981058120728, 0.7137788534164429, 0.7938593626022339, 0.8739398717880249, 0.9540203809738159, 1.034101128578186, 1.114181637763977, 1.194262146949768, 1.2743428945541382, 1.3544234037399292, 1.4345039129257202, 1.5145844221115112, 1.5946651697158813, 1.6747456789016724, 1.7548261880874634, 1.8349069356918335, 1.9149874448776245, 1.9950679540634155, 2.075148582458496, 2.155229091644287, 2.235309600830078, 2.315390110015869, 2.3954710960388184, 2.4755516052246094, 2.5556321144104004, 2.6357126235961914, 2.7157931327819824, 2.7958736419677734, 2.8759546279907227, 2.9560351371765137, 3.0361156463623047, 3.1161961555480957, 3.1962766647338867, 3.2763571739196777, 3.3564376831054688, 3.436518669128418, 3.516599178314209, 3.5966796875, 3.676760196685791]}, "gradients/fc.0.weight": {"_type": "histogram", "values": [1.0, 0.0, 0.0, 0.0, 0.0, 0.0, 0.0, 0.0, 0.0, 1.0, 0.0, 0.0, 0.0, 0.0, 0.0, 0.0, 0.0, 0.0, 0.0, 0.0, 0.0, 1.0, 0.0, 0.0, 0.0, 0.0, 2.0, 1.0, 0.0, 0.0, 0.0, 0.0, 0.0, 0.0, 1.0, 1.0, 7.0, 40.0, 3.0, 1.0, 0.0, 0.0, 0.0, 1.0, 0.0, 0.0, 0.0, 0.0, 0.0, 0.0, 1.0, 0.0, 0.0, 0.0, 0.0, 0.0, 1.0, 0.0, 0.0, 0.0, 0.0, 0.0, 1.0, 1.0], "bins": [-1.0814449787139893, -1.0524108409881592, -1.023376703262329, -0.9943426251411438, -0.9653084874153137, -0.9362744092941284, -0.9072402715682983, -0.8782061338424683, -0.849172055721283, -0.8201379179954529, -0.7911038398742676, -0.7620697021484375, -0.7330355644226074, -0.7040014266967773, -0.674967348575592, -0.645933210849762, -0.6168991327285767, -0.5878649950027466, -0.5588308572769165, -0.5297967791557312, -0.5007626414299011, -0.47172850370407104, -0.44269442558288574, -0.41366028785705566, -0.3846261501312256, -0.3555920720100403, -0.3265579342842102, -0.2975237965583801, -0.2684897184371948, -0.23945558071136475, -0.21042144298553467, -0.18138736486434937, -0.1523532271385193, -0.12331908941268921, -0.0942850112915039, -0.06525087356567383, -0.03621673583984375, -0.007182598114013672, 0.021851420402526855, 0.050885558128356934, 0.07991969585418701, 0.10895383358001709, 0.13798797130584717, 0.16702210903167725, 0.19605612754821777, 0.22509026527404785, 0.25412440299987793, 0.283158540725708, 0.3121926784515381, 0.34122681617736816, 0.3702608346939087, 0.39929497241973877, 0.42832911014556885, 0.4573632478713989, 0.486397385597229, 0.5154315233230591, 0.5444655418395996, 0.5734996795654297, 0.6025338172912598, 0.6315679550170898, 0.6606020927429199, 0.68963623046875, 0.7186702489852905, 0.7477043867111206, 0.7767385244369507]}, "gradients/fc.2.bias": {"_type": "histogram", "values": [0.0, 0.0, 0.0, 0.0, 0.0, 0.0, 0.0, 0.0, 0.0, 0.0, 0.0, 0.0, 0.0, 0.0, 0.0, 0.0, 0.0, 0.0, 0.0, 0.0, 0.0, 0.0, 0.0, 0.0, 0.0, 0.0, 0.0, 0.0, 0.0, 0.0, 0.0, 0.0, 1.0, 0.0, 0.0, 0.0, 0.0, 0.0, 0.0, 0.0, 0.0, 0.0, 0.0, 0.0, 0.0, 0.0, 0.0, 0.0, 0.0, 0.0, 0.0, 0.0, 0.0, 0.0, 0.0, 0.0, 0.0, 0.0, 0.0, 0.0, 0.0, 0.0, 0.0, 0.0], "bins": [-21.376619338989258, -21.376619338989258, -21.376619338989258, -21.376619338989258, -21.376619338989258, -21.376619338989258, -21.376619338989258, -21.376619338989258, -21.376619338989258, -21.376619338989258, -21.376619338989258, -21.376619338989258, -21.376619338989258, -21.376619338989258, -21.376619338989258, -21.376619338989258, -21.376619338989258, -21.376619338989258, -21.376619338989258, -21.376619338989258, -21.376619338989258, -21.376619338989258, -21.376619338989258, -21.376619338989258, -21.376619338989258, -21.376619338989258, -21.376619338989258, -21.376619338989258, -21.376619338989258, -21.376619338989258, -21.376619338989258, -21.376619338989258, -21.376619338989258, -21.376619338989258, -21.376619338989258, -21.376619338989258, -21.376619338989258, -21.376619338989258, -21.376619338989258, -21.376619338989258, -21.376619338989258, -21.376619338989258, -21.376619338989258, -21.376619338989258, -21.376619338989258, -21.376619338989258, -21.376619338989258, -21.376619338989258, -21.376619338989258, -21.376619338989258, -21.376619338989258, -21.376619338989258, -21.376619338989258, -21.376619338989258, -21.376619338989258, -21.376619338989258, -21.376619338989258, -21.376619338989258, -21.376619338989258, -21.376619338989258, -21.376619338989258, -21.376619338989258, -21.376619338989258, -21.376619338989258, -21.376619338989258]}, "gradients/fc.2.weight": {"_type": "histogram", "values": [1.0, 0.0, 0.0, 0.0, 0.0, 0.0, 0.0, 0.0, 0.0, 0.0, 0.0, 0.0, 0.0, 0.0, 0.0, 0.0, 0.0, 0.0, 0.0, 0.0, 0.0, 0.0, 0.0, 0.0, 0.0, 0.0, 0.0, 0.0, 0.0, 0.0, 0.0, 0.0, 0.0, 0.0, 0.0, 0.0, 0.0, 0.0, 0.0, 1.0, 0.0, 0.0, 0.0, 0.0, 0.0, 0.0, 1.0, 0.0, 0.0, 0.0, 0.0, 0.0, 0.0, 1.0, 0.0, 10.0, 0.0, 0.0, 0.0, 1.0, 0.0, 0.0, 0.0, 1.0],