{"graph_0": {"_type": "graph-file", "path": "media/graph/graph_0_summary_79dcbee4.graph.json", "sha256": "79dcbee4e3ed28f49aed7e63e8c94b8dd32076ad2b797ce9212e73ab9d0741bf", "size": 700}, "_timestamp": 1585602010.215714, "Episode length": 999, "Episode reward": -99.61968249075443, "Policy Loss": -0.027896961197257042, "_step": 499, "Value Loss": 4.1544590203557163e-05, "_runtime": 4640.582844495773, "gradients/fc.2.bias": {"_type": "histogram", "values": [0.0, 0.0, 0.0, 0.0, 0.0, 0.0, 0.0, 0.0, 0.0, 0.0, 0.0, 0.0, 0.0, 0.0, 0.0, 0.0, 0.0, 0.0, 0.0, 0.0, 0.0, 0.0, 0.0, 0.0, 0.0, 0.0, 0.0, 0.0, 0.0, 0.0, 0.0, 0.0, 1.0, 0.0, 0.0, 0.0, 0.0, 0.0, 0.0, 0.0, 0.0, 0.0, 0.0, 0.0, 0.0, 0.0, 0.0, 0.0, 0.0, 0.0, 0.0, 0.0, 0.0, 0.0, 0.0, 0.0, 0.0, 0.0, 0.0, 0.0, 0.0, 0.0, 0.0, 0.0], "bins": [0.00032725458731874824, 0.00032725458731874824, 0.00032725458731874824, 0.00032725458731874824, 0.00032725458731874824, 0.00032725458731874824, 0.00032725458731874824, 0.00032725458731874824, 0.00032725458731874824, 0.00032725458731874824, 0.00032725458731874824, 0.00032725458731874824, 0.00032725458731874824, 0.00032725458731874824, 0.00032725458731874824, 0.00032725458731874824, 0.00032725458731874824, 0.00032725458731874824, 0.00032725458731874824, 0.00032725458731874824, 0.00032725458731874824, 0.00032725458731874824, 0.00032725458731874824, 0.00032725458731874824, 0.00032725458731874824, 0.00032725458731874824, 0.00032725458731874824, 0.00032725458731874824, 0.00032725458731874824, 0.00032725458731874824, 0.00032725458731874824, 0.00032725458731874824, 0.00032725458731874824, 0.00032725458731874824, 0.00032725458731874824, 0.00032725458731874824, 0.00032725458731874824, 0.00032725458731874824, 0.00032725458731874824, 0.00032725458731874824, 0.00032725458731874824, 0.00032725458731874824, 0.00032725458731874824, 0.00032725458731874824, 0.00032725458731874824, 0.00032725458731874824, 0.00032725458731874824, 0.00032725458731874824, 0.00032725458731874824, 0.00032725458731874824, 0.00032725458731874824, 0.00032725458731874824, 0.00032725458731874824, 0.00032725458731874824, 0.00032725458731874824, 0.00032725458731874824, 0.00032725458731874824, 0.00032725458731874824, 0.00032725458731874824, 0.00032725458731874824, 0.00032725458731874824, 0.00032725458731874824, 0.00032725458731874824, 0.00032725458731874824, 0.00032725458731874824]}, "gradients/fc.2.weight": {"_type": "histogram", "values": [1.0, 0.0, 0.0, 1.0, 0.0, 0.0, 1.0, 0.0, 0.0, 0.0, 0.0, 0.0, 0.0, 0.0, 0.0, 0.0, 2.0, 0.0, 0.0, 0.0, 0.0, 0.0, 0.0, 0.0, 0.0, 0.0, 0.0, 0.0, 0.0, 1.0, 0.0, 0.0, 0.0, 0.0, 0.0, 0.0, 0.0, 0.0, 0.0, 0.0, 0.0, 0.0, 1.0, 0.0, 1.0, 0.0, 0.0, 0.0, 0.0, 0.0, 1.0, 0.0, 0.0, 3.0, 0.0, 2.0, 1.0, 0.0, 0.0, 0.0, 0.0, 0.0, 0.0, 1.0], "bins": [-0.0012309651356190443, -0.001199629856273532, -0.0011682945769280195, -0.0011369591811671853, -0.001105623901821673, -0.0010742886224761605, -0.0010429533431306481, -0.0010116180637851357, -0.0009802826680243015, -0.0009489473886787891, -0.0009176121093332767, -0.0008862768299877644, -0.000854941550642252, -0.0008236062130890787, -0.0007922709337435663, -0.000760935596190393, -0.0007296003168448806, -0.0006982650374993682, -0.0006669296999461949, -0.0006355944206006825, -0.0006042590830475092, -0.0005729238037019968, -0.0005415885243564844, -0.0005102531868033111, -0.0004789179074577987, -0.00044758262811228633, -0.000416247290559113, -0.00038491201121360064, -0.00035357673186808825, -0.00032224139431491494, -0.00029090611496940255, -0.00025957077741622925, -0.00022823549807071686, -0.00019690021872520447, -0.00016556493937969208, -0.00013422954361885786, -0.00010289426427334547, -7.155898492783308e-05, -4.022370558232069e-05, -8.8884262368083e-06, 2.2446969524025917e-05, 5.378224886953831e-05, 8.51175282150507e-05, 0.00011645280756056309, 0.00014778808690607548, 0.00017912336625158787, 0.00021045876201242208, 0.00024179404135793447, 0.00027312932070344687, 0.00030446460004895926, 0.00033579987939447165, 0.00036713527515530586, 0.00039847055450081825, 0.00042980583384633064, 0.00046114111319184303, 0.0004924763925373554, 0.0005238116718828678, 0.000555147067643702, 0.0005864823469892144, 0.0006178176263347268, 0.0006491529056802392, 0.0006804881850257516, 0.0007118235807865858, 0.0007431588601320982, 0.0007744941394776106]}, "gradients/fc.1.bias": {"_type": "histogram", "values": [1.0, 0.0, 0.0, 0.0, 1.0, 0.0, 0.0, 0.0, 0.0, 0.0, 0.0, 0.0, 0.0, 0.0, 1.0, 0.0, 0.0, 1.0, 0.0, 0.0, 0.0, 2.0, 0.0, 0.0, 0.0, 2.0, 1.0, 0.0, 0.0, 1.0, 0.0, 0.0, 0.0, 0.0, 0.0, 0.0, 0.0, 0.0, 0.0, 1.0, 0.0, 0.0, 0.0, 0.0, 0.0, 0.0, 0.0, 0.0, 0.0, 0.0, 0.0, 0.0, 0.0, 0.0, 0.0, 0.0, 0.0, 0.0, 0.0, 2.0, 0.0, 0.0, 0.0, 3.0], "bins": [-0.00048720272025093436, -0.0004719042917713523, -0.0004566058923956007, -0.00044130749301984906, -0.000426009064540267, -0.0004107106360606849, -0.0003954122366849333, -0.0003801138373091817, -0.0003648154088295996, -0.00034951698035001755, -0.00033421858097426593, -0.0003189201815985143, -0.00030362175311893225, -0.0002883233246393502, -0.00027302492526359856, -0.00025772652588784695, -0.00024242809740826488, -0.0002271296689286828, -0.0002118312695529312, -0.00019653287017717957, -0.0001812344416975975, -0.00016593601321801543, -0.00015063761384226382, -0.0001353392144665122, -0.00012004078598693013, -0.00010474235750734806, -8.944395813159645e-05, -7.414555875584483e-05, -5.884713027626276e-05, -4.354870179668069e-05, -2.8250302420929074e-05, -1.295190304517746e-05, 2.3465254344046116e-06, 1.7644953913986683e-05, 3.2943382393568754e-05, 4.824175266548991e-05, 6.354018114507198e-05, 7.883860962465405e-05, 9.413697989657521e-05, 0.00010943540837615728, 0.00012473383685573936, 0.00014003226533532143, 0.0001553306938149035, 0.00017062906408682466, 0.00018592749256640673, 0.0002012259210459888, 0.00021652429131790996, 0.00023182271979749203, 0.0002471211482770741, 0.00026241957675665617, 0.00027771800523623824, 0.0002930163755081594, 0.00030831480398774147, 0.00032361323246732354, 0.0003389116027392447, 0.00035421003121882677, 0.00036950845969840884, 0.0003848068881779909, 0.000400105316657573, 0.00041540368692949414, 0.0004307021154090762, 0.0004460005438886583, 0.00046129891416057944, 0.0004765973426401615, 0.0004918957711197436]}, "gradients/fc.0.weight": {"_type": "histogram", "values": [1.0, 0.0, 0.0, 0.0, 0.0, 0.0, 0.0, 0.0, 0.0, 0.0, 0.0, 0.0, 0.0, 0.0, 0.0, 0.0, 0.0, 0.0, 0.0, 0.0, 0.0, 0.0, 0.0, 0.0, 1.0, 0.0, 2.0, 2.0, 2.0, 3.0, 1.0, 5.0, 9.0, 6.0, 6.0, 3.0, 3.0, 3.0, 1.0, 1.0, 0.0, 1.0, 1.0, 2.0, 1.0, 1.0, 0.0, 0.0, 1.0, 1.0, 1.0, 1.0, 0.0, 0.0, 0.0, 0.0, 0.0, 1.0, 1.0, 0.0, 0.0, 2.0, 0.0, 1.0],