{"graph_0": {"_type": "graph-file", "path": "media/graph/graph_0_summary_4b4ea6a2.graph.json", "sha256": "4b4ea6a20d311a9e27e0f6a6d7e3af670b349de3a879b273a1d57a4516ee0e94", "size": 700}, "Value Loss": 0.011749815195798874, "Policy Loss": -0.2875214219093323, "_runtime": 1139.6457965373993, "Episode reward": -93.92198069520335, "_timestamp": 1585595888.66247, "Episode length": 999, "_step": 499, "gradients/fc.0.weight": {"_type": "histogram", "values": [2.0, 0.0, 1.0, 0.0, 0.0, 0.0, 0.0, 0.0, 1.0, 0.0, 0.0, 0.0, 0.0, 0.0, 1.0, 0.0, 0.0, 2.0, 1.0, 0.0, 1.0, 2.0, 1.0, 3.0, 3.0, 4.0, 3.0, 3.0, 3.0, 2.0, 1.0, 1.0, 0.0, 1.0, 3.0, 1.0, 3.0, 3.0, 1.0, 2.0, 0.0, 0.0, 0.0, 0.0, 1.0, 2.0, 1.0, 0.0, 0.0, 2.0, 0.0, 0.0, 2.0, 2.0, 1.0, 1.0, 1.0, 0.0, 0.0, 0.0, 0.0, 0.0, 0.0, 2.0], "bins": [-0.16922631859779358, -0.16342565417289734, -0.1576249897480011, -0.15182432532310486, -0.14602366089820862, -0.14022299647331238, -0.13442233204841614, -0.1286216676235199, -0.12282099574804306, -0.11702033132314682, -0.11121966689825058, -0.10541900247335434, -0.0996183305978775, -0.09381766617298126, -0.08801700174808502, -0.08221633732318878, -0.07641567289829254, -0.0706150084733963, -0.06481434404850006, -0.05901367962360382, -0.05321301519870758, -0.04741234332323074, -0.0416116863489151, -0.03581102192401886, -0.030010342597961426, -0.024209678173065186, -0.018409013748168945, -0.012608349323272705, -0.006807684898376465, -0.0010070204734802246, 0.004793643951416016, 0.010594308376312256, 0.016394972801208496, 0.022195637226104736, 0.027996301651000977, 0.03379696607589722, 0.03959763050079346, 0.0453982949256897, 0.05119895935058594, 0.05699962377548218, 0.06280028820037842, 0.06860096752643585, 0.07440163195133209, 0.08020229637622833, 0.08600294589996338, 0.09180361032485962, 0.09760427474975586, 0.1034049391746521, 0.10920563340187073, 0.11500629782676697, 0.12080696225166321, 0.12660762667655945, 0.1324082911014557, 0.13820895552635193, 0.14400961995124817, 0.1498102843761444, 0.15561094880104065, 0.1614116132259369, 0.16721227765083313, 0.17301294207572937, 0.1788136065006256, 0.18461427092552185, 0.1904149353504181, 0.19621559977531433, 0.20201626420021057]}, "gradients/fc.1.weight": {"_type": "histogram", "values": [1.0, 0.0, 1.0, 0.0, 0.0, 1.0, 0.0, 0.0, 1.0, 1.0, 0.0, 0.0, 1.0, 0.0, 1.0, 0.0, 3.0, 4.0, 2.0, 3.0, 2.0, 4.0, 3.0, 4.0, 6.0, 11.0, 7.0, 8.0, 9.0, 5.0, 11.0, 11.0, 14.0, 21.0, 14.0, 26.0, 20.0, 17.0, 8.0, 47.0, 51.0, 15.0, 2.0, 7.0, 11.0, 20.0, 24.0, 15.0, 22.0, 15.0, 15.0, 7.0, 9.0, 8.0, 5.0, 3.0, 3.0, 2.0, 1.0, 3.0, 1.0, 3.0, 1.0, 2.0], "bins": [-0.295221745967865, -0.2874964773654938, -0.27977120876312256, -0.27204596996307373, -0.2643207013607025, -0.2565954327583313, -0.24887016415596008, -0.24114489555358887, -0.23341964185237885, -0.22569438815116882, -0.2179691195487976, -0.2102438509464264, -0.20251858234405518, -0.19479332864284515, -0.18706806004047394, -0.17934280633926392, -0.1716175377368927, -0.16389226913452148, -0.15616701543331146, -0.14844174683094025, -0.14071649312973022, -0.132991224527359, -0.1252659559249878, -0.11754070222377777, -0.10981543362140656, -0.10209016501903534, -0.09436491131782532, -0.0866396427154541, -0.07891437411308289, -0.07118912041187286, -0.06346385180950165, -0.055738598108291626, -0.04801332950592041, -0.040288060903549194, -0.03256279230117798, -0.02483755350112915, -0.017112284898757935, -0.009387016296386719, -0.001661747694015503, 0.006063520908355713, 0.013788759708404541, 0.021514028310775757, 0.029239296913146973, 0.03696456551551819, 0.044689834117889404, 0.05241510272026062, 0.06014034152030945, 0.06786561012268066, 0.07559087872505188, 0.0833161473274231, 0.09104141592979431, 0.09876665472984314, 0.10649192333221436, 0.11421719193458557, 0.12194246053695679, 0.129667729139328, 0.13739299774169922, 0.14511823654174805, 0.15284350514411926, 0.16056877374649048, 0.1682940423488617, 0.1760193109512329, 0.18374454975128174, 0.19146981835365295, 0.19919508695602417]}, "gradients/fc.0.bias": {"_type": "histogram", "values": [2.0, 0.0, 0.0, 0.0, 0.0, 0.0, 0.0, 1.0, 0.0, 0.0, 1.0, 2.0, 3.0, 1.0, 1.0, 2.0, 0.0, 2.0, 0.0, 0.0, 0.0, 0.0, 0.0, 0.0, 0.0, 2.0, 0.0, 3.0, 2.0, 1.0, 3.0, 2.0, 0.0, 1.0, 0.0, 0.0, 0.0, 0.0, 0.0, 0.0, 0.0, 0.0, 0.0, 0.0, 0.0, 0.0, 0.0, 0.0, 0.0, 0.0, 0.0, 0.0, 0.0, 0.0, 0.0, 0.0, 0.0, 1.0, 1.0, 0.0, 0.0, 0.0, 0.0, 1.0], "bins": [-0.5743756890296936, -0.5501835346221924, -0.5259914398193359, -0.5017992854118347, -0.4776071310043335, -0.4534149765968323, -0.42922285199165344, -0.4050307273864746, -0.3808385729789734, -0.35664641857147217, -0.33245429396629333, -0.3082621693611145, -0.2840700149536133, -0.25987786054611206, -0.23568573594093323, -0.2114936113357544, -0.18730145692825317, -0.16310930252075195, -0.13891717791557312, -0.11472505331039429, -0.09053289890289307, -0.06634074449539185, -0.0421486496925354, -0.01795649528503418, 0.006235659122467041, 0.03042781352996826, 0.05461996793746948, 0.07881206274032593, 0.10300421714782715, 0.12719637155532837, 0.15138846635818481, 0.17558062076568604, 0.19977277517318726, 0.22396492958068848, 0.2481570839881897, 0.27234917879104614, 0.29654133319854736, 0.3207334876060486, 0.34492558240890503, 0.36911773681640625, 0.39330989122390747, 0.4175020456314087, 0.4416942000389099, 0.46588629484176636, 0.4900783896446228, 0.5142706036567688, 0.5384626984596252, 0.5626549124717712, 0.5868470072746277, 0.6110391020774841, 0.6352313160896301, 0.6594234108924866, 0.6836156249046326, 0.707807719707489, 0.7319998145103455, 0.7561920285224915, 0.7803841233253479, 0.8045762181282043, 0.8287684321403503, 0.8529605269432068, 0.8771526217460632, 0.9013448357582092, 0.9255369305610657, 0.9497291445732117, 0.9739212393760681]}, "gradients/fc.1.bias": {"_type": "histogram", "values": [1.0, 0.0, 0.0, 0.0, 0.0, 0.0, 0.0, 0.0, 0.0, 0.0, 0.0, 0.0, 0.0, 0.0, 0.0, 1.0, 1.0, 1.0, 0.0, 0.0, 0.0, 1.0, 0.0, 0.0, 1.0, 0.0, 2.0, 0.0, 0.0, 0.0, 0.0, 0.0, 0.0, 0.0, 0.0, 1.0, 0.0, 1.0, 2.0, 1.0, 0.0, 0.0, 0.0, 0.0, 0.0, 0.0, 0.0, 0.0, 0.0, 0.0, 0.0, 0.0, 1.0, 0.0, 1.0, 0.0, 0.0, 0.0, 0.0, 0.0, 0.0, 0.0, 0.0, 1.0], "bins": [-0.2580835819244385, -0.25194716453552246, -0.24581077694892883, -0.23967435956001282, -0.233537957072258, -0.22740155458450317, -0.22126515209674835, -0.21512874960899353, -0.2089923471212387, -0.2028559446334839, -0.19671952724456787, -0.19058313965797424, -0.18444672226905823, -0.1783103197813034, -0.17217391729354858, -0.16603749990463257, -0.15990111231803894, -0.15376469492912292, -0.1476282924413681, -0.14149188995361328, -0.13535548746585846, -0.12921908497810364, -0.12308268249034882, -0.1169462651014328, -0.11080986261367798, -0.10467346012592316, -0.09853705763816833, -0.09240065515041351, -0.08626425266265869, -0.08012783527374268, -0.07399143278598785, -0.06785503029823303, -0.06171862781047821, -0.05558222532272339, -0.04944582283496857, -0.043309420347213745, -0.03717300295829773, -0.031036600470542908, -0.024900197982788086, -0.018763795495033264, -0.012627393007278442, -0.006490975618362427, -0.00035458803176879883, 0.005781829357147217, 0.011918216943740845, 0.01805463433265686, 0.024191051721572876, 0.030327439308166504, 0.03646385669708252, 0.04260024428367615, 0.04873666167259216, 0.05487304925918579, 0.06100946664810181, 0.06714588403701782, 0.07328227162361145, 0.07941868901252747, 0.0855550765991211, 0.09169149398803711, 0.09782791137695312, 0.10396429896354675, 0.11010071635246277, 0.1162371039390564, 0.12237352132797241, 0.12850990891456604, 0.13464632630348206]}, "gradients/fc.2.bias": {"_type": "histogram", "values": [0.0, 0.0, 0.0, 0.0, 0.0, 0.0, 0.0, 0.0, 0.0, 0.0, 0.0, 0.0, 0.0, 0.0, 0.0, 0.0, 0.0, 0.0, 0.0, 0.0, 0.0, 0.0, 0.0, 0.0, 0.0, 0.0, 0.0, 0.0, 0.0, 0.0, 0.0, 0.0, 1.0, 0.0, 0.0, 0.0, 0.0, 0.0, 0.0, 0.0, 0.0, 0.0, 0.0, 0.0, 0.0, 0.0, 0.0, 0.0, 0.0, 0.0, 0.0, 0.0, 0.0, 0.0, 0.0, 0.0, 0.0, 0.0, 0.0, 0.0, 0.0, 0.0, 0.0, 0.0],