{"graph_0": {"_type": "graph-file", "path": "media/graph/graph_0_summary_314e3764.graph.json", "sha256": "314e3764d583e1c1a1797dbd9df65e30cadeb4f0ee58f9cd7941a8f3696543ac", "size": 691}, "ICM Loss": 0.013407117687165737, "_step": 4, "Intrinsic reward": 6.696852207183838, "Episode reward": {"_type": "torch.Tensor", "var": 5946.7919921875, "mean": -102.15228271484375, "min": -334.0682067871094, "max": 143.46875, "10%": -202.01337890625, "25%": -138.43582153320312, "75%": -60.26410961151123, "90%": -30.521748542785645, "size": 128}, "Extrinsic reward": -103.68690604225726, "_timestamp": 1585851037.4241674, "Loss": -12.762055397033691, "_runtime": 45.55560612678528}
