{"graph_0": {"_type": "graph-file", "path": "media/graph/graph_0_summary_67d1164c.graph.json", "sha256": "67d1164c71fdf90bebcb35b0ba769bb94f0174709587dfd1abdaeee23532a2fc", "size": 700}, "_timestamp": 1585508452.8151846, "Value Loss": 0.895504355430603, "Policy Loss": 8.554607391357422, "Episode length": 999, "Episode reward": -99.89999820981765, "_step": 84, "_runtime": 140.287127494812}
