{"graph_0": {"_type": "graph-file", "path": "media/graph/graph_0_summary_c47f7e6a.graph.json", "sha256": "c47f7e6a6a905e3dbdda8d3d83d5fb96f6cc5fc9461d7e8b1d7faca6688aba2a", "size": 700}, "_timestamp": 1585605301.830104, "Episode length": 794, "Episode reward": 21.28723406983063, "Policy Loss": 0.01473262533545494, "_step": 499, "Value Loss": 10.536735534667969, "_runtime": 7932.197234630585, "gradients/fc.2.bias": {"_type": "histogram", "values": [0.0, 0.0, 0.0, 0.0, 0.0, 0.0, 0.0, 0.0, 0.0, 0.0, 0.0, 0.0, 0.0, 0.0, 0.0, 0.0, 0.0, 0.0, 0.0, 0.0, 0.0, 0.0, 0.0, 0.0, 0.0, 0.0, 0.0, 0.0, 0.0, 0.0, 0.0, 0.0, 1.0, 0.0, 0.0, 0.0, 0.0, 0.0, 0.0, 0.0, 0.0, 0.0, 0.0, 0.0, 0.0, 0.0, 0.0, 0.0, 0.0, 0.0, 0.0, 0.0, 0.0, 0.0, 0.0, 0.0, 0.0, 0.0, 0.0, 0.0, 0.0, 0.0, 0.0, 0.0], "bins": [-0.16470018029212952, -0.16470018029212952, -0.16470018029212952, -0.16470018029212952, -0.16470018029212952, -0.16470018029212952, -0.16470018029212952, -0.16470018029212952, -0.16470018029212952, -0.16470018029212952, -0.16470018029212952, -0.16470018029212952, -0.16470018029212952, -0.16470018029212952, -0.16470018029212952, -0.16470018029212952, -0.16470018029212952, -0.16470018029212952, -0.16470018029212952, -0.16470018029212952, -0.16470018029212952, -0.16470018029212952, -0.16470018029212952, -0.16470018029212952, -0.16470018029212952, -0.16470018029212952, -0.16470018029212952, -0.16470018029212952, -0.16470018029212952, -0.16470018029212952, -0.16470018029212952, -0.16470018029212952, -0.16470018029212952, -0.16470018029212952, -0.16470018029212952, -0.16470018029212952, -0.16470018029212952, -0.16470018029212952, -0.16470018029212952, -0.16470018029212952, -0.16470018029212952, -0.16470018029212952, -0.16470018029212952, -0.16470018029212952, -0.16470018029212952, -0.16470018029212952, -0.16470018029212952, -0.16470018029212952, -0.16470018029212952, -0.16470018029212952, -0.16470018029212952, -0.16470018029212952, -0.16470018029212952, -0.16470018029212952, -0.16470018029212952, -0.16470018029212952, -0.16470018029212952, -0.16470018029212952, -0.16470018029212952, -0.16470018029212952, -0.16470018029212952, -0.16470018029212952, -0.16470018029212952, -0.16470018029212952, -0.16470018029212952]}, "gradients/fc.2.weight": {"_type": "histogram", "values": [1.0, 0.0, 0.0, 0.0, 0.0, 0.0, 1.0, 0.0, 0.0, 0.0, 0.0, 1.0, 0.0, 0.0, 1.0, 0.0, 1.0, 1.0, 0.0, 0.0, 0.0, 0.0, 0.0, 0.0, 0.0, 0.0, 0.0, 0.0, 0.0, 0.0, 0.0, 0.0, 0.0, 0.0, 0.0, 0.0, 0.0, 0.0, 0.0, 0.0, 0.0, 0.0, 0.0, 0.0, 0.0, 0.0, 0.0, 0.0, 0.0, 0.0, 0.0, 0.0, 0.0, 0.0, 0.0, 0.0, 0.0, 0.0, 0.0, 0.0, 0.0, 0.0, 0.0, 10.0], "bins": [-4.058778762817383, -3.9927868843078613, -3.92679500579834, -3.8608031272888184, -3.794811487197876, -3.7288196086883545, -3.662827730178833, -3.5968358516693115, -3.53084397315979, -3.4648523330688477, -3.398860454559326, -3.3328685760498047, -3.266876697540283, -3.2008848190307617, -3.1348929405212402, -3.0689010620117188, -3.0029091835021973, -2.936917304992676, -2.8709256649017334, -2.804933786392212, -2.7389419078826904, -2.672950267791748, -2.6069583892822266, -2.540966510772705, -2.4749746322631836, -2.408982753753662, -2.3429908752441406, -2.276998996734619, -2.2110071182250977, -2.145015239715576, -2.0790233612060547, -2.0130317211151123, -1.9470398426055908, -1.8810479640960693, -1.8150560855865479, -1.7490642070770264, -1.683072566986084, -1.6170806884765625, -1.551088809967041, -1.4850969314575195, -1.419105052947998, -1.3531131744384766, -1.2871215343475342, -1.2211296558380127, -1.1551377773284912, -1.0891458988189697, -1.0231540203094482, -0.9571621417999268, -0.8911705017089844, -0.8251786231994629, -0.7591867446899414, -0.6931948661804199, -0.6272029876708984, -0.561211109161377, -0.49521923065185547, -0.4292275905609131, -0.3632357120513916, -0.2972438335418701, -0.23125195503234863, -0.16526007652282715, -0.09926819801330566, -0.03327655792236328, 0.0327153205871582, 0.09870719909667969, 0.16469907760620117]}, "gradients/fc.1.bias": {"_type": "histogram", "values": [1.0, 0.0, 0.0, 0.0, 0.0, 0.0, 0.0, 0.0, 0.0, 0.0, 0.0, 0.0, 0.0, 1.0, 0.0, 0.0, 0.0, 0.0, 1.0, 0.0, 0.0, 0.0, 1.0, 0.0, 0.0, 0.0, 0.0, 0.0, 0.0, 1.0, 0.0, 0.0, 0.0, 0.0, 0.0, 0.0, 0.0, 0.0, 0.0, 0.0, 0.0, 1.0, 0.0, 0.0, 0.0, 0.0, 0.0, 0.0, 0.0, 0.0, 0.0, 0.0, 0.0, 0.0, 0.0, 0.0, 0.0, 0.0, 0.0, 0.0, 0.0, 0.0, 0.0, 10.0], "bins": [-0.24250131845474243, -0.23871199786663055, -0.23492266237735748, -0.2311333417892456, -0.22734402120113373, -0.22355470061302185, -0.21976536512374878, -0.2159760445356369, -0.21218672394752502, -0.20839738845825195, -0.20460806787014008, -0.2008187472820282, -0.19702941179275513, -0.19324009120464325, -0.18945077061653137, -0.1856614351272583, -0.18187211453914642, -0.17808279395103455, -0.17429345846176147, -0.1705041378736496, -0.16671481728553772, -0.16292548179626465, -0.15913616120815277, -0.1553468406200409, -0.15155750513076782, -0.14776818454265594, -0.14397886395454407, -0.140189528465271, -0.13640020787715912, -0.13261088728904724, -0.12882155179977417, -0.1250322461128235, -0.12124291062355042, -0.11745359003543854, -0.11366425454616547, -0.10987493395805359, -0.10608561336994171, -0.10229627788066864, -0.09850695729255676, -0.09471763670444489, -0.09092831611633301, -0.08713898062705994, -0.08334966003894806, -0.07956033945083618, -0.07577100396156311, -0.07198168337345123, -0.06819236278533936, -0.06440302729606628, -0.06061370670795441, -0.05682438611984253, -0.05303505063056946, -0.04924573004245758, -0.0454564094543457, -0.04166707396507263, -0.037877753376960754, -0.03408843278884888, -0.030299097299575806, -0.026509776711463928, -0.02272045612335205, -0.018931135535240173, -0.015141800045967102, -0.011352479457855225, -0.007563158869743347, -0.003773823380470276, 1.5497207641601562e-05]}, "gradients/fc.0.weight": {"_type": "histogram", "values": [2.0, 0.0, 0.0, 0.0, 1.0, 1.0, 0.0, 2.0, 0.0, 1.0, 0.0, 0.0, 0.0, 0.0, 0.0, 0.0, 0.0, 0.0, 0.0, 0.0, 0.0, 0.0, 0.0, 0.0, 1.0, 0.0, 1.0, 0.0, 0.0, 0.0, 0.0, 0.0, 0.0, 0.0, 1.0, 1.0, 0.0, 0.0, 0.0, 2.0, 1.0, 3.0, 7.0, 13.0, 3.0, 6.0, 3.0, 1.0, 0.0, 1.0, 2.0, 1.0, 1.0, 3.0, 1.0, 1.0, 1.0, 0.0, 0.0, 1.0, 0.0, 0.0, 1.0, 1.0], "bins": [-1.678234338760376, -1.6398231983184814, -1.601412057876587, -1.5630009174346924, -1.5245896577835083, -1.4861785173416138, -1.4477673768997192, -1.4093562364578247, -1.3709450960159302, -1.332533836364746, -1.2941226959228516, -1.255711555480957, -1.2173004150390625, -1.178889274597168, -1.1404781341552734, -1.102066993713379, -1.0636558532714844, -1.0252447128295898, -0.9868334531784058, -0.9484223127365112, -0.9100111722946167, -0.8715999722480774, -0.8331888318061829, -0.7947776913642883, -0.756366491317749, -0.7179553508758545, -0.67954421043396, -0.6411330699920654, -0.6027219295501709, -0.5643106698989868, -0.5258995294570923, -0.48748838901519775, -0.4490772485733032, -0.4106661081314087, -0.37225496768951416, -0.33384382724761963, -0.29543256759643555, -0.257021427154541, -0.21861028671264648, -0.18019914627075195, -0.14178800582885742, -0.10337686538696289, -0.06496560573577881, -0.026554465293884277, 0.011856675148010254, 0.050267815589904785, 0.08867895603179932, 0.12709009647369385, 0.16550135612487793, 0.20391249656677246, 0.242323637008667, 0.2807347774505615, 0.31914591789245605, 0.3575570583343506, 0.3959681987762451, 0.43437933921813965, 0.4727904796600342, 0.5112016201019287, 0.5496129989624023, 0.5880241394042969, 0.6264352798461914, 0.6648464202880859, 0.7032575607299805, 0.741668701171875, 0.7800798416137695]}, "gradients/fc.1.weight": {"_type": "histogram", "values": [1.0, 0.0, 0.0, 0.0, 0.0, 0.0, 1.0, 0.0, 0.0, 1.0, 1.0, 0.0, 0.0, 2.0, 2.0, 1.0, 0.0, 3.0, 0.0, 1.0, 5.0, 2.0, 2.0, 4.0, 2.0, 4.0, 2.0, 6.0, 4.0, 5.0, 3.0, 7.0, 4.0, 5.0, 3.0, 4.0, 6.0, 1.0, 5.0, 5.0, 2.0, 0.0, 2.0, 0.0, 0.0, 320.0, 2.0, 6.0, 9.0, 7.0, 7.0, 11.0, 11.0, 10.0, 8.0, 7.0, 6.0, 5.0, 2.0, 2.0, 1.0, 0.0, 1.0, 1.0],