{"graph_0": {"_type": "graph-file", "path": "media/graph/graph_0_summary_dc3d0a59.graph.json", "sha256": "dc3d0a59664baa9764ee0272279831da81f33a534b7857d19eef560849bfe0e3", "size": 700}, "_timestamp": 1585601304.1849263, "Episode length": 527, "Episode reward": 47.29999999999953, "Policy Loss": 1.6670042276382446, "_step": 499, "Value Loss": 16.919780731201172, "_runtime": 3934.552056789398, "gradients/fc.2.bias": {"_type": "histogram", "values": [0.0, 0.0, 0.0, 0.0, 0.0, 0.0, 0.0, 0.0, 0.0, 0.0, 0.0, 0.0, 0.0, 0.0, 0.0, 0.0, 0.0, 0.0, 0.0, 0.0, 0.0, 0.0, 0.0, 0.0, 0.0, 0.0, 0.0, 0.0, 0.0, 0.0, 0.0, 0.0, 1.0, 0.0, 0.0, 0.0, 0.0, 0.0, 0.0, 0.0, 0.0, 0.0, 0.0, 0.0, 0.0, 0.0, 0.0, 0.0, 0.0, 0.0, 0.0, 0.0, 0.0, 0.0, 0.0, 0.0, 0.0, 0.0, 0.0, 0.0, 0.0, 0.0, 0.0, 0.0], "bins": [-0.0019834889099001884, -0.0019834889099001884, -0.0019834889099001884, -0.0019834889099001884, -0.0019834889099001884, -0.0019834889099001884, -0.0019834889099001884, -0.0019834889099001884, -0.0019834889099001884, -0.0019834889099001884, -0.0019834889099001884, -0.0019834889099001884, -0.0019834889099001884, -0.0019834889099001884, -0.0019834889099001884, -0.0019834889099001884, -0.0019834889099001884, -0.0019834889099001884, -0.0019834889099001884, -0.0019834889099001884, -0.0019834889099001884, -0.0019834889099001884, -0.0019834889099001884, -0.0019834889099001884, -0.0019834889099001884, -0.0019834889099001884, -0.0019834889099001884, -0.0019834889099001884, -0.0019834889099001884, -0.0019834889099001884, -0.0019834889099001884, -0.0019834889099001884, -0.0019834889099001884, -0.0019834889099001884, -0.0019834889099001884, -0.0019834889099001884, -0.0019834889099001884, -0.0019834889099001884, -0.0019834889099001884, -0.0019834889099001884, -0.0019834889099001884, -0.0019834889099001884, -0.0019834889099001884, -0.0019834889099001884, -0.0019834889099001884, -0.0019834889099001884, -0.0019834889099001884, -0.0019834889099001884, -0.0019834889099001884, -0.0019834889099001884, -0.0019834889099001884, -0.0019834889099001884, -0.0019834889099001884, -0.0019834889099001884, -0.0019834889099001884, -0.0019834889099001884, -0.0019834889099001884, -0.0019834889099001884, -0.0019834889099001884, -0.0019834889099001884, -0.0019834889099001884, -0.0019834889099001884, -0.0019834889099001884, -0.0019834889099001884, -0.0019834889099001884]}, "gradients/fc.2.weight": {"_type": "histogram", "values": [1.0, 1.0, 0.0, 0.0, 0.0, 0.0, 0.0, 0.0, 0.0, 1.0, 0.0, 0.0, 0.0, 1.0, 0.0, 0.0, 0.0, 1.0, 0.0, 0.0, 0.0, 0.0, 0.0, 0.0, 0.0, 0.0, 0.0, 0.0, 0.0, 0.0, 0.0, 0.0, 0.0, 0.0, 0.0, 0.0, 0.0, 0.0, 0.0, 0.0, 0.0, 0.0, 0.0, 0.0, 0.0, 0.0, 0.0, 0.0, 0.0, 0.0, 6.0, 0.0, 0.0, 0.0, 1.0, 0.0, 0.0, 0.0, 0.0, 0.0, 0.0, 1.0, 1.0, 2.0], "bins": [-1.347306251525879, -1.3207229375839233, -1.2941397428512573, -1.2675564289093018, -1.2409731149673462, -1.2143898010253906, -1.1878066062927246, -1.161223292350769, -1.1346399784088135, -1.1080567836761475, -1.081473469734192, -1.0548901557922363, -1.0283069610595703, -1.0017236471176147, -0.9751403331756592, -0.9485570788383484, -0.9219738245010376, -0.895390510559082, -0.8688071966171265, -0.8422239422798157, -0.8156406879425049, -0.7890573740005493, -0.7624741196632385, -0.7358908653259277, -0.7093075513839722, -0.6827242970466614, -0.6561409831047058, -0.629557728767395, -0.6029744744300842, -0.5763911604881287, -0.5498079061508179, -0.5232245922088623, -0.4966413378715515, -0.4700580835342407, -0.44347476959228516, -0.41689151525497437, -0.3903082013130188, -0.363724946975708, -0.33714163303375244, -0.3105584383010864, -0.28397512435913086, -0.2573918104171753, -0.23080849647521973, -0.2042253017425537, -0.17764198780059814, -0.15105867385864258, -0.12447547912597656, -0.097892165184021, -0.07130885124206543, -0.044725656509399414, -0.018142342567443848, 0.008440971374511719, 0.035024285316467285, 0.0616074800491333, 0.08819079399108887, 0.11477410793304443, 0.14135730266571045, 0.16794061660766602, 0.19452393054962158, 0.2211071252822876, 0.24769043922424316, 0.27427375316619873, 0.3008570671081543, 0.3274402618408203, 0.3540235757827759]}, "gradients/fc.1.bias": {"_type": "histogram", "values": [1.0, 1.0, 0.0, 0.0, 0.0, 0.0, 1.0, 0.0, 0.0, 0.0, 0.0, 1.0, 0.0, 0.0, 0.0, 0.0, 0.0, 0.0, 0.0, 0.0, 2.0, 0.0, 0.0, 0.0, 0.0, 0.0, 0.0, 0.0, 0.0, 0.0, 0.0, 0.0, 0.0, 0.0, 0.0, 0.0, 0.0, 0.0, 0.0, 0.0, 0.0, 0.0, 0.0, 0.0, 0.0, 0.0, 0.0, 0.0, 5.0, 0.0, 0.0, 0.0, 0.0, 0.0, 0.0, 0.0, 0.0, 0.0, 0.0, 1.0, 1.0, 2.0, 0.0, 1.0], "bins": [-0.011882173828780651, -0.01163558941334486, -0.011389004997909069, -0.011142421513795853, -0.010895837098360062, -0.01064925268292427, -0.01040266826748848, -0.010156083852052689, -0.009909499436616898, -0.009662915021181107, -0.009416330605745316, -0.0091697471216321, -0.008923162706196308, -0.008676578290760517, -0.008429993875324726, -0.008183409459888935, -0.007936825975775719, -0.00769024109467864, -0.007443657144904137, -0.007197072729468346, -0.006950488314032555, -0.006703904364258051, -0.00645731994882226, -0.006210735533386469, -0.005964151583611965, -0.005717567168176174, -0.005470982752740383, -0.005224398337304592, -0.004977814387530088, -0.004731229972094297, -0.004484645556658506, -0.004238061606884003, -0.003991477191448212, -0.0037448927760124207, -0.0034983083605766296, -0.0032517239451408386, -0.0030051404610276222, -0.002758556045591831, -0.00251197163015604, -0.002265387214720249, -0.002018802799284458, -0.0017722183838486671, -0.0015256348997354507, -0.0012790504842996597, -0.0010324660688638687, -0.0007858816534280777, -0.0005392972379922867, -0.00029271282255649567, -4.6129338443279266e-05, 0.00020045507699251175, 0.00044703949242830276, 0.0006936239078640938, 0.0009402083232998848, 0.0011867927387356758, 0.0014333771541714668, 0.0016799606382846832, 0.0019265450537204742, 0.0021731294691562653, 0.0024197138845920563, 0.0026662983000278473, 0.0029128827154636383, 0.0031594661995768547, 0.0034060506150126457, 0.0036526350304484367, 0.0038992194458842278]}, "gradients/fc.0.weight": {"_type": "histogram", "values": [2.0, 3.0, 0.0, 1.0, 2.0, 0.0, 3.0, 2.0, 6.0, 17.0, 2.0, 1.0, 2.0, 0.0, 0.0, 1.0, 1.0, 2.0, 1.0, 1.0, 3.0, 0.0, 2.0, 1.0, 0.0, 0.0, 1.0, 0.0, 0.0, 0.0, 0.0, 0.0, 0.0, 0.0, 2.0, 0.0, 0.0, 0.0, 0.0, 1.0, 0.0, 0.0, 1.0, 0.0, 2.0, 0.0, 1.0, 0.0, 0.0, 0.0, 0.0, 0.0, 0.0, 1.0, 0.0, 0.0, 0.0, 0.0, 0.0, 0.0, 0.0, 0.0, 0.0, 2.0], "bins": [-0.04217296093702316, -0.03802775591611862, -0.03388254716992378, -0.02973734214901924, -0.02559213526546955, -0.02144692838191986, -0.01730172336101532, -0.01315651647746563, -0.00901130959391594, -0.004866104573011398, -0.0007208958268165588, 0.003424309194087982, 0.007569514214992523, 0.011714722961187363, 0.015859927982091904, 0.020005136728286743, 0.024150341749191284, 0.028295546770095825, 0.032440751791000366, 0.036585964262485504, 0.040731169283390045, 0.044876374304294586, 0.04902157932519913, 0.05316678434610367, 0.05731198936700821, 0.06145720183849335, 0.06560240685939789, 0.06974761188030243, 0.07389281690120697, 0.07803802192211151, 0.08218323439359665, 0.08632843941450119, 0.09047364443540573, 0.09461884945631027, 0.09876405447721481, 0.10290925949811935, 0.1070544645190239, 0.11119966953992844, 0.11534488946199417, 0.11949009448289871, 0.12363529950380325, 0.1277804970741272, 0.13192570209503174, 0.13607090711593628, 0.14021611213684082, 0.14436131715774536, 0.1485065221786499, 0.15265172719955444, 0.15679693222045898, 0.1609421670436859, 0.16508737206459045, 0.169232577085495, 0.17337778210639954, 0.17752298712730408, 0.18166819214820862, 0.18581339716911316, 0.1899586021900177, 0.19410380721092224, 0.19824901223182678, 0.20239421725273132, 0.20653942227363586, 0.2106846272945404, 0.21482983231544495, 0.2189750373363495, 0.22312024235725403]}, "gradients/fc.1.weight": {"_type": "histogram",