{"graph_0": {"_type": "graph-file", "path": "media/graph/graph_0_summary_f913addd.graph.json", "sha256": "f913addd7df16d35cac1f4b4e9c36adc8f54c13353824e780288bfd11e6c7329", "size": 700}, "_runtime": 96.71969604492188, "Episode length": 999, "Policy Loss": 3.0705721378326416, "_step": 53, "Episode reward": -99.8999999999986, "Value Loss": 0.2842267155647278, "_timestamp": 1585569906.2762098}
