{"graph_0": {"_type": "graph-file", "path": "media/graph/graph_0_summary_4bfa092b.graph.json", "sha256": "4bfa092b8777103f05d820b594e2a9a82c48e7aabb78f8548d7d3e4df31ff4c7", "size": 700}, "_timestamp": 1585604598.9429593, "Episode length": 540, "Episode reward": 45.99999999999951, "Policy Loss": 0.9999887943267822, "_step": 499, "Value Loss": 18.50074577331543, "_runtime": 7229.310089826584, "gradients/fc.2.bias": {"_type": "histogram", "values": [0.0, 0.0, 0.0, 0.0, 0.0, 0.0, 0.0, 0.0, 0.0, 0.0, 0.0, 0.0, 0.0, 0.0, 0.0, 0.0, 0.0, 0.0, 0.0, 0.0, 0.0, 0.0, 0.0, 0.0, 0.0, 0.0, 0.0, 0.0, 0.0, 0.0, 0.0, 0.0, 1.0, 0.0, 0.0, 0.0, 0.0, 0.0, 0.0, 0.0, 0.0, 0.0, 0.0, 0.0, 0.0, 0.0, 0.0, 0.0, 0.0, 0.0, 0.0, 0.0, 0.0, 0.0, 0.0, 0.0, 0.0, 0.0, 0.0, 0.0, 0.0, 0.0, 0.0, 0.0], "bins": [0.1241426169872284, 0.1241426169872284, 0.1241426169872284, 0.1241426169872284, 0.1241426169872284, 0.1241426169872284, 0.1241426169872284, 0.1241426169872284, 0.1241426169872284, 0.1241426169872284, 0.1241426169872284, 0.1241426169872284, 0.1241426169872284, 0.1241426169872284, 0.1241426169872284, 0.1241426169872284, 0.1241426169872284, 0.1241426169872284, 0.1241426169872284, 0.1241426169872284, 0.1241426169872284, 0.1241426169872284, 0.1241426169872284, 0.1241426169872284, 0.1241426169872284, 0.1241426169872284, 0.1241426169872284, 0.1241426169872284, 0.1241426169872284, 0.1241426169872284, 0.1241426169872284, 0.1241426169872284, 0.1241426169872284, 0.1241426169872284, 0.1241426169872284, 0.1241426169872284, 0.1241426169872284, 0.1241426169872284, 0.1241426169872284, 0.1241426169872284, 0.1241426169872284, 0.1241426169872284, 0.1241426169872284, 0.1241426169872284, 0.1241426169872284, 0.1241426169872284, 0.1241426169872284, 0.1241426169872284, 0.1241426169872284, 0.1241426169872284, 0.1241426169872284, 0.1241426169872284, 0.1241426169872284, 0.1241426169872284, 0.1241426169872284, 0.1241426169872284, 0.1241426169872284, 0.1241426169872284, 0.1241426169872284, 0.1241426169872284, 0.1241426169872284, 0.1241426169872284, 0.1241426169872284, 0.1241426169872284, 0.1241426169872284]}, "gradients/fc.2.weight": {"_type": "histogram", "values": [10.0, 0.0, 1.0, 0.0, 0.0, 0.0, 0.0, 0.0, 0.0, 0.0, 0.0, 0.0, 0.0, 0.0, 0.0, 0.0, 1.0, 0.0, 0.0, 0.0, 0.0, 0.0, 0.0, 0.0, 0.0, 0.0, 0.0, 0.0, 1.0, 0.0, 0.0, 0.0, 0.0, 0.0, 0.0, 0.0, 0.0, 0.0, 0.0, 0.0, 1.0, 0.0, 0.0, 0.0, 0.0, 0.0, 0.0, 0.0, 0.0, 0.0, 0.0, 1.0, 0.0, 0.0, 0.0, 0.0, 0.0, 0.0, 0.0, 0.0, 0.0, 0.0, 0.0, 1.0], "bins": [-0.12474927306175232, -0.034679993987083435, 0.05538928508758545, 0.14545854926109314, 0.23552784323692322, 0.3255971372127533, 0.4156663715839386, 0.5057356357574463, 0.5958049297332764, 0.6858742237091064, 0.7759435176849365, 0.8660128116607666, 0.9560819864273071, 1.0461512804031372, 1.1362205743789673, 1.2262898683547974, 1.3163591623306274, 1.4064284563064575, 1.4964977502822876, 1.5865670442581177, 1.6766363382339478, 1.7667055130004883, 1.8567748069763184, 1.946844220161438, 2.0369133949279785, 2.1269826889038086, 2.2170519828796387, 2.3071212768554688, 2.397190570831299, 2.487259864807129, 2.577329158782959, 2.667398452758789, 2.757467746734619, 2.847537040710449, 2.9376063346862793, 3.0276756286621094, 3.1177449226379395, 3.2078142166137695, 3.2978835105895996, 3.3879528045654297, 3.4780220985412598, 3.5680911540985107, 3.658160448074341, 3.748229742050171, 3.838299036026001, 3.92836856842041, 4.01843786239624, 4.10850715637207, 4.198575973510742, 4.288645267486572, 4.378714561462402, 4.468783855438232, 4.5588531494140625, 4.648922443389893, 4.738991737365723, 4.829061031341553, 4.919130325317383, 5.009199619293213, 5.099268913269043, 5.189338207244873, 5.279407501220703, 5.369476795196533, 5.459546089172363, 5.549615383148193, 5.639684677124023]}, "gradients/fc.1.bias": {"_type": "histogram", "values": [1.0, 0.0, 9.0, 0.0, 1.0, 0.0, 0.0, 0.0, 0.0, 0.0, 0.0, 0.0, 0.0, 0.0, 0.0, 0.0, 0.0, 0.0, 0.0, 1.0, 0.0, 0.0, 1.0, 0.0, 0.0, 1.0, 0.0, 0.0, 1.0, 0.0, 0.0, 0.0, 0.0, 0.0, 0.0, 0.0, 0.0, 0.0, 0.0, 0.0, 0.0, 0.0, 0.0, 0.0, 0.0, 0.0, 0.0, 0.0, 0.0, 0.0, 0.0, 0.0, 0.0, 0.0, 0.0, 0.0, 0.0, 0.0, 0.0, 0.0, 0.0, 0.0, 0.0, 1.0], "bins": [-0.022480666637420654, -0.014019870199263096, -0.005559073761105537, 0.0029017217457294464, 0.01136251911520958, 0.019823316484689713, 0.028284110128879547, 0.03674490749835968, 0.04520570486783981, 0.053666502237319946, 0.06212729960680008, 0.07058809697628021, 0.07904888689517975, 0.08750968426465988, 0.09597048163414001, 0.10443128645420074, 0.11289207637310028, 0.12135286629199982, 0.12981367111206055, 0.13827446103096008, 0.1467352658510208, 0.15519605576992035, 0.16365686058998108, 0.17211765050888062, 0.18057844042778015, 0.18903924524784088, 0.19750003516674042, 0.20596083998680115, 0.21442162990570068, 0.2228824347257614, 0.23134323954582214, 0.23980402946472168, 0.24826481938362122, 0.25672560930252075, 0.2651863992214203, 0.2736472189426422, 0.28210800886154175, 0.2905687987804413, 0.2990295886993408, 0.30749040842056274, 0.3159511983394623, 0.3244119882583618, 0.33287277817726135, 0.3413335680961609, 0.3497943878173828, 0.35825517773628235, 0.3667159676551819, 0.3751767575740814, 0.38363754749298096, 0.3920983672142029, 0.4005591571331024, 0.40901994705200195, 0.4174807369709015, 0.4259415566921234, 0.43440234661102295, 0.4428631365299225, 0.451323926448822, 0.45978471636772156, 0.4682455360889435, 0.476706326007843, 0.48516714572906494, 0.4936279058456421, 0.502088725566864, 0.5105494856834412, 0.5190103054046631]}, "gradients/fc.0.weight": {"_type": "histogram", "values": [1.0, 0.0, 0.0, 0.0, 0.0, 0.0, 0.0, 0.0, 0.0, 1.0, 0.0, 0.0, 0.0, 0.0, 0.0, 1.0, 0.0, 0.0, 0.0, 0.0, 0.0, 0.0, 1.0, 1.0, 0.0, 0.0, 0.0, 1.0, 0.0, 0.0, 1.0, 0.0, 0.0, 0.0, 0.0, 1.0, 0.0, 0.0, 0.0, 0.0, 0.0, 2.0, 1.0, 0.0, 0.0, 0.0, 1.0, 0.0, 0.0, 3.0, 11.0, 14.0, 7.0, 3.0, 2.0, 0.0, 3.0, 2.0, 1.0, 1.0, 2.0, 2.0, 0.0, 1.0], "bins": [-0.4895174205303192, -0.47995850443840027, -0.4703996181488037, -0.46084070205688477, -0.4512817859649658, -0.4417228698730469, -0.4321639835834503, -0.42260506749153137, -0.4130461812019348, -0.40348726511001587, -0.3939283490180969, -0.384369432926178, -0.3748105466365814, -0.3652516305446625, -0.3556927442550659, -0.346133828163147, -0.336574912071228, -0.3270159959793091, -0.31745707988739014, -0.3078981935977936, -0.29833927750587463, -0.2887803912162781, -0.27922147512435913, -0.2696625590324402, -0.26010364294052124, -0.2505447566509247, -0.24098584055900574, -0.2314269244670868, -0.22186803817749023, -0.2123091220855713, -0.20275020599365234, -0.1931913197040558, -0.18363240361213684, -0.1740734875202179, -0.16451460123062134, -0.1549556851387024, -0.14539676904678345, -0.1358378827571869, -0.12627896666526794, -0.116720050573349, -0.10716113448143005, -0.0976022481918335, -0.08804333209991455, -0.0784844160079956, -0.06892552971839905, -0.0593666136264801, -0.04980769753456116, -0.0402488112449646, -0.030689895153045654, -0.02113097906112671, -0.011572092771530151, -0.002013176679611206, 0.007545739412307739, 0.017104655504226685, 0.02666357159614563, 0.0362224280834198, 0.045781344175338745, 0.05534026026725769, 0.06489917635917664, 0.07445809245109558, 0.08401700854301453, 0.0935758650302887, 0.10313478112220764, 0.11269369721412659, 0.12225261330604553]}, "gradients/fc.1.weight": {"_type": "histogram", "values": [16.0, 4.0, 0.0, 0.0, 0.0, 0.0, 14.0, 38.0, 28.0, 6.0, 5.0, 333.0, 8.0, 0.0, 1.0, 1.0, 2.0, 0.0, 0.0, 2.0, 4.0, 6.0, 4.0, 5.0, 5.0, 7.0, 1.0, 4.0, 2.0, 1.0, 3.0, 0.0, 0.0, 1.0, 0.0, 0.0, 0.0, 0.0, 0.0, 0.0, 1.0, 0.0, 1.0, 0.0, 0.0, 0.0, 1.0, 2.0, 0.0, 2.0, 0.0, 0.0, 0.0, 1.0, 0.0, 1.0, 0.0, 0.0, 1.0, 0.0, 0.0, 0.0, 0.0, 1.0],