{"graph_0": {"_type": "graph-file", "path": "media/graph/graph_0_summary_7ce16971.graph.json", "sha256": "7ce1697191e08a0a56af7acb8c5cd46a6cb40b90507af824d15a3ddbe5959297", "size": 700}, "_timestamp": 1585608374.845709, "Episode length": 798, "Episode reward": 20.235561752319597, "Policy Loss": 1.247329592704773, "_step": 499, "Value Loss": 10.180870056152344, "_runtime": 11005.212839603424, "gradients/fc.2.bias": {"_type": "histogram", "values": [0.0, 0.0, 0.0, 0.0, 0.0, 0.0, 0.0, 0.0, 0.0, 0.0, 0.0, 0.0, 0.0, 0.0, 0.0, 0.0, 0.0, 0.0, 0.0, 0.0, 0.0, 0.0, 0.0, 0.0, 0.0, 0.0, 0.0, 0.0, 0.0, 0.0, 0.0, 0.0, 1.0, 0.0, 0.0, 0.0, 0.0, 0.0, 0.0, 0.0, 0.0, 0.0, 0.0, 0.0, 0.0, 0.0, 0.0, 0.0, 0.0, 0.0, 0.0, 0.0, 0.0, 0.0, 0.0, 0.0, 0.0, 0.0, 0.0, 0.0, 0.0, 0.0, 0.0, 0.0], "bins": [-2.8917598724365234, -2.8917598724365234, -2.8917598724365234, -2.8917598724365234, -2.8917598724365234, -2.8917598724365234, -2.8917598724365234, -2.8917598724365234, -2.8917598724365234, -2.8917598724365234, -2.8917598724365234, -2.8917598724365234, -2.8917598724365234, -2.8917598724365234, -2.8917598724365234, -2.8917598724365234, -2.8917598724365234, -2.8917598724365234, -2.8917598724365234, -2.8917598724365234, -2.8917598724365234, -2.8917598724365234, -2.8917598724365234, -2.8917598724365234, -2.8917598724365234, -2.8917598724365234, -2.8917598724365234, -2.8917598724365234, -2.8917598724365234, -2.8917598724365234, -2.8917598724365234, -2.8917598724365234, -2.8917598724365234, -2.8917598724365234, -2.8917598724365234, -2.8917598724365234, -2.8917598724365234, -2.8917598724365234, -2.8917598724365234, -2.8917598724365234, -2.8917598724365234, -2.8917598724365234, -2.8917598724365234, -2.8917598724365234, -2.8917598724365234, -2.8917598724365234, -2.8917598724365234, -2.8917598724365234, -2.8917598724365234, -2.8917598724365234, -2.8917598724365234, -2.8917598724365234, -2.8917598724365234, -2.8917598724365234, -2.8917598724365234, -2.8917598724365234, -2.8917598724365234, -2.8917598724365234, -2.8917598724365234, -2.8917598724365234, -2.8917598724365234, -2.8917598724365234, -2.8917598724365234, -2.8917598724365234, -2.8917598724365234]}, "gradients/fc.2.weight": {"_type": "histogram", "values": [1.0, 0.0, 0.0, 0.0, 0.0, 0.0, 0.0, 0.0, 0.0, 0.0, 0.0, 0.0, 0.0, 0.0, 0.0, 0.0, 0.0, 0.0, 0.0, 0.0, 0.0, 0.0, 0.0, 0.0, 0.0, 0.0, 0.0, 0.0, 0.0, 0.0, 0.0, 0.0, 0.0, 1.0, 0.0, 0.0, 0.0, 0.0, 0.0, 0.0, 0.0, 0.0, 0.0, 0.0, 1.0, 0.0, 0.0, 0.0, 0.0, 0.0, 1.0, 0.0, 0.0, 0.0, 0.0, 0.0, 0.0, 0.0, 0.0, 0.0, 0.0, 0.0, 0.0, 12.0], "bins": [-211.6160125732422, -208.24815368652344, -204.88027954101562, -201.51242065429688, -198.14456176757812, -194.77670288085938, -191.40882873535156, -188.0409698486328, -184.673095703125, -181.30523681640625, -177.9373779296875, -174.56951904296875, -171.20164489746094, -167.8337860107422, -164.46591186523438, -161.09805297851562, -157.73019409179688, -154.36233520507812, -150.99447631835938, -147.62660217285156, -144.2587432861328, -140.890869140625, -137.52301025390625, -134.1551513671875, -130.78729248046875, -127.41941833496094, -124.05155944824219, -120.6836929321289, -117.31582641601562, -113.94796752929688, -110.5801010131836, -107.21224212646484, -103.84437561035156, -100.47650909423828, -97.10865020751953, -93.74078369140625, -90.3729248046875, -87.00505828857422, -83.63719177246094, -80.26933288574219, -76.90147399902344, -73.53359985351562, -70.16574096679688, -66.79788208007812, -63.43000793457031, -60.06214904785156, -56.69429016113281, -53.326416015625, -49.95855712890625, -46.5906982421875, -43.22282409667969, -39.85496520996094, -36.48710632324219, -33.119232177734375, -29.751373291015625, -26.383514404296875, -23.015640258789062, -19.647781372070312, -16.279922485351562, -12.912063598632812, -9.544189453125, -6.17633056640625, -2.8084716796875, 0.5594024658203125, 3.9272613525390625]}, "gradients/fc.1.bias": {"_type": "histogram", "values": [1.0, 0.0, 0.0, 0.0, 0.0, 0.0, 0.0, 0.0, 0.0, 0.0, 0.0, 0.0, 0.0, 0.0, 0.0, 0.0, 0.0, 0.0, 1.0, 0.0, 0.0, 0.0, 0.0, 0.0, 0.0, 0.0, 0.0, 1.0, 0.0, 0.0, 0.0, 0.0, 0.0, 0.0, 0.0, 0.0, 0.0, 0.0, 0.0, 0.0, 0.0, 0.0, 1.0, 0.0, 0.0, 0.0, 0.0, 0.0, 0.0, 0.0, 0.0, 0.0, 0.0, 0.0, 0.0, 0.0, 0.0, 0.0, 0.0, 0.0, 0.0, 0.0, 0.0, 12.0], "bins": [-6.7378764152526855, -6.6318278312683105, -6.525778770446777, -6.419730186462402, -6.313681602478027, -6.207633018493652, -6.101583957672119, -5.995535373687744, -5.889486789703369, -5.783437728881836, -5.677389144897461, -5.571340560913086, -5.465291976928711, -5.359242916107178, -5.253194332122803, -5.1471452713012695, -5.0410966873168945, -4.9350481033325195, -4.8289995193481445, -4.7229509353637695, -4.616901874542236, -4.510853290557861, -4.404804229736328, -4.298755645751953, -4.192707061767578, -4.086658477783203, -3.980609655380249, -3.874560832977295, -3.768512010574341, -3.662463426589966, -3.5564146041870117, -3.4503660202026367, -3.3443171977996826, -3.2382683753967285, -3.1322197914123535, -3.0261709690093994, -2.9201223850250244, -2.8140735626220703, -2.7080249786376953, -2.601975917816162, -2.495927333831787, -2.389878749847412, -2.283830165863037, -2.177781105041504, -2.071732521057129, -1.965683937072754, -1.8596348762512207, -1.7535862922668457, -1.6475377082824707, -1.5414886474609375, -1.4354400634765625, -1.3293914794921875, -1.2233428955078125, -1.1172938346862793, -1.0112452507019043, -0.9051966667175293, -0.7991476058959961, -0.6930990219116211, -0.5870504379272461, -0.4810013771057129, -0.3749527931213379, -0.2689042091369629, -0.1628556251525879, -0.05680656433105469, 0.04924201965332031]}, "gradients/fc.0.weight": {"_type": "histogram", "values": [1.0, 0.0, 0.0, 0.0, 0.0, 2.0, 0.0, 2.0, 0.0, 1.0, 0.0, 0.0, 0.0, 0.0, 1.0, 0.0, 4.0, 13.0, 4.0, 8.0, 8.0, 0.0, 1.0, 1.0, 0.0, 0.0, 2.0, 0.0, 0.0, 0.0, 0.0, 0.0, 0.0, 0.0, 0.0, 0.0, 0.0, 0.0, 0.0, 0.0, 0.0, 0.0, 1.0, 0.0, 0.0, 0.0, 0.0, 0.0, 0.0, 1.0, 2.0, 2.0, 1.0, 3.0, 0.0, 1.0, 0.0, 0.0, 1.0, 1.0, 0.0, 1.0, 0.0, 2.0], "bins": [-9.100387573242188, -8.628965377807617, -8.157543182373047, -7.68612003326416, -7.21469783782959, -6.7432756423950195, -6.271852970123291, -5.8004302978515625, -5.329008102416992, -4.857585906982422, -4.386163234710693, -3.914740562438965, -3.4433183670043945, -2.971896171569824, -2.5004734992980957, -2.029050827026367, -1.5576286315917969, -1.0862064361572266, -0.6147842407226562, -0.14336109161376953, 0.3280611038208008, 0.7994832992553711, 1.2709064483642578, 1.7423286437988281, 2.2137508392333984, 2.6851730346679688, 3.156595230102539, 3.628018379211426, 4.099440574645996, 4.570862770080566, 5.042285919189453, 5.513708114624023, 5.985130310058594, 6.456552505493164, 6.927974700927734, 7.399396896362305, 7.870819091796875, 8.342243194580078, 8.813665390014648, 9.285087585449219, 9.756509780883789, 10.22793197631836, 10.69935417175293, 11.1707763671875, 11.642200469970703, 12.113622665405273, 12.585044860839844, 13.056467056274414, 13.527889251708984, 13.999311447143555, 14.470733642578125, 14.942155838012695, 15.413578033447266, 15.885002136230469, 16.35642433166504, 16.82784652709961, 17.29926872253418, 17.77069091796875, 18.24211311340332, 18.71353530883789, 19.184959411621094, 19.656381607055664, 20.127803802490234, 20.599225997924805, 21.070648193359375]}, "gradients/fc.1.weight": {"_type": "histogram", "values": [1.0, 0.0, 0.0, 0.0, 0.0, 0.0, 0.0, 1.0, 0.0, 0.0, 0.0, 0.0, 0.0, 0.0, 1.0, 1.0, 0.0, 0.0, 0.0, 1.0, 0.0, 0.0, 1.0, 0.0, 0.0, 1.0, 1.0, 1.0, 1.0, 2.0, 2.0, 1.0, 1.0, 3.0, 3.0, 3.0, 2.0, 3.0, 6.0, 4.0, 5.0, 1.0, 1.0, 4.0, 6.0, 4.0, 1.0, 2.0, 1.0, 3.0, 10.0, 386.0, 1.0, 8.0, 3.0, 10.0, 6.0, 6.0, 5.0, 4.0, 2.0, 1.0, 0.0, 2.0],