{"graph_0": {"_type": "graph-file", "path": "media/graph/graph_0_summary_9244b212.graph.json", "sha256": "9244b2120dcd77ae5f7b2653c06d05688be7a8c22319e412e4d0cfd962ef87b4", "size": 700}, "_timestamp": 1585613767.5504398, "Episode length": 999, "Episode reward": -99.83847913837387, "Policy Loss": 0.08324010670185089, "_step": 499, "Value Loss": 0.011677485890686512, "_runtime": 16397.917570352554, "gradients/fc.2.bias": {"_type": "histogram", "values": [0.0, 0.0, 0.0, 0.0, 0.0, 0.0, 0.0, 0.0, 0.0, 0.0, 0.0, 0.0, 0.0, 0.0, 0.0, 0.0, 0.0, 0.0, 0.0, 0.0, 0.0, 0.0, 0.0, 0.0, 0.0, 0.0, 0.0, 0.0, 0.0, 0.0, 0.0, 0.0, 1.0, 0.0, 0.0, 0.0, 0.0, 0.0, 0.0, 0.0, 0.0, 0.0, 0.0, 0.0, 0.0, 0.0, 0.0, 0.0, 0.0, 0.0, 0.0, 0.0, 0.0, 0.0, 0.0, 0.0, 0.0, 0.0, 0.0, 0.0, 0.0, 0.0, 0.0, 0.0], "bins": [-0.012745258398354053, -0.012745258398354053, -0.012745258398354053, -0.012745258398354053, -0.012745258398354053, -0.012745258398354053, -0.012745258398354053, -0.012745258398354053, -0.012745258398354053, -0.012745258398354053, -0.012745258398354053, -0.012745258398354053, -0.012745258398354053, -0.012745258398354053, -0.012745258398354053, -0.012745258398354053, -0.012745258398354053, -0.012745258398354053, -0.012745258398354053, -0.012745258398354053, -0.012745258398354053, -0.012745258398354053, -0.012745258398354053, -0.012745258398354053, -0.012745258398354053, -0.012745258398354053, -0.012745258398354053, -0.012745258398354053, -0.012745258398354053, -0.012745258398354053, -0.012745258398354053, -0.012745258398354053, -0.012745258398354053, -0.012745258398354053, -0.012745258398354053, -0.012745258398354053, -0.012745258398354053, -0.012745258398354053, -0.012745258398354053, -0.012745258398354053, -0.012745258398354053, -0.012745258398354053, -0.012745258398354053, -0.012745258398354053, -0.012745258398354053, -0.012745258398354053, -0.012745258398354053, -0.012745258398354053, -0.012745258398354053, -0.012745258398354053, -0.012745258398354053, -0.012745258398354053, -0.012745258398354053, -0.012745258398354053, -0.012745258398354053, -0.012745258398354053, -0.012745258398354053, -0.012745258398354053, -0.012745258398354053, -0.012745258398354053, -0.012745258398354053, -0.012745258398354053, -0.012745258398354053, -0.012745258398354053, -0.012745258398354053]}, "gradients/fc.2.weight": {"_type": "histogram", "values": [1.0, 0.0, 1.0, 1.0, 0.0, 0.0, 0.0, 0.0, 1.0, 0.0, 0.0, 0.0, 0.0, 0.0, 0.0, 0.0, 0.0, 0.0, 0.0, 0.0, 0.0, 0.0, 0.0, 0.0, 0.0, 0.0, 0.0, 0.0, 0.0, 0.0, 0.0, 0.0, 0.0, 0.0, 0.0, 0.0, 0.0, 0.0, 0.0, 0.0, 0.0, 0.0, 0.0, 0.0, 1.0, 1.0, 0.0, 0.0, 0.0, 1.0, 0.0, 0.0, 0.0, 0.0, 0.0, 2.0, 1.0, 0.0, 0.0, 0.0, 0.0, 0.0, 0.0, 6.0], "bins": [-0.607836902141571, -0.598140299320221, -0.5884436964988708, -0.5787470936775208, -0.5690504908561707, -0.5593539476394653, -0.5496573448181152, -0.5399607419967651, -0.530264139175415, -0.5205675363540649, -0.5108709335327148, -0.5011743307113647, -0.49147772789001465, -0.48178115487098694, -0.47208455204963684, -0.46238797903060913, -0.45269137620925903, -0.44299477338790894, -0.43329817056655884, -0.42360156774520874, -0.41390496492385864, -0.40420836210250854, -0.39451178908348083, -0.38481518626213074, -0.37511858344078064, -0.36542201042175293, -0.35572540760040283, -0.34602880477905273, -0.33633220195770264, -0.32663559913635254, -0.31693902611732483, -0.30724242329597473, -0.29754582047462463, -0.28784921765327454, -0.27815261483192444, -0.26845604181289673, -0.25875943899154663, -0.24906283617019653, -0.23936623334884644, -0.22966966032981873, -0.21997305750846863, -0.21027645468711853, -0.20057985186576843, -0.19088324904441833, -0.18118667602539062, -0.17149007320404053, -0.16179347038269043, -0.15209686756134033, -0.14240026473999023, -0.13270369172096252, -0.12300708889961243, -0.11331048607826233, -0.10361391305923462, -0.09391731023788452, -0.08422070741653442, -0.07452410459518433, -0.06482750177383423, -0.05513089895248413, -0.04543429613113403, -0.035737693309783936, -0.026041150093078613, -0.016344547271728516, -0.006647944450378418, 0.0030486583709716797, 0.012745261192321777]}, "gradients/fc.1.bias": {"_type": "histogram", "values": [1.0, 0.0, 0.0, 0.0, 0.0, 0.0, 0.0, 0.0, 0.0, 0.0, 0.0, 0.0, 0.0, 0.0, 0.0, 0.0, 1.0, 0.0, 0.0, 0.0, 1.0, 0.0, 1.0, 1.0, 0.0, 0.0, 0.0, 1.0, 1.0, 0.0, 0.0, 0.0, 0.0, 0.0, 0.0, 0.0, 0.0, 0.0, 1.0, 0.0, 0.0, 0.0, 0.0, 0.0, 0.0, 0.0, 0.0, 0.0, 0.0, 0.0, 0.0, 0.0, 0.0, 0.0, 0.0, 0.0, 1.0, 0.0, 0.0, 0.0, 0.0, 6.0, 0.0, 1.0], "bins": [-0.02788696438074112, -0.02743608132004738, -0.026985198259353638, -0.026534315198659897, -0.026083430275321007, -0.025632547214627266, -0.025181664153933525, -0.024730781093239784, -0.024279898032546043, -0.023829014971852303, -0.023378130048513412, -0.02292724698781967, -0.02247636392712593, -0.02202548086643219, -0.02157459780573845, -0.021123714745044708, -0.020672831684350967, -0.020221948623657227, -0.019771065562963486, -0.019320182502269745, -0.018869297578930855, -0.018418414518237114, -0.017967531457543373, -0.017516648396849632, -0.017065763473510742, -0.016614880412817, -0.01616399735212326, -0.01571311429142952, -0.015262231230735779, -0.014811348170042038, -0.014360465109348297, -0.013909581117331982, -0.01345869805663824, -0.0130078149959445, -0.012556931003928185, -0.012106047943234444, -0.011655164882540703, -0.011204281821846962, -0.010753398761153221, -0.01030251570045948, -0.00985163077712059, -0.00940074771642685, -0.008949864655733109, -0.008498981595039368, -0.008048098534345627, -0.007597215473651886, -0.007146332412958145, -0.006695447489619255, -0.006244564428925514, -0.005793681368231773, -0.0053427983075380325, -0.004891915246844292, -0.004441032186150551, -0.00399014912545681, -0.00353926420211792, -0.003088381141424179, -0.0026374980807304382, -0.0021866150200366974, -0.0017357319593429565, -0.0012848488986492157, -0.0008339658379554749, -0.0003830809146165848, 6.780214607715607e-05, 0.0005186852067708969, 0.0009695682674646378]}, "gradients/fc.0.weight": {"_type": "histogram", "values": [2.0, 1.0, 4.0, 2.0, 0.0, 0.0, 1.0, 2.0, 2.0, 0.0, 0.0, 0.0, 2.0, 2.0, 1.0, 1.0, 3.0, 1.0, 2.0, 1.0, 1.0, 2.0, 1.0, 0.0, 0.0, 5.0, 6.0, 5.0, 3.0, 0.0, 0.0, 1.0, 0.0, 0.0, 1.0, 1.0, 0.0, 0.0, 2.0, 0.0, 0.0, 0.0, 0.0, 0.0, 0.0, 0.0, 0.0, 2.0, 0.0, 0.0, 2.0, 1.0, 0.0, 0.0, 0.0, 1.0, 0.0, 2.0, 0.0, 0.0, 0.0, 0.0, 0.0, 1.0], "bins": [-0.022423988208174706, -0.020995134487748146, -0.019566282629966736, -0.018137428909540176, -0.016708575189113617, -0.015279721468687057, -0.013850868679583073, -0.012422015890479088, -0.010993162170052528, -0.009564308449625969, -0.008135455660521984, -0.006706602871417999, -0.00527774915099144, -0.0038488954305648804, -0.00242004357278347, -0.0009911898523569107, 0.00043766386806964874, 0.0018665175884962082, 0.0032953713089227676, 0.004724223166704178, 0.006153076887130737, 0.007581930607557297, 0.009010782465338707, 0.010439636185765266, 0.011868489906191826, 0.013297343626618385, 0.014726197347044945, 0.016155051067471504, 0.017583901062607765, 0.019012754783034325, 0.020441608503460884, 0.021870462223887444, 0.023299315944314003, 0.024728169664740562, 0.026157023385167122, 0.02758587710559368, 0.02901473082602024, 0.030443580821156502, 0.03187243640422821, 0.03330128639936447, 0.03473014384508133, 0.03615899384021759, 0.03758785128593445, 0.03901670128107071, 0.04044555127620697, 0.04187440872192383, 0.04330325871706009, 0.04473211616277695, 0.04616096615791321, 0.04758981615304947, 0.04901867359876633, 0.05044752359390259, 0.051876381039619446, 0.05330523103475571, 0.054734088480472565, 0.056162938475608826, 0.05759178847074509, 0.059020645916461945, 0.060449495911598206, 0.061878353357315063, 0.06330720335245132, 0.06473606079816818, 0.06616491079330444, 0.0675937682390213, 0.06902261823415756]}, "gradients/fc.1.weight": {"_type": "histogram",