{"graph_0": {"_type": "graph", "format": "torch", "nodes": [{"name": "fc.0", "id": 5096275416, "class_name": "Linear(in_features=2, out_features=32, bias=True)", "parameters": [["weight", [32, 2]], ["bias", [32]]], "output_shape": [[1, 32]], "num_parameters": [64, 32]}, {"name": "fc.1", "id": 5096275528, "class_name": "Linear(in_features=32, out_features=16, bias=True)", "parameters": [["weight", [16, 32]], ["bias", [16]]], "output_shape": [[1, 16]], "num_parameters": [512, 16]}, {"name": "fc.2", "id": 5096321544, "class_name": "Linear(in_features=16, out_features=1, bias=True)", "parameters": [["weight", [1, 16]], ["bias", [1]]], "output_shape": [[1, 1]], "num_parameters": [16, 1]}], "edges": []}, "Episode reward": -94.57014272728222, "_step": 499, "Episode length": 999, "_timestamp": 1585419249.217723, "Policy Loss": -0.12661074101924896, "Value Loss": 0.025671998038887978, "_runtime": 672.0712168216705, "gradients/fc.1.bias": {"_type": "histogram", "values": [1.0, 0.0, 0.0, 0.0, 1.0, 0.0, 0.0, 0.0, 0.0, 0.0, 0.0, 0.0, 1.0, 0.0, 0.0, 0.0, 0.0, 0.0, 0.0, 0.0, 1.0, 0.0, 0.0, 0.0, 0.0, 1.0, 1.0, 1.0, 1.0, 0.0, 0.0, 1.0, 0.0, 1.0, 0.0, 0.0, 0.0, 0.0, 1.0, 1.0, 1.0, 0.0, 0.0, 0.0, 1.0, 0.0, 1.0, 0.0, 0.0, 0.0, 0.0, 0.0, 0.0, 0.0, 0.0, 0.0, 0.0, 0.0, 0.0, 0.0, 0.0, 0.0, 0.0, 1.0], "bins": [-2.275973081588745, -2.200845956802368, -2.1257190704345703, -2.0505919456481934, -1.9754648208618164, -1.900337815284729, -1.8252108097076416, -1.7500836849212646, -1.6749566793441772, -1.5998296737670898, -1.524702548980713, -1.4495755434036255, -1.374448537826538, -1.2993214130401611, -1.2241944074630737, -1.1490672826766968, -1.0739402770996094, -0.998813271522522, -0.923686146736145, -0.8485591411590576, -0.7734320163726807, -0.6983050107955933, -0.6231780052185059, -0.5480508804321289, -0.4729238748550415, -0.3977968692779541, -0.32266974449157715, -0.2475426197052002, -0.17241573333740234, -0.09728860855102539, -0.022161483764648438, 0.052965402603149414, 0.12809252738952637, 0.20321965217590332, 0.27834653854370117, 0.3534736633300781, 0.4286007881164551, 0.5037276744842529, 0.5788547992706299, 0.6539819240570068, 0.7291090488433838, 0.8042359352111816, 0.8793630599975586, 0.9544901847839355, 1.0296170711517334, 1.1047441959381104, 1.1798713207244873, 1.2549982070922852, 1.330125331878662, 1.405252456665039, 1.480379343032837, 1.5555064678192139, 1.6306335926055908, 1.7057604789733887, 1.7808878421783447, 1.8560144901275635, 1.9311416149139404, 2.0062687397003174, 2.0813958644866943, 2.1565229892730713, 2.2316501140594482, 2.306776762008667, 2.381903886795044, 2.457031011581421, 2.532158136367798]}, "gradients/fc.0.weight": {"_type": "histogram", "values": [1.0, 0.0, 0.0, 0.0, 0.0, 0.0, 2.0, 0.0, 0.0, 1.0, 1.0, 0.0, 0.0, 1.0, 1.0, 2.0, 0.0, 0.0, 1.0, 2.0, 2.0, 1.0, 0.0, 32.0, 1.0, 2.0, 1.0, 1.0, 0.0, 0.0, 0.0, 0.0, 1.0, 0.0, 0.0, 0.0, 2.0, 0.0, 0.0, 0.0, 0.0, 1.0, 1.0, 1.0, 0.0, 0.0, 1.0, 1.0, 0.0, 0.0, 2.0, 0.0, 0.0, 0.0, 0.0, 0.0, 0.0, 1.0, 0.0, 0.0, 0.0, 0.0, 0.0, 1.0], "bins": [-0.7221312522888184, -0.691823422908783, -0.6615155935287476, -0.6312077641487122, -0.6008999347686768, -0.5705920457839966, -0.5402842164039612, -0.5099763870239258, -0.4796685576438904, -0.449360728263855, -0.4190528988838196, -0.3887450397014618, -0.3584372103214264, -0.328129380941391, -0.2978215217590332, -0.2675136923789978, -0.2372058629989624, -0.206898033618927, -0.1765902042388916, -0.1462823748588562, -0.1159745454788208, -0.08566665649414062, -0.055358827114105225, -0.025050997734069824, 0.005256831645965576, 0.03556466102600098, 0.06587249040603638, 0.09618031978607178, 0.12648820877075195, 0.15679603815078735, 0.18710386753082275, 0.21741169691085815, 0.24771952629089355, 0.27802741527557373, 0.30833518505096436, 0.33864307403564453, 0.36895084381103516, 0.39925873279571533, 0.42956650257110596, 0.45987439155578613, 0.49018216133117676, 0.5204900503158569, 0.5507979393005371, 0.5811057090759277, 0.6114135980606079, 0.6417213678359985, 0.6720292568206787, 0.7023370265960693, 0.7326449155807495, 0.7629528045654297, 0.7932605743408203, 0.8235684633255005, 0.8538762331008911, 0.8841841220855713, 0.9144918918609619, 0.9447997808456421, 0.9751076698303223, 1.005415439605713, 1.035723328590393, 1.0660310983657837, 1.0963389873504639, 1.1266467571258545, 1.1569546461105347, 1.1872624158859253, 1.2175703048706055]}, "gradients/fc.2.weight": {"_type": "histogram", "values": [1.0, 0.0, 0.0, 0.0, 0.0, 1.0, 0.0, 0.0, 0.0, 0.0, 0.0, 0.0, 0.0, 0.0, 0.0, 0.0, 0.0, 0.0, 0.0, 0.0, 0.0, 0.0, 1.0, 0.0, 0.0, 0.0, 1.0, 0.0, 0.0, 0.0, 2.0, 0.0, 0.0, 0.0, 0.0, 0.0, 0.0, 0.0, 0.0, 1.0, 2.0, 1.0, 0.0, 0.0, 0.0, 1.0, 1.0, 0.0, 0.0, 0.0, 0.0, 0.0, 1.0, 0.0, 0.0, 0.0, 1.0, 0.0, 0.0, 0.0, 0.0, 0.0, 1.0, 1.0], "bins": [-4.3250322341918945, -4.217339038848877, -4.109645366668701, -4.001952171325684, -3.894258975982666, -3.7865655422210693, -3.6788721084594727, -3.571178913116455, -3.4634854793548584, -3.3557920455932617, -3.248098850250244, -3.1404054164886475, -3.032711982727051, -2.925018787384033, -2.8173253536224365, -2.70963191986084, -2.6019387245178223, -2.4942455291748047, -2.386552095413208, -2.2788586616516113, -2.1711654663085938, -2.063472032546997, -1.9557785987854004, -1.8480854034423828, -1.7403919696807861, -1.6326985359191895, -1.5250053405761719, -1.4173119068145752, -1.3096184730529785, -1.201925277709961, -1.0942318439483643, -0.9865386486053467, -0.87884521484375, -0.7711517810821533, -0.6634585857391357, -0.5557651519775391, -0.4480719566345215, -0.3403785228729248, -0.23268508911132812, -0.12499189376831055, -0.01729869842529297, 0.09039497375488281, 0.1980881690979004, 0.30578136444091797, 0.41347503662109375, 0.5211682319641113, 0.6288614273071289, 0.7365550994873047, 0.8442482948303223, 0.9519414901733398, 1.0596351623535156, 1.1673283576965332, 1.2750215530395508, 1.3827152252197266, 1.4904084205627441, 1.5981016159057617, 1.7057952880859375, 1.813488483428955, 1.9211816787719727, 2.0288748741149902, 2.136568546295166, 2.2442617416381836, 2.351954936981201, 2.459648609161377, 2.5673418045043945]}, "gradients/fc.2.bias": {"_type": "histogram", "values": [0.0, 0.0, 0.0, 0.0, 0.0, 0.0, 0.0, 0.0, 0.0, 0.0, 0.0, 0.0, 0.0, 0.0, 0.0, 0.0, 0.0, 0.0, 0.0, 0.0, 0.0, 0.0, 0.0, 0.0, 0.0, 0.0, 0.0, 0.0, 0.0, 0.0, 0.0, 0.0, 1.0, 0.0, 0.0, 0.0, 0.0, 0.0, 0.0, 0.0, 0.0, 0.0, 0.0, 0.0, 0.0, 0.0, 0.0, 0.0, 0.0, 0.0, 0.0, 0.0, 0.0, 0.0, 0.0, 0.0, 0.0, 0.0, 0.0, 0.0, 0.0, 0.0, 0.0, 0.0], "bins": [-4.789490222930908, -4.789490222930908, -4.789490222930908, -4.789490222930908, -4.789490222930908, -4.789490222930908, -4.789490222930908, -4.789490222930908, -4.789490222930908, -4.789490222930908, -4.789490222930908, -4.789490222930908, -4.789490222930908, -4.789490222930908, -4.789490222930908, -4.789490222930908, -4.789490222930908, -4.789490222930908, -4.789490222930908, -4.789490222930908, -4.789490222930908, -4.789490222930908, -4.789490222930908, -4.789490222930908, -4.789490222930908, -4.789490222930908, -4.789490222930908, -4.789490222930908, -4.789490222930908, -4.789490222930908, -4.789490222930908, -4.789490222930908, -4.789490222930908, -4.789490222930908, -4.789490222930908, -4.789490222930908, -4.789490222930908, -4.789490222930908, -4.789490222930908, -4.789490222930908, -4.789490222930908, -4.789490222930908, -4.789490222930908, -4.789490222930908, -4.789490222930908, -4.789490222930908, -4.789490222930908, -4.789490222930908, -4.789490222930908, -4.789490222930908, -4.789490222930908, -4.789490222930908, -4.789490222930908, -4.789490222930908, -4.789490222930908, -4.789490222930908, -4.789490222930908, -4.789490222930908, -4.789490222930908, -4.789490222930908, -4.789490222930908, -4.789490222930908, -4.789490222930908, -4.789490222930908, -4.789490222930908]}, "gradients/fc.1.weight": {"_type": "histogram",