{"graph_0": {"_type": "graph-file", "path": "media/graph/graph_0_summary_e25565a7.graph.json", "sha256": "e25565a7738fe50e40c7ce8add102df52be8ddf782854b800cab878899ad2829", "size": 700}, "_step": 5, "Policy Loss": -2240.82958984375, "Value Loss": 517768.25, "_runtime": 25.72102117538452, "Episode length": 999, "_timestamp": 1585500361.7600532, "Episode reward": -402283.59897730977}
