{"graph_0": {"_type": "graph-file", "path": "media/graph/graph_0_summary_14866b62.graph.json", "sha256": "14866b6211c7992c0bf2da12d98c0f5ce96d54b1d92b78dcf352d1e985409f42", "size": 700}, "_runtime": 22.72662091255188, "Episode reward": -99.90006601648219, "Policy Loss": 47.49708938598633, "Episode length": 999, "Value Loss": 17359.833984375, "_timestamp": 1585500662.226625, "_step": 7}
