{"graph_0": {"_type": "graph-file", "path": "media/graph/graph_0_summary_35bd0fd0.graph.json", "sha256": "35bd0fd0575ee4f3b1b2bf91393399ea6992a2769be109e571a55a46428eafa0", "size": 700}, "_timestamp": 1585506055.9815161, "Episode reward": -5863.561494768759, "Episode length": 317, "_runtime": 21.017687559127808, "_step": 4, "Policy Loss": -279.0085754394531, "Value Loss": 14032.625}
