{"graph_0": {"_type": "graph-file", "path": "media/graph/graph_0_summary_0e65c16f.graph.json", "sha256": "0e65c16ffa21ad4cb3c37dfbf6652e8b148019472229669f268cf74b0419a433", "size": 700}, "_runtime": 8213.800208806992, "Value Loss": 0.1355501264333725, "Episode length": 999, "_timestamp": 1585578129.6448421, "Episode reward": -99.8999999999986, "_step": 499, "Policy Loss": -0.6592233180999756, "gradients/fc.2.weight": {"_type": "histogram", "values": [1.0, 0.0, 0.0, 0.0, 0.0, 0.0, 0.0, 0.0, 0.0, 0.0, 0.0, 0.0, 0.0, 0.0, 0.0, 0.0, 0.0, 5.0, 0.0, 0.0, 0.0, 0.0, 0.0, 0.0, 0.0, 0.0, 0.0, 0.0, 0.0, 0.0, 0.0, 0.0, 0.0, 0.0, 0.0, 0.0, 0.0, 0.0, 0.0, 0.0, 0.0, 1.0, 0.0, 0.0, 0.0, 0.0, 1.0, 0.0, 3.0, 1.0, 0.0, 0.0, 0.0, 2.0, 0.0, 1.0, 0.0, 0.0, 0.0, 0.0, 0.0, 0.0, 0.0, 1.0], "bins": [-0.41585808992385864, -0.39241960644721985, -0.36898112297058105, -0.3455426096916199, -0.32210415601730347, -0.2986656427383423, -0.2752271592617035, -0.2517886757850647, -0.2283501923084259, -0.2049117088317871, -0.18147322535514832, -0.15803474187850952, -0.13459622859954834, -0.11115774512290955, -0.08771926164627075, -0.06428077816963196, -0.040842294692993164, -0.01740381121635437, 0.006034672260284424, 0.029473155736923218, 0.05291163921356201, 0.0763501524925232, 0.0997886061668396, 0.12322711944580078, 0.14666563272476196, 0.17010408639907837, 0.19354259967803955, 0.21698105335235596, 0.24041956663131714, 0.26385802030563354, 0.2872965335845947, 0.31073498725891113, 0.3341735005378723, 0.3576120138168335, 0.3810504674911499, 0.4044889807701111, 0.4279274344444275, 0.45136594772338867, 0.4748044013977051, 0.49824291467666626, 0.5216813683509827, 0.5451198816299438, 0.568558394908905, 0.5919968485832214, 0.6154353022575378, 0.6388738751411438, 0.6623123288154602, 0.6857507824897766, 0.7091893553733826, 0.732627809047699, 0.7560662627220154, 0.7795047163963318, 0.8029432892799377, 0.8263817429542542, 0.8498201966285706, 0.873258650302887, 0.8966972231864929, 0.9201356768608093, 0.9435741305351257, 0.9670127034187317, 0.9904511570930481, 1.0138895511627197, 1.0373280048370361, 1.0607666969299316, 1.084205150604248]}, "gradients/fc.0.weight": {"_type": "histogram", "values": [3.0, 2.0, 1.0, 0.0, 0.0, 0.0, 0.0, 0.0, 0.0, 0.0, 0.0, 0.0, 0.0, 0.0, 0.0, 0.0, 0.0, 0.0, 0.0, 0.0, 0.0, 0.0, 0.0, 0.0, 0.0, 0.0, 0.0, 0.0, 1.0, 1.0, 2.0, 1.0, 0.0, 4.0, 3.0, 8.0, 12.0, 7.0, 1.0, 0.0, 0.0, 1.0, 3.0, 4.0, 0.0, 0.0, 0.0, 0.0, 0.0, 0.0, 0.0, 0.0, 0.0, 0.0, 0.0, 0.0, 0.0, 1.0, 0.0, 3.0, 4.0, 0.0, 1.0, 1.0], "bins": [-0.9697515964508057, -0.9437206983566284, -0.9176898002624512, -0.8916589021682739, -0.8656280040740967, -0.8395971059799194, -0.8135661482810974, -0.7875352501869202, -0.7615043520927429, -0.7354734539985657, -0.7094425559043884, -0.6834115982055664, -0.6573807001113892, -0.6313498020172119, -0.6053189039230347, -0.5792880058288574, -0.5532571077346802, -0.5272262096405029, -0.5011953115463257, -0.47516438364982605, -0.4491335153579712, -0.42310255765914917, -0.3970716595649719, -0.3710407614707947, -0.34500986337661743, -0.3189789652824402, -0.29294806718826294, -0.2669171690940857, -0.24088621139526367, -0.21485531330108643, -0.18882441520690918, -0.16279351711273193, -0.1367626190185547, -0.11073172092437744, -0.0847008228302002, -0.05866992473602295, -0.0326390266418457, -0.006608068943023682, 0.019422829151153564, 0.045453667640686035, 0.07148456573486328, 0.09751558303833008, 0.12354648113250732, 0.14957737922668457, 0.17560827732086182, 0.20163917541503906, 0.2276700735092163, 0.25370097160339355, 0.2797318696975708, 0.30576276779174805, 0.3317936658859253, 0.35782456398010254, 0.3838554620742798, 0.40988636016845703, 0.4359172582626343, 0.4619481563568115, 0.4879791736602783, 0.5140100717544556, 0.5400409698486328, 0.5660718679428101, 0.5921027660369873, 0.6181336641311646, 0.6441645622253418, 0.670195460319519, 0.6962263584136963]}, "gradients/fc.1.bias": {"_type": "histogram", "values": [1.0, 0.0, 0.0, 0.0, 0.0, 0.0, 0.0, 0.0, 0.0, 0.0, 0.0, 0.0, 0.0, 0.0, 0.0, 0.0, 0.0, 0.0, 0.0, 0.0, 0.0, 0.0, 0.0, 0.0, 0.0, 5.0, 0.0, 1.0, 0.0, 0.0, 0.0, 0.0, 0.0, 0.0, 0.0, 0.0, 1.0, 0.0, 0.0, 0.0, 0.0, 0.0, 1.0, 0.0, 1.0, 1.0, 0.0, 0.0, 0.0, 0.0, 0.0, 0.0, 1.0, 0.0, 1.0, 2.0, 0.0, 0.0, 0.0, 0.0, 0.0, 0.0, 0.0, 1.0], "bins": [-0.06997928768396378, -0.06723333895206451, -0.06448739022016525, -0.06174143776297569, -0.05899548530578613, -0.05624953657388687, -0.05350358784198761, -0.05075763911008835, -0.04801168665289879, -0.04526573419570923, -0.04251978546380997, -0.039773836731910706, -0.037027888000011444, -0.034281935542821884, -0.03153598681092262, -0.028790034353733063, -0.0260440856218338, -0.02329813688993454, -0.02055218443274498, -0.01780623570084572, -0.015060283243656158, -0.012314334511756897, -0.009568385779857635, -0.006822437047958374, -0.0040764883160591125, -0.0013305321335792542, 0.0014154165983200073, 0.004161365330219269, 0.00690731406211853, 0.009653262794017792, 0.01239921897649765, 0.015145167708396912, 0.017891116440296173, 0.020637065172195435, 0.023383013904094696, 0.026128970086574554, 0.028874918818473816, 0.03162086755037308, 0.03436681628227234, 0.0371127650141716, 0.03985872119665146, 0.04260466992855072, 0.04535061866044998, 0.04809656739234924, 0.050842516124248505, 0.053588464856147766, 0.05633441358804703, 0.059080369770526886, 0.06182631105184555, 0.06457226723432541, 0.06731822341680527, 0.07006416469812393, 0.07281012088060379, 0.07555606216192245, 0.07830201834440231, 0.08104797452688217, 0.08379391580820084, 0.0865398719906807, 0.08928581327199936, 0.09203176945447922, 0.09477772563695908, 0.09752366691827774, 0.1002696231007576, 0.10301556438207626, 0.10576152056455612]}, "gradients/fc.1.weight": {"_type": "histogram", "values": [1.0, 0.0, 1.0, 0.0, 0.0, 0.0, 1.0, 0.0, 0.0, 2.0, 4.0, 2.0, 0.0, 1.0, 2.0, 0.0, 0.0, 1.0, 1.0, 0.0, 3.0, 1.0, 1.0, 2.0, 1.0, 13.0, 8.0, 45.0, 20.0, 45.0, 10.0, 12.0, 1.0, 161.0, 12.0, 15.0, 6.0, 15.0, 5.0, 2.0, 3.0, 7.0, 9.0, 4.0, 10.0, 11.0, 4.0, 11.0, 17.0, 12.0, 7.0, 5.0, 3.0, 2.0, 4.0, 2.0, 0.0, 1.0, 1.0, 1.0, 1.0, 2.0, 0.0, 1.0], "bins": [-0.41868889331817627, -0.4060610830783844, -0.3934333026409149, -0.38080549240112305, -0.3681776821613312, -0.3555498719215393, -0.3429220914840698, -0.33029428124427795, -0.3176664710044861, -0.3050386905670166, -0.29241088032722473, -0.27978307008743286, -0.2671552896499634, -0.2545274794101715, -0.24189968407154083, -0.22927187383174896, -0.2166440784931183, -0.2040162831544876, -0.19138847291469574, -0.17876067757606506, -0.1661328673362732, -0.1535050868988037, -0.14087727665901184, -0.12824946641921997, -0.11562168598175049, -0.10299387574195862, -0.09036606550216675, -0.07773825526237488, -0.0651104748249054, -0.052482664585113525, -0.039854854345321655, -0.027227073907852173, -0.014599263668060303, -0.0019714534282684326, 0.01065632700920105, 0.02328413724899292, 0.03591194748878479, 0.04853972792625427, 0.06116753816604614, 0.07379534840583801, 0.08642315864562988, 0.09905093908309937, 0.11167871952056885, 0.1243065595626831, 0.1369343400001526, 0.14956212043762207, 0.16218996047973633, 0.1748177409172058, 0.1874455213546753, 0.20007336139678955, 0.21270114183425903, 0.2253289818763733, 0.23795676231384277, 0.25058454275131226, 0.2632123827934265, 0.275840163230896, 0.2884679436683655, 0.30109578371047974, 0.3137235641479492, 0.3263513445854187, 0.33897918462753296, 0.35160696506500244, 0.3642347455024719, 0.3768625855445862, 0.38949036598205566]}, "gradients/fc.2.bias": {"_type": "histogram", "values": [0.0, 0.0, 0.0, 0.0, 0.0, 0.0, 0.0, 0.0, 0.0, 0.0, 0.0, 0.0, 0.0, 0.0, 0.0, 0.0, 0.0, 0.0, 0.0, 0.0, 0.0, 0.0, 0.0, 0.0, 0.0, 0.0, 0.0, 0.0, 0.0, 0.0, 0.0, 0.0, 1.0, 0.0, 0.0, 0.0, 0.0, 0.0, 0.0, 0.0, 0.0, 0.0, 0.0, 0.0, 0.0, 0.0, 0.0, 0.0, 0.0, 0.0, 0.0, 0.0, 0.0, 0.0, 0.0, 0.0, 0.0, 0.0, 0.0, 0.0, 0.0, 0.0, 0.0, 0.0],