{"graph_0": {"_type": "graph-file", "path": "media/graph/graph_0_summary_aacc1603.graph.json", "sha256": "aacc1603668c0c5b0a74f3c0d8e9c1f129de10e23705a56d756c08b527e26e6a", "size": 700}, "_timestamp": 1585617067.3584924, "Episode length": 999, "Episode reward": -80.28304990391835, "Policy Loss": 0.011342099867761135, "_step": 499, "Value Loss": 0.0017396449111402035, "_runtime": 19697.72562289238, "gradients/fc.2.bias": {"_type": "histogram", "values": [0.0, 0.0, 0.0, 0.0, 0.0, 0.0, 0.0, 0.0, 0.0, 0.0, 0.0, 0.0, 0.0, 0.0, 0.0, 0.0, 0.0, 0.0, 0.0, 0.0, 0.0, 0.0, 0.0, 0.0, 0.0, 0.0, 0.0, 0.0, 0.0, 0.0, 0.0, 0.0, 1.0, 0.0, 0.0, 0.0, 0.0, 0.0, 0.0, 0.0, 0.0, 0.0, 0.0, 0.0, 0.0, 0.0, 0.0, 0.0, 0.0, 0.0, 0.0, 0.0, 0.0, 0.0, 0.0, 0.0, 0.0, 0.0, 0.0, 0.0, 0.0, 0.0, 0.0, 0.0], "bins": [-0.8683485984802246, -0.8683485984802246, -0.8683485984802246, -0.8683485984802246, -0.8683485984802246, -0.8683485984802246, -0.8683485984802246, -0.8683485984802246, -0.8683485984802246, -0.8683485984802246, -0.8683485984802246, -0.8683485984802246, -0.8683485984802246, -0.8683485984802246, -0.8683485984802246, -0.8683485984802246, -0.8683485984802246, -0.8683485984802246, -0.8683485984802246, -0.8683485984802246, -0.8683485984802246, -0.8683485984802246, -0.8683485984802246, -0.8683485984802246, -0.8683485984802246, -0.8683485984802246, -0.8683485984802246, -0.8683485984802246, -0.8683485984802246, -0.8683485984802246, -0.8683485984802246, -0.8683485984802246, -0.8683485984802246, -0.8683485984802246, -0.8683485984802246, -0.8683485984802246, -0.8683485984802246, -0.8683485984802246, -0.8683485984802246, -0.8683485984802246, -0.8683485984802246, -0.8683485984802246, -0.8683485984802246, -0.8683485984802246, -0.8683485984802246, -0.8683485984802246, -0.8683485984802246, -0.8683485984802246, -0.8683485984802246, -0.8683485984802246, -0.8683485984802246, -0.8683485984802246, -0.8683485984802246, -0.8683485984802246, -0.8683485984802246, -0.8683485984802246, -0.8683485984802246, -0.8683485984802246, -0.8683485984802246, -0.8683485984802246, -0.8683485984802246, -0.8683485984802246, -0.8683485984802246, -0.8683485984802246, -0.8683485984802246]}, "gradients/fc.2.weight": {"_type": "histogram", "values": [1.0, 0.0, 0.0, 0.0, 0.0, 0.0, 0.0, 0.0, 0.0, 0.0, 1.0, 0.0, 0.0, 0.0, 0.0, 0.0, 0.0, 0.0, 0.0, 0.0, 0.0, 0.0, 0.0, 0.0, 0.0, 0.0, 0.0, 0.0, 0.0, 0.0, 0.0, 0.0, 0.0, 0.0, 0.0, 0.0, 0.0, 0.0, 1.0, 0.0, 0.0, 0.0, 1.0, 0.0, 1.0, 1.0, 1.0, 0.0, 0.0, 0.0, 0.0, 0.0, 0.0, 0.0, 0.0, 0.0, 0.0, 0.0, 0.0, 0.0, 0.0, 0.0, 0.0, 9.0], "bins": [-0.6822770833969116, -0.6580922603607178, -0.6339073777198792, -0.6097224950790405, -0.5855376720428467, -0.5613528490066528, -0.5371679663658142, -0.5129830837249756, -0.48879826068878174, -0.4646134078502655, -0.44042855501174927, -0.41624370217323303, -0.3920588493347168, -0.36787399649620056, -0.3436891436576843, -0.3195042908191681, -0.29531943798065186, -0.2711345851421356, -0.24694973230361938, -0.22276487946510315, -0.19858002662658691, -0.17439520359039307, -0.15021032094955444, -0.12602543830871582, -0.10184061527252197, -0.07765579223632812, -0.0534709095954895, -0.02928602695465088, -0.005101203918457031, 0.019083619117736816, 0.04326850175857544, 0.06745338439941406, 0.09163820743560791, 0.11582303047180176, 0.14000791311264038, 0.164192795753479, 0.18837761878967285, 0.2125624418258667, 0.23674732446670532, 0.26093220710754395, 0.2851170301437378, 0.30930185317993164, 0.3334866762161255, 0.3576716184616089, 0.38185644149780273, 0.4060412645339966, 0.43022620677948, 0.45441102981567383, 0.4785958528518677, 0.5027806758880615, 0.5269654989242554, 0.5511504411697388, 0.5753352642059326, 0.5995200872421265, 0.6237050294876099, 0.6478898525238037, 0.6720746755599976, 0.6962594985961914, 0.7204443216323853, 0.7446292638778687, 0.7688140869140625, 0.7929989099502563, 0.8171838521957397, 0.8413686752319336, 0.8655534982681274]}, "gradients/fc.1.bias": {"_type": "histogram", "values": [1.0, 0.0, 0.0, 0.0, 0.0, 0.0, 0.0, 0.0, 0.0, 7.0, 3.0, 0.0, 0.0, 0.0, 0.0, 0.0, 0.0, 0.0, 1.0, 0.0, 0.0, 0.0, 0.0, 0.0, 0.0, 0.0, 0.0, 2.0, 0.0, 0.0, 0.0, 0.0, 0.0, 1.0, 0.0, 0.0, 0.0, 0.0, 0.0, 0.0, 0.0, 0.0, 0.0, 0.0, 0.0, 0.0, 0.0, 0.0, 0.0, 0.0, 0.0, 0.0, 0.0, 0.0, 0.0, 0.0, 0.0, 0.0, 0.0, 0.0, 0.0, 0.0, 0.0, 1.0], "bins": [-0.03332965821027756, -0.02983318455517292, -0.026336710900068283, -0.022840237244963646, -0.01934376358985901, -0.01584728993475437, -0.012350816279649734, -0.008854342624545097, -0.00535786896944046, -0.0018613934516906738, 0.001635078340768814, 0.005131550133228302, 0.008628025650978088, 0.012124501168727875, 0.015620972961187363, 0.01911744475364685, 0.022613920271396637, 0.026110395789146423, 0.02960687130689621, 0.0331033393740654, 0.036599814891815186, 0.04009629040956497, 0.04359275847673416, 0.04708923399448395, 0.050585709512233734, 0.05408218502998352, 0.05757866054773331, 0.061075128614902496, 0.06457160413265228, 0.06806807965040207, 0.07156454771757126, 0.07506102323532104, 0.07855749875307083, 0.08205397427082062, 0.0855504497885704, 0.0890469178557396, 0.09254340082406998, 0.09603986889123917, 0.09953633695840836, 0.10303281992673874, 0.10652928799390793, 0.11002575606107712, 0.1135222390294075, 0.11701870709657669, 0.12051517516374588, 0.12401165813207626, 0.12750813364982605, 0.13100460171699524, 0.13450106978416443, 0.13799753785133362, 0.1414940357208252, 0.14499050378799438, 0.14848697185516357, 0.15198343992233276, 0.15547990798950195, 0.15897640585899353, 0.16247287392616272, 0.1659693419933319, 0.1694658100605011, 0.1729622781276703, 0.17645874619483948, 0.17995524406433105, 0.18345171213150024, 0.18694818019866943, 0.19044464826583862]}, "gradients/fc.0.weight": {"_type": "histogram", "values": [1.0, 0.0, 0.0, 0.0, 0.0, 0.0, 0.0, 0.0, 0.0, 1.0, 0.0, 0.0, 0.0, 0.0, 0.0, 0.0, 0.0, 0.0, 0.0, 1.0, 1.0, 0.0, 1.0, 1.0, 1.0, 1.0, 1.0, 2.0, 1.0, 1.0, 3.0, 4.0, 1.0, 5.0, 9.0, 9.0, 7.0, 2.0, 0.0, 0.0, 1.0, 1.0, 0.0, 0.0, 1.0, 0.0, 1.0, 1.0, 1.0, 0.0, 0.0, 1.0, 0.0, 0.0, 1.0, 0.0, 1.0, 0.0, 0.0, 1.0, 0.0, 0.0, 0.0, 1.0], "bins": [-0.11149724572896957, -0.10824351012706757, -0.10498977452516556, -0.10173603892326355, -0.09848230332136154, -0.09522856771945953, -0.09197483211755753, -0.08872109651565552, -0.08546736091375351, -0.0822136253118515, -0.0789598897099495, -0.07570615410804749, -0.07245241850614548, -0.06919868290424347, -0.06594494730234146, -0.06269121170043945, -0.059437476098537445, -0.05618374049663544, -0.05293000489473343, -0.04967626929283142, -0.04642253369092941, -0.043168798089027405, -0.0399150624871254, -0.03666132688522339, -0.03340759128332138, -0.030153855681419373, -0.026900120079517365, -0.023646384477615356, -0.02039264887571335, -0.01713891327381134, -0.013885177671909332, -0.010631442070007324, -0.007377706468105316, -0.004123970866203308, -0.0008702352643013, 0.002383500337600708, 0.005637235939502716, 0.008890971541404724, 0.012144707143306732, 0.015398450195789337, 0.01865217834711075, 0.02190590649843216, 0.025159649550914764, 0.02841339260339737, 0.03166712075471878, 0.03492084890604019, 0.0381745919585228, 0.0414283350110054, 0.04468206316232681, 0.047935791313648224, 0.05118953436613083, 0.054443277418613434, 0.057697005569934845, 0.060950733721256256, 0.06420447677373886, 0.06745821982622147, 0.07071194797754288, 0.07396567612886429, 0.0772194191813469, 0.0804731622338295, 0.08372689038515091, 0.08698061853647232, 0.09023436158895493, 0.09348810464143753, 0.09674183279275894]}, "gradients/fc.1.weight": {"_type": "histogram", "values": [1.0, 0.0, 1.0, 0.0, 0.0, 2.0, 0.0, 1.0, 0.0, 1.0, 1.0, 0.0, 0.0, 0.0, 0.0, 0.0, 1.0, 1.0, 1.0, 3.0, 2.0, 5.0, 5.0, 5.0, 4.0, 4.0, 6.0, 11.0, 13.0, 67.0, 280.0, 9.0, 9.0, 14.0, 8.0, 11.0, 9.0, 5.0, 7.0, 3.0, 3.0, 3.0, 2.0, 1.0, 2.0, 1.0, 2.0, 1.0, 2.0, 0.0, 0.0, 0.0, 0.0, 1.0, 1.0, 1.0, 0.0, 0.0, 0.0, 0.0, 0.0, 1.0, 0.0, 1.0],