{"graph_0": {"_type": "graph-file", "path": "media/graph/graph_0_summary_67f22ec7.graph.json", "sha256": "67f22ec75b0098d5c7757688e3b753990532f184ca69958ae664217eba8329e0", "size": 700}, "Episode length": 999, "Episode reward": -99.90005134220158, "_step": 60, "Value Loss": 0.7279395461082458, "Policy Loss": 0.6219709515571594, "_runtime": 139.68679428100586, "_timestamp": 1585500807.1392052}
