{"graph_0": {"_type": "graph-file", "path": "media/graph/graph_0_summary_17fc515f.graph.json", "sha256": "17fc515f974232ed867d51430ecce5390b3ec435bd1a93327e87883a289630a2", "size": 700}, "Value Loss": 0.001380705158226192, "Policy Loss": 0.0038013923913240433, "_runtime": 1947.412460565567, "Episode reward": -38.312245495115874, "_timestamp": 1585596696.4291341, "Episode length": 999, "_step": 499, "gradients/fc.0.weight": {"_type": "histogram", "values": [1.0, 0.0, 0.0, 0.0, 0.0, 0.0, 0.0, 0.0, 0.0, 2.0, 1.0, 2.0, 0.0, 0.0, 0.0, 0.0, 1.0, 1.0, 0.0, 1.0, 0.0, 2.0, 1.0, 1.0, 0.0, 0.0, 0.0, 0.0, 0.0, 1.0, 4.0, 8.0, 4.0, 9.0, 7.0, 1.0, 1.0, 0.0, 1.0, 0.0, 2.0, 1.0, 2.0, 0.0, 0.0, 2.0, 1.0, 1.0, 0.0, 1.0, 0.0, 1.0, 2.0, 1.0, 0.0, 0.0, 0.0, 0.0, 0.0, 0.0, 0.0, 0.0, 0.0, 1.0], "bins": [-0.42237234115600586, -0.40947389602661133, -0.3965754508972168, -0.38367700576782227, -0.3707785904407501, -0.3578801453113556, -0.34498170018196106, -0.33208325505256653, -0.319184809923172, -0.30628639459609985, -0.2933879494667053, -0.2804895043373108, -0.26759105920791626, -0.25469261407852173, -0.2417941689491272, -0.22889573872089386, -0.21599729359149933, -0.2030988484621048, -0.19020041823387146, -0.17730197310447693, -0.1644035279750824, -0.15150508284568787, -0.13860663771629333, -0.1257082223892212, -0.11280977725982666, -0.09991133213043213, -0.0870128870010376, -0.07411444187164307, -0.061215996742248535, -0.04831758141517639, -0.03541913628578186, -0.02252069115638733, -0.009622246026992798, 0.0032761991024017334, 0.016174644231796265, 0.029073089361190796, 0.04197150468826294, 0.05486994981765747, 0.067768394947052, 0.08066684007644653, 0.09356528520584106, 0.1064637303352356, 0.11936217546463013, 0.13226062059402466, 0.1451590657234192, 0.15805745124816895, 0.17095589637756348, 0.183854341506958, 0.19675278663635254, 0.20965123176574707, 0.2225496768951416, 0.23544812202453613, 0.24834656715393066, 0.2612450122833252, 0.2741434574127197, 0.28704190254211426, 0.2999403476715088, 0.3128387928009033, 0.3257371783256531, 0.3386356234550476, 0.35153406858444214, 0.36443251371383667, 0.3773309588432312, 0.39022940397262573, 0.40312784910202026]}, "gradients/fc.1.weight": {"_type": "histogram", "values": [1.0, 0.0, 0.0, 0.0, 0.0, 0.0, 0.0, 0.0, 0.0, 0.0, 0.0, 0.0, 0.0, 2.0, 1.0, 1.0, 1.0, 0.0, 2.0, 1.0, 2.0, 0.0, 1.0, 2.0, 8.0, 3.0, 5.0, 11.0, 9.0, 13.0, 21.0, 46.0, 142.0, 131.0, 37.0, 20.0, 10.0, 6.0, 6.0, 8.0, 2.0, 5.0, 3.0, 3.0, 0.0, 3.0, 0.0, 0.0, 1.0, 0.0, 0.0, 1.0, 0.0, 1.0, 1.0, 0.0, 0.0, 0.0, 0.0, 0.0, 0.0, 0.0, 0.0, 2.0], "bins": [-0.794185996055603, -0.7701157927513123, -0.7460456490516663, -0.7219754457473755, -0.6979053020477295, -0.6738350987434387, -0.649764895439148, -0.625694751739502, -0.6016245484352112, -0.5775543451309204, -0.5534842014312744, -0.5294139981269836, -0.5053437948226929, -0.4812736511230469, -0.4572034478187561, -0.4331332743167877, -0.40906310081481934, -0.38499292731285095, -0.36092275381088257, -0.3368525505065918, -0.3127823770046234, -0.28871220350265503, -0.26464200019836426, -0.24057185649871826, -0.2165016531944275, -0.19243144989013672, -0.16836130619049072, -0.14429110288619995, -0.12022089958190918, -0.09615075588226318, -0.07208055257797241, -0.048010408878326416, -0.023940205574035645, 0.00012999773025512695, 0.024200141429901123, 0.048270344734191895, 0.07234048843383789, 0.09641069173812866, 0.12048089504241943, 0.14455103874206543, 0.1686212420463562, 0.19269144535064697, 0.21676158905029297, 0.24083173274993896, 0.2649019956588745, 0.2889721393585205, 0.3130422830581665, 0.33711254596710205, 0.36118268966674805, 0.38525283336639404, 0.4093230962753296, 0.4333932399749756, 0.4574633836746216, 0.48153364658355713, 0.5056037902832031, 0.5296739339828491, 0.5537441968917847, 0.5778143405914307, 0.6018844842910767, 0.6259546279907227, 0.6500248908996582, 0.6740950345993042, 0.6981651782989502, 0.7222354412078857, 0.7463055849075317]}, "gradients/fc.0.bias": {"_type": "histogram", "values": [1.0, 0.0, 0.0, 0.0, 0.0, 0.0, 0.0, 0.0, 0.0, 0.0, 1.0, 1.0, 2.0, 0.0, 1.0, 0.0, 1.0, 1.0, 2.0, 0.0, 0.0, 2.0, 1.0, 2.0, 0.0, 1.0, 0.0, 1.0, 0.0, 1.0, 0.0, 0.0, 0.0, 0.0, 1.0, 0.0, 0.0, 0.0, 0.0, 0.0, 1.0, 1.0, 2.0, 0.0, 1.0, 0.0, 1.0, 1.0, 0.0, 0.0, 0.0, 0.0, 2.0, 0.0, 3.0, 0.0, 0.0, 0.0, 0.0, 0.0, 0.0, 0.0, 0.0, 1.0], "bins": [-1.0111478567123413, -0.9788382649421692, -0.9465286731719971, -0.9142190217971802, -0.8819094300270081, -0.8495998382568359, -0.8172902464866638, -0.7849806547164917, -0.7526710033416748, -0.7203614711761475, -0.6880518198013306, -0.6557422280311584, -0.6234326362609863, -0.5911229848861694, -0.5588134527206421, -0.5265038013458252, -0.4941942095756531, -0.46188461780548096, -0.42957502603530884, -0.39726537466049194, -0.3649557828903198, -0.3326461911201477, -0.3003365993499756, -0.26802700757980347, -0.23571741580963135, -0.20340776443481445, -0.17109817266464233, -0.13878858089447021, -0.1064789891242981, -0.07416939735412598, -0.04185974597930908, -0.009550213813781738, 0.022759437561035156, 0.05506908893585205, 0.0873786211013794, 0.11968827247619629, 0.15199780464172363, 0.18430745601654053, 0.21661710739135742, 0.24892663955688477, 0.28123629093170166, 0.313545823097229, 0.3458554744720459, 0.3781651258468628, 0.41047465801239014, 0.44278430938720703, 0.4750938415527344, 0.5074034929275513, 0.5397130250930786, 0.5720226764678955, 0.6043323278427124, 0.6366418600082397, 0.6689515113830566, 0.701261043548584, 0.7335706949234009, 0.7658803462982178, 0.7981898784637451, 0.830499529838562, 0.8628090620040894, 0.8951187133789062, 0.9274283647537231, 0.9597378969192505, 0.9920474290847778, 1.0243571996688843, 1.0566667318344116]}, "gradients/fc.1.bias": {"_type": "histogram", "values": [1.0, 0.0, 0.0, 0.0, 0.0, 0.0, 0.0, 0.0, 0.0, 0.0, 0.0, 0.0, 0.0, 1.0, 0.0, 0.0, 0.0, 0.0, 0.0, 0.0, 0.0, 0.0, 0.0, 0.0, 0.0, 0.0, 0.0, 1.0, 0.0, 1.0, 0.0, 1.0, 1.0, 0.0, 2.0, 1.0, 1.0, 0.0, 0.0, 1.0, 0.0, 1.0, 0.0, 1.0, 0.0, 0.0, 0.0, 0.0, 0.0, 0.0, 0.0, 0.0, 0.0, 0.0, 1.0, 0.0, 0.0, 0.0, 0.0, 0.0, 0.0, 0.0, 0.0, 2.0], "bins": [-0.6914107799530029, -0.6704555153846741, -0.6495002508163452, -0.6285449862480164, -0.6075897216796875, -0.5866344571113586, -0.5656791925430298, -0.5447239279747009, -0.5237686634063721, -0.5028133988380432, -0.48185813426971436, -0.4609028697013855, -0.43994757533073425, -0.4189923107624054, -0.39803704619407654, -0.3770817816257477, -0.3561265170574188, -0.33517125248908997, -0.3142159879207611, -0.29326072335243225, -0.2723054587841034, -0.25135019421577454, -0.23039492964744568, -0.20943966507911682, -0.18848437070846558, -0.16752910614013672, -0.14657384157180786, -0.125618577003479, -0.10466331243515015, -0.08370804786682129, -0.06275278329849243, -0.041797518730163574, -0.020842254161834717, 0.00011301040649414062, 0.021068274974822998, 0.042023539543151855, 0.06297880411148071, 0.08393406867980957, 0.10488933324813843, 0.12584459781646729, 0.14679986238479614, 0.167755126953125, 0.18871039152145386, 0.20966565608978271, 0.23062092065811157, 0.25157618522644043, 0.2725314497947693, 0.29348671436309814, 0.3144420385360718, 0.33539724349975586, 0.3563525676727295, 0.3773077726364136, 0.3982630968093872, 0.4192183017730713, 0.4401736259460449, 0.461128830909729, 0.48208415508270264, 0.5030393600463867, 0.5239946842193604, 0.5449498891830444, 0.5659052133560181, 0.5868604183197021, 0.6078157424926758, 0.6287709474563599, 0.6497262716293335]}, "gradients/fc.2.bias": {"_type": "histogram", "values": [0.0, 0.0, 0.0, 0.0, 0.0, 0.0, 0.0, 0.0, 0.0, 0.0, 0.0, 0.0, 0.0, 0.0, 0.0, 0.0, 0.0, 0.0, 0.0, 0.0, 0.0, 0.0, 0.0, 0.0, 0.0, 0.0, 0.0, 0.0, 0.0, 0.0, 0.0, 0.0, 1.0, 0.0, 0.0, 0.0, 0.0, 0.0, 0.0, 0.0, 0.0, 0.0, 0.0, 0.0, 0.0, 0.0, 0.0, 0.0, 0.0, 0.0, 0.0, 0.0, 0.0, 0.0, 0.0, 0.0, 0.0, 0.0, 0.0, 0.0, 0.0, 0.0, 0.0, 0.0],