{"graph_0": {"_type": "graph-file", "path": "media/graph/graph_0_summary_e80a9f1e.graph.json", "sha256": "e80a9f1efc77b9da23e1ebf1394f8d4dfa2563f22c04b03db78abfe617b6cc59", "size": 691}, "_timestamp": 1585423971.558092, "Episode reward": -112.82828096877952, "Policy Loss": -0.0781867653131485, "_step": 9, "Episode length": 999, "_runtime": 805.6114630699158, "Value Loss": 0.7099414467811584}
