{"graph_0": {"_type": "graph-file", "path": "media/graph/graph_0_summary_414d9772.graph.json", "sha256": "414d97720ee15fe1082f1b2fdf356033e9f7caea083430397c4fba4f9484ae29", "size": 691}, "Episode reward": -108.96825784791876, "_runtime": 18.54707646369934, "_timestamp": 1585847498.1239314, "Loss": -14.609107971191406, "_step": 5}
