{"graph_0": {"_type": "graph-file", "path": "media/graph/graph_0_summary_4f36bac0.graph.json", "sha256": "4f36bac0cb97ffeaa90907520116a4920e1f7cc2688e28e80204e9c123aa01b8", "size": 700}, "_runtime": 2791.677141904831, "Episode reward": -99.8999999999986, "Value Loss": 2.5848505174508318e-05, "Policy Loss": 0.006670229136943817, "_step": 499, "_timestamp": 1585511870.0978715, "Episode length": 999, "gradients/fc.0.bias": {"_type": "histogram", "values": [1.0, 0.0, 0.0, 0.0, 0.0, 0.0, 0.0, 0.0, 0.0, 0.0, 1.0, 1.0, 0.0, 0.0, 1.0, 1.0, 1.0, 0.0, 0.0, 2.0, 1.0, 0.0, 0.0, 0.0, 1.0, 0.0, 0.0, 0.0, 2.0, 0.0, 0.0, 1.0, 0.0, 0.0, 1.0, 0.0, 0.0, 0.0, 0.0, 0.0, 0.0, 0.0, 0.0, 0.0, 0.0, 0.0, 0.0, 0.0, 0.0, 0.0, 0.0, 1.0, 0.0, 0.0, 0.0, 0.0, 2.0, 7.0, 2.0, 5.0, 0.0, 0.0, 0.0, 1.0], "bins": [-83451.3515625, -81948.9296875, -80446.5078125, -78944.078125, -77441.65625, -75939.234375, -74436.8125, -72934.390625, -71431.96875, -69929.546875, -68427.1171875, -66924.6953125, -65422.2734375, -63919.8515625, -62417.42578125, -60915.00390625, -59412.578125, -57910.15625, -56407.734375, -54905.3125, -53402.88671875, -51900.46484375, -50398.0390625, -48895.6171875, -47393.1953125, -45890.76953125, -44388.34765625, -42885.92578125, -41383.5, -39881.078125, -38378.65625, -36876.23046875, -35373.80859375, -33871.38671875, -32368.9609375, -30866.5390625, -29364.1171875, -27861.69140625, -26359.26953125, -24856.84765625, -23354.421875, -21852.0, -20349.578125, -18847.15234375, -17344.7265625, -15842.3046875, -14339.8828125, -12837.4609375, -11335.0390625, -9832.6171875, -8330.1875, -6827.765625, -5325.34375, -3822.921875, -2320.5, -818.078125, 684.3515625, 2186.7734375, 3689.1953125, 5191.6171875, 6694.0390625, 8196.4609375, 9698.890625, 11201.3125, 12703.734375]}, "gradients/fc.0.weight": {"_type": "histogram", "values": [1.0, 0.0, 0.0, 0.0, 5.0, 2.0, 8.0, 11.0, 7.0, 1.0, 0.0, 0.0, 3.0, 3.0, 3.0, 3.0, 2.0, 0.0, 1.0, 0.0, 0.0, 0.0, 0.0, 0.0, 0.0, 0.0, 0.0, 0.0, 0.0, 1.0, 0.0, 0.0, 1.0, 0.0, 0.0, 2.0, 0.0, 0.0, 0.0, 1.0, 0.0, 0.0, 0.0, 1.0, 2.0, 0.0, 0.0, 1.0, 1.0, 1.0, 0.0, 0.0, 1.0, 1.0, 0.0, 0.0, 0.0, 0.0, 0.0, 0.0, 0.0, 0.0, 0.0, 1.0], "bins": [-8313.74609375, -7326.123046875, -6338.49951171875, -5350.8759765625, -4363.2529296875, -3375.6298828125, -2388.00634765625, -1400.3828125, -412.759765625, 574.86328125, 1562.486328125, 2550.1103515625, 3537.7333984375, 4525.3564453125, 5512.98046875, 6500.603515625, 7488.2265625, 8475.849609375, 9463.47265625, 10451.095703125, 11438.71875, 12426.34375, 13413.966796875, 14401.58984375, 15389.212890625, 16376.8359375, 17364.458984375, 18352.08203125, 19339.70703125, 20327.330078125, 21314.953125, 22302.576171875, 23290.19921875, 24277.822265625, 25265.4453125, 26253.0703125, 27240.69140625, 28228.31640625, 29215.9375, 30203.5625, 31191.18359375, 32178.80859375, 33166.43359375, 34154.0546875, 35141.6796875, 36129.30078125, 37116.92578125, 38104.546875, 39092.171875, 40079.796875, 41067.41796875, 42055.04296875, 43042.6640625, 44030.2890625, 45017.91015625, 46005.53515625, 46993.16015625, 47980.78125, 48968.40625, 49956.02734375, 50943.65234375, 51931.2734375, 52918.8984375, 53906.51953125, 54894.14453125]}, "gradients/fc.1.weight": {"_type": "histogram", "values": [1.0, 0.0, 1.0, 0.0, 0.0, 0.0, 2.0, 0.0, 0.0, 1.0, 0.0, 0.0, 0.0, 1.0, 1.0, 2.0, 1.0, 1.0, 3.0, 5.0, 4.0, 1.0, 4.0, 3.0, 5.0, 3.0, 3.0, 3.0, 3.0, 1.0, 3.0, 2.0, 6.0, 0.0, 5.0, 2.0, 0.0, 2.0, 1.0, 0.0, 0.0, 0.0, 0.0, 0.0, 0.0, 0.0, 0.0, 0.0, 4.0, 1.0, 0.0, 352.0, 0.0, 0.0, 0.0, 0.0, 0.0, 1.0, 2.0, 3.0, 8.0, 25.0, 26.0, 20.0], "bins": [-36215.5859375, -35511.06640625, -34806.546875, -34102.02734375, -33397.5078125, -32692.990234375, -31988.470703125, -31283.951171875, -30579.431640625, -29874.912109375, -29170.392578125, -28465.875, -27761.35546875, -27056.8359375, -26352.31640625, -25647.796875, -24943.27734375, -24238.7578125, -23534.23828125, -22829.71875, -22125.19921875, -21420.6796875, -20716.162109375, -20011.642578125, -19307.123046875, -18602.603515625, -17898.083984375, -17193.564453125, -16489.046875, -15784.52734375, -15080.0078125, -14375.48828125, -13670.96875, -12966.44921875, -12261.9296875, -11557.41015625, -10852.890625, -10148.373046875, -9443.853515625, -8739.333984375, -8034.814453125, -7330.294921875, -6625.775390625, -5921.255859375, -5216.73828125, -4512.21875, -3807.69921875, -3103.1796875, -2398.66015625, -1694.140625, -989.62109375, -285.1015625, 419.41796875, 1123.9375, 1828.45703125, 2532.9765625, 3237.4921875, 3942.01171875, 4646.53125, 5351.05078125, 6055.5703125, 6760.08984375, 7464.609375, 8169.12890625, 8873.6484375]}, "gradients/fc.2.weight": {"_type": "histogram", "values": [11.0, 0.0, 0.0, 0.0, 0.0, 0.0, 0.0, 0.0, 0.0, 0.0, 0.0, 0.0, 0.0, 0.0, 0.0, 0.0, 0.0, 0.0, 0.0, 0.0, 0.0, 0.0, 0.0, 0.0, 0.0, 0.0, 0.0, 0.0, 0.0, 0.0, 0.0, 0.0, 0.0, 0.0, 0.0, 0.0, 0.0, 0.0, 0.0, 0.0, 0.0, 0.0, 0.0, 0.0, 0.0, 0.0, 0.0, 0.0, 0.0, 0.0, 0.0, 0.0, 0.0, 0.0, 1.0, 0.0, 0.0, 0.0, 1.0, 0.0, 1.0, 0.0, 1.0, 1.0], "bins": [-5232.86865234375, 848.44873046875, 6929.76611328125, 13011.083984375, 19092.400390625, 25173.716796875, 31255.037109375, 37336.35546875, 43417.671875, 49498.98828125, 55580.3046875, 61661.625, 67742.9453125, 73824.2578125, 79905.578125, 85986.890625, 92068.2109375, 98149.53125, 104230.84375, 110312.1640625, 116393.4765625, 122474.796875, 128556.1171875, 134637.421875, 140718.75, 146800.0625, 152881.375, 158962.6875, 165044.015625, 171125.328125, 177206.640625, 183287.96875, 189369.28125, 195450.59375, 201531.921875, 207613.234375, 213694.546875, 219775.875, 225857.1875, 231938.5, 238019.8125, 244101.140625, 250182.453125, 256263.765625, 262345.09375, 268426.40625, 274507.71875, 280589.03125, 286670.375, 292751.6875, 298833.0, 304914.3125, 310995.625, 317076.9375, 323158.25, 329239.59375, 335320.90625, 341402.21875, 347483.53125, 353564.84375, 359646.15625, 365727.5, 371808.8125, 377890.125, 383971.4375]}, "gradients/fc.2.bias": {"_type": "histogram", "values": [0.0, 0.0, 0.0, 0.0, 0.0, 0.0, 0.0, 0.0, 0.0, 0.0, 0.0, 0.0, 0.0, 0.0, 0.0, 0.0, 0.0, 0.0, 0.0, 0.0, 0.0, 0.0, 0.0, 0.0, 0.0, 0.0, 0.0, 0.0, 0.0, 0.0, 0.0, 0.0, 1.0, 0.0, 0.0, 0.0, 0.0, 0.0, 0.0, 0.0, 0.0, 0.0, 0.0, 0.0, 0.0, 0.0, 0.0, 0.0, 0.0, 0.0, 0.0, 0.0, 0.0, 0.0, 0.0, 0.0, 0.0, 0.0, 0.0, 0.0, 0.0, 0.0, 0.0, 0.0], "bins": [5232.86865234375, 5232.86865234375, 5232.86865234375, 5232.86865234375, 5232.86865234375, 5232.86865234375, 5232.86865234375, 5232.86865234375, 5232.86865234375, 5232.86865234375, 5232.86865234375, 5232.86865234375, 5232.86865234375, 5232.86865234375, 5232.86865234375, 5232.86865234375, 5232.86865234375, 5232.86865234375, 5232.86865234375, 5232.86865234375, 5232.86865234375, 5232.86865234375, 5232.86865234375, 5232.86865234375, 5232.86865234375, 5232.86865234375, 5232.86865234375, 5232.86865234375, 5232.86865234375, 5232.86865234375, 5232.86865234375, 5232.86865234375, 5232.86865234375, 5232.86865234375, 5232.86865234375, 5232.86865234375, 5232.86865234375, 5232.86865234375, 5232.86865234375, 5232.86865234375, 5232.86865234375, 5232.86865234375, 5232.86865234375, 5232.86865234375, 5232.86865234375, 5232.86865234375, 5232.86865234375, 5232.86865234375, 5232.86865234375, 5232.86865234375, 5232.86865234375, 5232.86865234375, 5232.86865234375, 5232.86865234375, 5232.86865234375, 5232.86865234375, 5232.86865234375, 5232.86865234375, 5232.86865234375, 5232.86865234375, 5232.86865234375, 5232.86865234375, 5232.86865234375, 5232.86865234375, 5232.86865234375]}, "gradients/fc.1.bias": {"_type": "histogram", "values": [1.0, 0.0, 1.0, 0.0, 0.0, 0.0, 0.0, 1.0, 1.0, 0.0, 0.0, 1.0, 0.0, 0.0, 0.0, 0.0, 0.0, 0.0, 0.0, 0.0, 0.0, 0.0, 0.0, 0.0, 0.0, 0.0, 0.0, 0.0, 0.0, 0.0, 0.0, 0.0, 0.0, 0.0, 0.0, 0.0, 0.0, 0.0, 0.0, 0.0, 0.0, 0.0, 0.0, 0.0, 0.0, 0.0, 0.0, 0.0, 0.0, 0.0, 0.0, 0.0, 0.0, 0.0, 0.0, 0.0, 0.0, 0.0, 0.0, 0.0, 0.0, 0.0, 0.0, 11.0],