{"graph_0": {"_type": "graph-file", "path": "media/graph/graph_0_summary_a1c364a0.graph.json", "sha256": "a1c364a02fe97c330bf4fa5803edc479ccfdcecc87325037368c309df9caa04f", "size": 691}, "Episode reward": {"_type": "torch.Tensor", "var": 8307.5244140625, "mean": -96.52510070800781, "min": -367.6282043457031, "max": 183.68714904785156, "10%": -216.5645797729492, "25%": -135.47423553466797, "75%": -55.603047370910645, "90%": -3.291508364677433, "size": 128}, "_step": 3, "Intrinsic reward": 8.479761123657227, "_timestamp": 1585851332.974028, "_runtime": 39.83807158470154, "Loss": -11.137121200561523, "ICM Loss": 0.0169764943420887, "Extrinsic reward": -95.6923444210783}
