{"graph_0": {"_type": "graph-file", "path": "media/graph/graph_0_summary_88d99614.graph.json", "sha256": "88d996145a9d50ebe25f4dc2dbf330a6ac889e44a60a9f6b732b7c47ca23f2d4", "size": 691}, "Extrinsic reward": -101.01472963318973, "_step": 10, "_runtime": 86.4918258190155, "Loss": -12.42587661743164, "_timestamp": 1585853018.51962, "Intrinsic reward": 5.010805606842041, "ICM Loss": 0.010031645186245441, "Episode reward": -96.00382995605469}
