{"graph_0": {"_type": "graph", "format": "torch", "nodes": [{"name": "fc.0", "id": 4880637456, "class_name": "Linear(in_features=2, out_features=32, bias=True)", "parameters": [["weight", [32, 2]], ["bias", [32]]], "output_shape": [[1, 32]], "num_parameters": [64, 32]}, {"name": "fc.1", "id": 4880637568, "class_name": "Linear(in_features=32, out_features=16, bias=True)", "parameters": [["weight", [16, 32]], ["bias", [16]]], "output_shape": [[1, 16]], "num_parameters": [512, 16]}, {"name": "fc.2", "id": 4880679544, "class_name": "Linear(in_features=16, out_features=1, bias=True)", "parameters": [["weight", [1, 16]], ["bias", [1]]], "output_shape": [[1, 1]], "num_parameters": [16, 1]}], "edges": []}, "Episode length": 999, "_step": 499, "Episode reward": -126.39269794140566, "Value Loss": 0.04871760308742523, "Policy Loss": -0.17636050283908844, "_runtime": 628.8733339309692, "_timestamp": 1585418487.75356, "gradients/fc.0.bias": {"_type": "histogram", "values": [1.0, 0.0, 0.0, 0.0, 0.0, 1.0, 0.0, 1.0, 0.0, 0.0, 0.0, 1.0, 1.0, 1.0, 0.0, 0.0, 1.0, 0.0, 0.0, 1.0, 2.0, 1.0, 0.0, 1.0, 3.0, 0.0, 0.0, 0.0, 2.0, 1.0, 1.0, 1.0, 0.0, 0.0, 1.0, 0.0, 0.0, 1.0, 0.0, 1.0, 1.0, 0.0, 0.0, 1.0, 0.0, 0.0, 0.0, 2.0, 0.0, 1.0, 1.0, 0.0, 0.0, 0.0, 1.0, 0.0, 1.0, 0.0, 0.0, 0.0, 0.0, 0.0, 0.0, 1.0], "bins": [-0.19650453329086304, -0.18907877802848816, -0.18165302276611328, -0.1742272675037384, -0.16680151224136353, -0.15937575697898865, -0.15195000171661377, -0.14452426135540009, -0.1370985060930252, -0.12967275083065033, -0.12224699556827545, -0.11482124030590057, -0.1073954850435257, -0.09996972978115082, -0.09254398196935654, -0.08511822670698166, -0.07769247144460678, -0.0702667236328125, -0.06284096837043762, -0.055415213108062744, -0.047989457845687866, -0.04056370258331299, -0.03313794732093811, -0.025712192058563232, -0.018286436796188354, -0.010860681533813477, -0.0034349262714385986, 0.0039908140897750854, 0.011416569352149963, 0.01884232461452484, 0.02626807987689972, 0.0336938351392746, 0.041119590401649475, 0.04854534566402435, 0.05597108602523804, 0.06339684128761292, 0.07082259654998779, 0.07824835181236267, 0.08567410707473755, 0.09309986233711243, 0.1005256175994873, 0.10795137286186218, 0.11537712812423706, 0.12280288338661194, 0.13022863864898682, 0.1376543939113617, 0.14508014917373657, 0.15250590443611145, 0.15993165969848633, 0.1673574149608612, 0.17478317022323608, 0.18220892548561096, 0.18963468074798584, 0.19706043601036072, 0.2044861614704132, 0.21191191673278809, 0.21933767199516296, 0.22676342725753784, 0.23418918251991272, 0.2416149377822876, 0.24904069304466248, 0.25646644830703735, 0.26389220356941223, 0.2713179588317871, 0.278743714094162]}, "gradients/fc.1.bias": {"_type": "histogram", "values": [1.0, 0.0, 0.0, 0.0, 0.0, 0.0, 0.0, 0.0, 0.0, 0.0, 0.0, 0.0, 0.0, 0.0, 0.0, 0.0, 0.0, 2.0, 0.0, 0.0, 0.0, 1.0, 0.0, 1.0, 1.0, 0.0, 0.0, 0.0, 0.0, 0.0, 1.0, 1.0, 0.0, 0.0, 0.0, 1.0, 2.0, 0.0, 1.0, 0.0, 0.0, 1.0, 0.0, 0.0, 0.0, 0.0, 0.0, 0.0, 1.0, 0.0, 0.0, 0.0, 0.0, 0.0, 0.0, 0.0, 0.0, 0.0, 1.0, 0.0, 0.0, 0.0, 0.0, 1.0], "bins": [-0.3556375801563263, -0.3449934720993042, -0.3343493640422821, -0.32370525598526, -0.3130611777305603, -0.3024170696735382, -0.2917729616165161, -0.281128853559494, -0.2704847455024719, -0.25984063744544983, -0.24919652938842773, -0.23855243623256683, -0.22790832817554474, -0.21726422011852264, -0.20662012696266174, -0.19597601890563965, -0.18533191084861755, -0.17468780279159546, -0.16404369473457336, -0.15339960157871246, -0.14275549352169037, -0.13211138546466827, -0.12146729230880737, -0.11082318425178528, -0.10017907619476318, -0.08953496813774109, -0.078890860080719, -0.0682467520236969, -0.05760267376899719, -0.0469585657119751, -0.036314457654953, -0.025670349597930908, -0.015026241540908813, -0.004382133483886719, 0.006261974573135376, 0.01690608263015747, 0.027550190687179565, 0.03819426894187927, 0.04883837699890137, 0.05948248505592346, 0.07012659311294556, 0.08077070116996765, 0.09141480922698975, 0.10205891728401184, 0.11270299553871155, 0.12334710359573364, 0.13399121165275574, 0.14463534951210022, 0.15527942776679993, 0.16592350602149963, 0.17656764388084412, 0.18721172213554382, 0.1978558599948883, 0.208499938249588, 0.2191440761089325, 0.2297881543636322, 0.2404322326183319, 0.2510763704776764, 0.2617204487323761, 0.2723645865917206, 0.2830086648464203, 0.29365280270576477, 0.3042968809604645, 0.31494101881980896, 0.32558509707450867]}, "gradients/fc.0.weight": {"_type": "histogram", "values": [1.0, 0.0, 0.0, 0.0, 0.0, 0.0, 0.0, 1.0, 0.0, 1.0, 0.0, 0.0, 0.0, 1.0, 1.0, 0.0, 2.0, 0.0, 0.0, 0.0, 1.0, 0.0, 0.0, 1.0, 1.0, 0.0, 1.0, 0.0, 0.0, 1.0, 0.0, 0.0, 1.0, 1.0, 1.0, 6.0, 7.0, 11.0, 8.0, 5.0, 0.0, 1.0, 1.0, 2.0, 1.0, 0.0, 0.0, 1.0, 0.0, 0.0, 1.0, 1.0, 1.0, 0.0, 0.0, 0.0, 1.0, 0.0, 1.0, 0.0, 0.0, 0.0, 0.0, 1.0], "bins": [-0.18166658282279968, -0.1768386960029602, -0.17201080918312073, -0.16718292236328125, -0.16235503554344177, -0.1575271487236023, -0.15269926190376282, -0.14787137508392334, -0.14304348826408386, -0.13821560144424438, -0.1333877146244049, -0.12855981290340424, -0.12373192608356476, -0.11890403926372528, -0.1140761524438858, -0.10924826562404633, -0.10442037880420685, -0.09959249198436737, -0.0947646051645279, -0.08993671834468842, -0.08510883152484894, -0.08028093725442886, -0.07545305043458939, -0.07062516361474991, -0.06579727679491043, -0.06096938997507095, -0.05614149570465088, -0.0513136088848114, -0.046485722064971924, -0.041657835245132446, -0.03682994842529297, -0.03200206160545349, -0.027174174785614014, -0.022346287965774536, -0.01751840114593506, -0.012690514326095581, -0.007862627506256104, -0.003034740686416626, 0.0017931461334228516, 0.006621032953262329, 0.011448919773101807, 0.016276821494102478, 0.021104708313941956, 0.025932595133781433, 0.03076048195362091, 0.03558836877346039, 0.040416255593299866, 0.04524414241313934, 0.05007202923297882, 0.0548999160528183, 0.059727802872657776, 0.06455568969249725, 0.06938359141349792, 0.0742114782333374, 0.07903936505317688, 0.08386725187301636, 0.08869513869285583, 0.09352302551269531, 0.09835091233253479, 0.10317879915237427, 0.10800668597221375, 0.11283457279205322, 0.1176624596118927, 0.12249034643173218, 0.12731823325157166]}, "gradients/fc.2.bias": {"_type": "histogram", "values": [0.0, 0.0, 0.0, 0.0, 0.0, 0.0, 0.0, 0.0, 0.0, 0.0, 0.0, 0.0, 0.0, 0.0, 0.0, 0.0, 0.0, 0.0, 0.0, 0.0, 0.0, 0.0, 0.0, 0.0, 0.0, 0.0, 0.0, 0.0, 0.0, 0.0, 0.0, 0.0, 1.0, 0.0, 0.0, 0.0, 0.0, 0.0, 0.0, 0.0, 0.0, 0.0, 0.0, 0.0, 0.0, 0.0, 0.0, 0.0, 0.0, 0.0, 0.0, 0.0, 0.0, 0.0, 0.0, 0.0, 0.0, 0.0, 0.0, 0.0, 0.0, 0.0, 0.0, 0.0], "bins": [0.6976619362831116, 0.6976619362831116, 0.6976619362831116, 0.6976619362831116, 0.6976619362831116, 0.6976619362831116, 0.6976619362831116, 0.6976619362831116, 0.6976619362831116, 0.6976619362831116, 0.6976619362831116, 0.6976619362831116, 0.6976619362831116, 0.6976619362831116, 0.6976619362831116, 0.6976619362831116, 0.6976619362831116, 0.6976619362831116, 0.6976619362831116, 0.6976619362831116, 0.6976619362831116, 0.6976619362831116, 0.6976619362831116, 0.6976619362831116, 0.6976619362831116, 0.6976619362831116, 0.6976619362831116, 0.6976619362831116, 0.6976619362831116, 0.6976619362831116, 0.6976619362831116, 0.6976619362831116, 0.6976619362831116, 0.6976619362831116, 0.6976619362831116, 0.6976619362831116, 0.6976619362831116, 0.6976619362831116, 0.6976619362831116, 0.6976619362831116, 0.6976619362831116, 0.6976619362831116, 0.6976619362831116, 0.6976619362831116, 0.6976619362831116, 0.6976619362831116, 0.6976619362831116, 0.6976619362831116, 0.6976619362831116, 0.6976619362831116, 0.6976619362831116, 0.6976619362831116, 0.6976619362831116, 0.6976619362831116, 0.6976619362831116, 0.6976619362831116, 0.6976619362831116, 0.6976619362831116, 0.6976619362831116, 0.6976619362831116, 0.6976619362831116, 0.6976619362831116, 0.6976619362831116, 0.6976619362831116, 0.6976619362831116]}, "gradients/fc.2.weight": {"_type": "histogram",