{"graph_0": {"_type": "graph-file", "path": "media/graph/graph_0_summary_11598f5f.graph.json", "sha256": "11598f5fa13172bd59caf8aba5e51c739ea210632ff59fe2e0b3474efb514be7", "size": 700}, "_timestamp": 1585607674.5540943, "Episode length": 999, "Episode reward": -99.82522710646013, "Policy Loss": -0.560990035533905, "_step": 499, "Value Loss": 0.02234717085957527, "_runtime": 10304.921224832535, "gradients/fc.2.bias": {"_type": "histogram", "values": [0.0, 0.0, 0.0, 0.0, 0.0, 0.0, 0.0, 0.0, 0.0, 0.0, 0.0, 0.0, 0.0, 0.0, 0.0, 0.0, 0.0, 0.0, 0.0, 0.0, 0.0, 0.0, 0.0, 0.0, 0.0, 0.0, 0.0, 0.0, 0.0, 0.0, 0.0, 0.0, 1.0, 0.0, 0.0, 0.0, 0.0, 0.0, 0.0, 0.0, 0.0, 0.0, 0.0, 0.0, 0.0, 0.0, 0.0, 0.0, 0.0, 0.0, 0.0, 0.0, 0.0, 0.0, 0.0, 0.0, 0.0, 0.0, 0.0, 0.0, 0.0, 0.0, 0.0, 0.0], "bins": [0.02417275868356228, 0.02417275868356228, 0.02417275868356228, 0.02417275868356228, 0.02417275868356228, 0.02417275868356228, 0.02417275868356228, 0.02417275868356228, 0.02417275868356228, 0.02417275868356228, 0.02417275868356228, 0.02417275868356228, 0.02417275868356228, 0.02417275868356228, 0.02417275868356228, 0.02417275868356228, 0.02417275868356228, 0.02417275868356228, 0.02417275868356228, 0.02417275868356228, 0.02417275868356228, 0.02417275868356228, 0.02417275868356228, 0.02417275868356228, 0.02417275868356228, 0.02417275868356228, 0.02417275868356228, 0.02417275868356228, 0.02417275868356228, 0.02417275868356228, 0.02417275868356228, 0.02417275868356228, 0.02417275868356228, 0.02417275868356228, 0.02417275868356228, 0.02417275868356228, 0.02417275868356228, 0.02417275868356228, 0.02417275868356228, 0.02417275868356228, 0.02417275868356228, 0.02417275868356228, 0.02417275868356228, 0.02417275868356228, 0.02417275868356228, 0.02417275868356228, 0.02417275868356228, 0.02417275868356228, 0.02417275868356228, 0.02417275868356228, 0.02417275868356228, 0.02417275868356228, 0.02417275868356228, 0.02417275868356228, 0.02417275868356228, 0.02417275868356228, 0.02417275868356228, 0.02417275868356228, 0.02417275868356228, 0.02417275868356228, 0.02417275868356228, 0.02417275868356228, 0.02417275868356228, 0.02417275868356228, 0.02417275868356228]}, "gradients/fc.2.weight": {"_type": "histogram", "values": [10.0, 0.0, 0.0, 1.0, 0.0, 0.0, 0.0, 0.0, 0.0, 0.0, 0.0, 0.0, 0.0, 0.0, 0.0, 0.0, 0.0, 0.0, 0.0, 0.0, 0.0, 0.0, 0.0, 0.0, 0.0, 0.0, 0.0, 0.0, 0.0, 0.0, 0.0, 0.0, 0.0, 0.0, 0.0, 0.0, 0.0, 0.0, 0.0, 0.0, 0.0, 0.0, 0.0, 0.0, 0.0, 0.0, 0.0, 0.0, 0.0, 1.0, 0.0, 0.0, 0.0, 0.0, 0.0, 1.0, 0.0, 0.0, 0.0, 0.0, 0.0, 1.0, 1.0, 1.0], "bins": [-0.024172615259885788, -0.0126963434740901, -0.0012200716882944107, 0.010256201028823853, 0.021732471883296967, 0.03320874273777008, 0.04468501731753349, 0.05616128817200661, 0.06763756275177002, 0.07911382615566254, 0.09059010446071625, 0.10206636786460876, 0.11354264616966248, 0.125018909573555, 0.1364951878786087, 0.14797145128250122, 0.15944772958755493, 0.17092400789260864, 0.18240027129650116, 0.19387654960155487, 0.2053528130054474, 0.2168290913105011, 0.22830535471439362, 0.23978163301944733, 0.25125792622566223, 0.26273420453071594, 0.27421045303344727, 0.285686731338501, 0.2971630096435547, 0.3086392879486084, 0.3201155364513397, 0.33159181475639343, 0.34306809306144714, 0.35454437136650085, 0.36602064967155457, 0.3774968981742859, 0.3889731764793396, 0.4004494547843933, 0.411925733089447, 0.42340198159217834, 0.43487825989723206, 0.44635453820228577, 0.4578308165073395, 0.4693070948123932, 0.4807833433151245, 0.4922596216201782, 0.5037358999252319, 0.5152121782302856, 0.5266884565353394, 0.5381647348403931, 0.5496410131454468, 0.5611172318458557, 0.5725935101509094, 0.5840697884559631, 0.5955460667610168, 0.6070223450660706, 0.6184986233711243, 0.629974901676178, 0.6414511799812317, 0.6529274582862854, 0.6644036769866943, 0.675879955291748, 0.6873562335968018, 0.6988325119018555, 0.7103087902069092]}, "gradients/fc.1.bias": {"_type": "histogram", "values": [1.0, 0.0, 1.0, 7.0, 0.0, 0.0, 1.0, 0.0, 0.0, 0.0, 0.0, 0.0, 0.0, 1.0, 0.0, 0.0, 0.0, 0.0, 0.0, 0.0, 0.0, 0.0, 0.0, 0.0, 0.0, 0.0, 0.0, 0.0, 0.0, 0.0, 0.0, 0.0, 0.0, 0.0, 0.0, 0.0, 0.0, 0.0, 0.0, 0.0, 0.0, 0.0, 1.0, 0.0, 0.0, 0.0, 0.0, 0.0, 0.0, 0.0, 2.0, 0.0, 0.0, 0.0, 1.0, 0.0, 0.0, 0.0, 0.0, 0.0, 0.0, 0.0, 0.0, 1.0], "bins": [-0.0014212734531611204, -0.0009535521967336535, -0.0004858309985138476, -1.8109800294041634e-05, 0.00044961145613342524, 0.0009173327125608921, 0.0013850538525730371, 0.0018527752254158258, 0.002320496365427971, 0.002788217505440116, 0.0032559388782829046, 0.0037236602511256933, 0.004191380925476551, 0.00465910229831934, 0.0051268236711621284, 0.005594545044004917, 0.006062266416847706, 0.00652998685836792, 0.006997708231210709, 0.007465429604053497, 0.007933150976896286, 0.008400872349739075, 0.008868593722581863, 0.009336314164102077, 0.009804035536944866, 0.010271756909787655, 0.010739478282630444, 0.011207199655473232, 0.011674921028316021, 0.012142641469836235, 0.012610362842679024, 0.013078084215521812, 0.013545805588364601, 0.01401352696120739, 0.014481247402727604, 0.014948968775570393, 0.015416690148413181, 0.015884412452578545, 0.016352133825421333, 0.016819855198264122, 0.01728757657110691, 0.0177552979439497, 0.018223019316792488, 0.018690740689635277, 0.019158462062478065, 0.019626181572675705, 0.020093902945518494, 0.020561624318361282, 0.02102934569120407, 0.02149706706404686, 0.02196478843688965, 0.022432509809732437, 0.022900231182575226, 0.023367952555418015, 0.023835673928260803, 0.024303395301103592, 0.02477111667394638, 0.02523883804678917, 0.02570655755698681, 0.026174278929829597, 0.026642000302672386, 0.027109721675515175, 0.027577443048357964, 0.028045164421200752, 0.02851288579404354]}, "gradients/fc.0.weight": {"_type": "histogram", "values": [1.0, 0.0, 0.0, 0.0, 0.0, 2.0, 2.0, 1.0, 0.0, 2.0, 1.0, 5.0, 2.0, 4.0, 3.0, 4.0, 9.0, 10.0, 4.0, 1.0, 2.0, 1.0, 0.0, 1.0, 1.0, 1.0, 0.0, 0.0, 0.0, 0.0, 0.0, 0.0, 0.0, 0.0, 1.0, 1.0, 0.0, 0.0, 1.0, 0.0, 0.0, 0.0, 0.0, 1.0, 0.0, 0.0, 0.0, 0.0, 0.0, 0.0, 0.0, 0.0, 0.0, 1.0, 0.0, 0.0, 0.0, 0.0, 0.0, 0.0, 0.0, 1.0, 0.0, 1.0], "bins": [-0.018488584086298943, -0.01737014763057232, -0.016251709312200546, -0.015133272856473923, -0.0140148364007473, -0.012896399013698101, -0.011777961626648903, -0.01065952517092228, -0.009541087783873081, -0.008422650396823883, -0.0073042139410972595, -0.006185776554048061, -0.005067339166998863, -0.00394890271127224, -0.002830466255545616, -0.0017120279371738434, -0.0005935914814472198, 0.0005248449742794037, 0.0016432832926511765, 0.0027617197483778, 0.0038801562041044235, 0.004998594522476196, 0.00611703097820282, 0.007235467433929443, 0.008353905752301216, 0.00947234220802784, 0.010590778663754463, 0.011709215119481087, 0.01282765157520771, 0.013946091756224632, 0.015064528211951256, 0.01618296466767788, 0.017301401123404503, 0.018419837579131126, 0.01953827403485775, 0.020656710490584373, 0.021775150671601295, 0.02289358712732792, 0.024012023583054543, 0.025130460038781166, 0.02624889649450779, 0.027367332950234413, 0.028485773131251335, 0.02960420958697796, 0.030722646042704582, 0.031841084361076355, 0.03295952081680298, 0.0340779572725296, 0.035196393728256226, 0.03631483018398285, 0.03743326663970947, 0.038551703095436096, 0.03967013955116272, 0.04078857600688934, 0.04190701246261597, 0.04302545636892319, 0.044143885374069214, 0.04526232182979584, 0.04638076573610306, 0.04749920219182968, 0.048617638647556305, 0.04973607510328293, 0.05085451155900955, 0.051972948014736176, 0.0530913844704628]}, "gradients/fc.1.weight": {"_type": "histogram", "values": [2.0, 4.0, 4.0, 7.0, 6.0, 14.0, 10.0, 11.0, 5.0, 7.0, 1.0, 4.0, 5.0, 5.0, 5.0, 4.0, 2.0, 14.0, 9.0, 21.0, 273.0, 22.0, 9.0, 5.0, 2.0, 3.0, 4.0, 3.0, 1.0, 0.0, 0.0, 0.0, 0.0, 0.0, 0.0, 0.0, 0.0, 2.0, 0.0, 2.0, 1.0, 3.0, 1.0, 3.0, 2.0, 4.0, 2.0, 5.0, 1.0, 3.0, 2.0, 3.0, 4.0, 1.0, 2.0, 4.0, 0.0, 2.0, 0.0, 0.0, 1.0, 1.0, 0.0, 1.0],