{"graph_0": {"_type": "graph-file", "path": "media/graph/graph_0_summary_631080df.graph.json", "sha256": "631080dfd7d10a1c5bc5fe082e206f920f0a2aedd3cb5a26b9f9a5f5f94f475c", "size": 691}, "_timestamp": 1585846776.6273696, "Loss": -13.246849060058594, "_step": 7, "Episode reward": -101.96658329498554, "_runtime": 21.115241050720215}
