{"graph_0": {"_type": "graph-file", "path": "media/graph/graph_0_summary_4f57d048.graph.json", "sha256": "4f57d0482fe1f0de3b39ccb32e0e1fe9b373ee3732ef3a90e967b15b9b400a3c", "size": 700}, "_runtime": 1266.5949771404266, "Episode reward": 49.69357984716609, "Value Loss": 11.072565078735352, "Policy Loss": -0.06238099932670593, "_step": 499, "_timestamp": 1585510345.0157068, "Episode length": 903, "gradients/fc.0.bias": {"_type": "histogram", "values": [1.0, 0.0, 0.0, 0.0, 0.0, 0.0, 0.0, 0.0, 0.0, 1.0, 0.0, 0.0, 0.0, 0.0, 0.0, 3.0, 0.0, 1.0, 0.0, 2.0, 0.0, 1.0, 0.0, 1.0, 0.0, 1.0, 3.0, 1.0, 1.0, 1.0, 1.0, 1.0, 3.0, 0.0, 1.0, 3.0, 0.0, 0.0, 0.0, 0.0, 1.0, 0.0, 1.0, 0.0, 0.0, 1.0, 1.0, 0.0, 0.0, 0.0, 1.0, 0.0, 0.0, 0.0, 0.0, 0.0, 0.0, 0.0, 0.0, 0.0, 0.0, 0.0, 0.0, 1.0], "bins": [-44.996803283691406, -43.37287902832031, -41.748958587646484, -40.12503433227539, -38.5011100769043, -36.87718963623047, -35.253265380859375, -33.62934112548828, -32.00542068481445, -30.38149642944336, -28.7575740814209, -27.133651733398438, -25.509727478027344, -23.885805130004883, -22.261882781982422, -20.637958526611328, -19.014036178588867, -17.390113830566406, -15.766189575195312, -14.142267227172852, -12.51834487915039, -10.894420623779297, -9.270500183105469, -7.646575927734375, -6.022651672363281, -4.398731231689453, -2.7748069763183594, -1.1508827209472656, 0.4730377197265625, 2.0969619750976562, 3.72088623046875, 5.344806671142578, 6.968730926513672, 8.592655181884766, 10.216575622558594, 11.840499877929688, 13.464424133300781, 15.08834457397461, 16.712268829345703, 18.336193084716797, 19.960113525390625, 21.58403778076172, 23.207962036132812, 24.831886291503906, 26.45580291748047, 28.079727172851562, 29.703651428222656, 31.32757568359375, 32.951499938964844, 34.57542419433594, 36.1993408203125, 37.823265075683594, 39.44718933105469, 41.07111358642578, 42.695037841796875, 44.31896209716797, 45.94287872314453, 47.566802978515625, 49.19072723388672, 50.81465148925781, 52.438575744628906, 54.0625, 55.68641662597656, 57.310340881347656, 58.93426513671875]}, "gradients/fc.0.weight": {"_type": "histogram", "values": [1.0, 0.0, 0.0, 0.0, 0.0, 0.0, 0.0, 0.0, 0.0, 0.0, 0.0, 0.0, 0.0, 1.0, 0.0, 0.0, 0.0, 1.0, 1.0, 0.0, 0.0, 0.0, 1.0, 0.0, 1.0, 0.0, 0.0, 0.0, 3.0, 1.0, 2.0, 2.0, 2.0, 5.0, 4.0, 6.0, 6.0, 5.0, 6.0, 1.0, 4.0, 1.0, 1.0, 0.0, 2.0, 1.0, 1.0, 1.0, 1.0, 1.0, 0.0, 0.0, 0.0, 0.0, 1.0, 0.0, 0.0, 0.0, 0.0, 0.0, 0.0, 0.0, 0.0, 1.0], "bins": [-17.18979263305664, -16.716768264770508, -16.243743896484375, -15.770719528198242, -15.297694206237793, -14.82466983795166, -14.351645469665527, -13.878621101379395, -13.405595779418945, -12.932571411132812, -12.45954704284668, -11.986522674560547, -11.513498306274414, -11.040473937988281, -10.567449569702148, -10.0944242477417, -9.621399879455566, -9.148375511169434, -8.6753511428833, -8.202325820922852, -7.729301452636719, -7.256277084350586, -6.783252716064453, -6.31022834777832, -5.8372039794921875, -5.364178657531738, -4.8911542892456055, -4.418129920959473, -3.94510555267334, -3.472081184387207, -2.999055862426758, -2.526031494140625, -2.053007125854492, -1.5799827575683594, -1.1069583892822266, -0.6339340209960938, -0.16090965270996094, 0.3121147155761719, 0.7851409912109375, 1.2581653594970703, 1.7311897277832031, 2.204214096069336, 2.6772384643554688, 3.1502628326416016, 3.6232872009277344, 4.096311569213867, 4.5693359375, 5.042360305786133, 5.515384674072266, 5.988410949707031, 6.461435317993164, 6.934459686279297, 7.40748405456543, 7.8805084228515625, 8.353532791137695, 8.826557159423828, 9.299581527709961, 9.772605895996094, 10.245630264282227, 10.718656539916992, 11.191680908203125, 11.664705276489258, 12.13772964477539, 12.610754013061523, 13.083778381347656]}, "gradients/fc.1.weight": {"_type": "histogram", "values": [1.0, 0.0, 1.0, 0.0, 0.0, 1.0, 5.0, 1.0, 2.0, 2.0, 5.0, 5.0, 3.0, 11.0, 4.0, 6.0, 9.0, 9.0, 14.0, 18.0, 13.0, 19.0, 21.0, 24.0, 24.0, 14.0, 21.0, 62.0, 21.0, 19.0, 16.0, 21.0, 18.0, 19.0, 18.0, 11.0, 11.0, 10.0, 8.0, 7.0, 6.0, 5.0, 6.0, 4.0, 1.0, 3.0, 4.0, 0.0, 2.0, 1.0, 0.0, 1.0, 1.0, 0.0, 2.0, 0.0, 1.0, 0.0, 0.0, 0.0, 0.0, 0.0, 0.0, 1.0], "bins": [-38.69527053833008, -37.2827033996582, -35.87013626098633, -34.45756912231445, -33.04500198364258, -31.632434844970703, -30.219867706298828, -28.807300567626953, -27.394733428955078, -25.982166290283203, -24.569599151611328, -23.157032012939453, -21.744462966918945, -20.33189582824707, -18.919328689575195, -17.50676155090332, -16.094194412231445, -14.68162727355957, -13.269060134887695, -11.85649299621582, -10.443925857543945, -9.03135871887207, -7.618791580200195, -6.2062225341796875, -4.7936553955078125, -3.3810882568359375, -1.9685211181640625, -0.5559539794921875, 0.8566131591796875, 2.2691802978515625, 3.6817474365234375, 5.0943145751953125, 6.5068817138671875, 7.9194488525390625, 9.332015991210938, 10.744583129882812, 12.157150268554688, 13.569717407226562, 14.982284545898438, 16.394851684570312, 17.807418823242188, 19.219985961914062, 20.632553100585938, 22.045120239257812, 23.457687377929688, 24.870254516601562, 26.282825469970703, 27.695392608642578, 29.107959747314453, 30.520526885986328, 31.933094024658203, 33.34566116333008, 34.75822830200195, 36.17079544067383, 37.5833625793457, 38.99592971801758, 40.40849685668945, 41.82106399536133, 43.2336311340332, 44.64619827270508, 46.05876541137695, 47.47133255004883, 48.8838996887207, 50.29646682739258, 51.70903396606445]}, "gradients/fc.2.weight": {"_type": "histogram", "values": [1.0, 0.0, 0.0, 0.0, 0.0, 0.0, 0.0, 1.0, 0.0, 2.0, 0.0, 0.0, 0.0, 0.0, 0.0, 0.0, 0.0, 0.0, 1.0, 0.0, 0.0, 0.0, 0.0, 0.0, 0.0, 1.0, 0.0, 0.0, 0.0, 0.0, 1.0, 0.0, 0.0, 0.0, 0.0, 1.0, 0.0, 1.0, 1.0, 0.0, 0.0, 0.0, 0.0, 1.0, 0.0, 0.0, 0.0, 0.0, 0.0, 0.0, 1.0, 1.0, 0.0, 0.0, 1.0, 0.0, 0.0, 1.0, 0.0, 0.0, 0.0, 0.0, 0.0, 1.0], "bins": [-54.0301399230957, -52.312049865722656, -50.593955993652344, -48.8758659362793, -47.15777587890625, -45.43968200683594, -43.72159194946289, -42.003501892089844, -40.28540802001953, -38.56731414794922, -36.84922409057617, -35.131134033203125, -33.41304016113281, -31.694950103759766, -29.97686004638672, -28.25876808166504, -26.54067611694336, -24.82258415222168, -23.1044921875, -21.386402130126953, -19.66830825805664, -17.950218200683594, -16.232128143310547, -14.514034271240234, -12.795944213867188, -11.07785415649414, -9.359760284423828, -7.641670227050781, -5.923580169677734, -4.205486297607422, -2.487396240234375, -0.7693023681640625, 0.9487876892089844, 2.6668777465820312, 4.384971618652344, 6.103061676025391, 7.821155548095703, 9.53924560546875, 11.257335662841797, 12.97542953491211, 14.693523406982422, 16.411609649658203, 18.129703521728516, 19.847797393798828, 21.56588363647461, 23.283977508544922, 25.002071380615234, 26.720157623291016, 28.438251495361328, 30.15634536743164, 31.874431610107422, 33.592525482177734, 35.31061935424805, 37.02870559692383, 38.74679946899414, 40.46489334106445, 42.182979583740234, 43.90107345581055, 45.61916732788086, 47.33726119995117, 49.05534744262695, 50.773441314697266, 52.49153518676758, 54.20962142944336, 55.92771530151367]}, "gradients/fc.2.bias": {"_type": "histogram", "values": [0.0, 0.0, 0.0, 0.0, 0.0, 0.0, 0.0, 0.0, 0.0, 0.0, 0.0, 0.0, 0.0, 0.0, 0.0, 0.0, 0.0, 0.0, 0.0, 0.0, 0.0, 0.0, 0.0, 0.0, 0.0, 0.0, 0.0, 0.0, 0.0, 0.0, 0.0, 0.0, 1.0, 0.0, 0.0, 0.0, 0.0, 0.0, 0.0, 0.0, 0.0, 0.0, 0.0, 0.0, 0.0, 0.0, 0.0, 0.0, 0.0, 0.0, 0.0, 0.0, 0.0, 0.0, 0.0, 0.0, 0.0, 0.0, 0.0, 0.0, 0.0, 0.0, 0.0, 0.0],