{"graph_0": {"_type": "graph-file", "path": "media/graph/graph_0_summary_b22ca8c9.graph.json", "sha256": "b22ca8c965d715ea9178a09895bfec26c4bb9869b92b9873fa96bf614cca7a93", "size": 700}, "_runtime": 1971.6873891353607, "Episode reward": -99.8075924062156, "Value Loss": 0.049101073294878006, "Policy Loss": -1.587561845779419, "_step": 499, "_timestamp": 1585511050.1081188, "Episode length": 999, "gradients/fc.0.bias": {"_type": "histogram", "values": [1.0, 1.0, 0.0, 0.0, 0.0, 0.0, 0.0, 0.0, 0.0, 0.0, 0.0, 1.0, 0.0, 0.0, 0.0, 0.0, 0.0, 1.0, 1.0, 0.0, 0.0, 0.0, 0.0, 0.0, 0.0, 0.0, 0.0, 0.0, 1.0, 0.0, 0.0, 0.0, 0.0, 0.0, 0.0, 0.0, 0.0, 0.0, 0.0, 0.0, 0.0, 1.0, 1.0, 0.0, 1.0, 1.0, 3.0, 5.0, 0.0, 1.0, 0.0, 0.0, 2.0, 1.0, 1.0, 1.0, 1.0, 1.0, 1.0, 1.0, 0.0, 1.0, 1.0, 2.0], "bins": [-0.23012158274650574, -0.22527940571308136, -0.22043722867965698, -0.2155950516462326, -0.21075287461280823, -0.20591069757938385, -0.20106852054595947, -0.1962263286113739, -0.19138416647911072, -0.18654197454452515, -0.18169981241226196, -0.1768576204776764, -0.17201544344425201, -0.16717326641082764, -0.16233108937740326, -0.15748891234397888, -0.1526467353105545, -0.14780455827713013, -0.14296238124370575, -0.13812020421028137, -0.133278027176857, -0.12843585014343262, -0.12359366565942764, -0.11875148862600327, -0.11390931159257889, -0.10906713455915451, -0.10422495007514954, -0.09938277304172516, -0.09454059600830078, -0.0896984189748764, -0.08485624194145203, -0.08001406490802765, -0.07517188787460327, -0.0703297108411789, -0.06548753380775452, -0.06064535677433014, -0.05580317974090576, -0.050961002707481384, -0.04611882567405701, -0.04127664864063263, -0.03643447160720825, -0.03159227967262268, -0.026750102639198303, -0.021907925605773926, -0.01706574857234955, -0.012223571538925171, -0.0073813945055007935, -0.002539217472076416, 0.0023029595613479614, 0.007145136594772339, 0.011987313628196716, 0.016829490661621094, 0.021671682596206665, 0.02651384472846985, 0.03135603666305542, 0.036198198795318604, 0.041040390729904175, 0.04588255286216736, 0.05072474479675293, 0.05556690692901611, 0.060409098863601685, 0.06525126099586487, 0.07009345293045044, 0.07493561506271362, 0.0797778069972992]}, "gradients/fc.0.weight": {"_type": "histogram", "values": [1.0, 1.0, 0.0, 0.0, 0.0, 0.0, 0.0, 1.0, 0.0, 0.0, 0.0, 0.0, 0.0, 0.0, 1.0, 1.0, 2.0, 0.0, 0.0, 0.0, 4.0, 0.0, 0.0, 0.0, 0.0, 1.0, 0.0, 1.0, 1.0, 0.0, 2.0, 7.0, 16.0, 1.0, 0.0, 4.0, 0.0, 4.0, 3.0, 4.0, 0.0, 0.0, 1.0, 1.0, 0.0, 1.0, 0.0, 0.0, 0.0, 0.0, 1.0, 1.0, 1.0, 0.0, 0.0, 0.0, 0.0, 1.0, 0.0, 0.0, 0.0, 1.0, 0.0, 1.0], "bins": [-0.060093075037002563, -0.05824423208832741, -0.05639539286494255, -0.054546549916267395, -0.05269771069288254, -0.05084886774420738, -0.049000028520822525, -0.04715118557214737, -0.04530234634876251, -0.04345350340008736, -0.0416046604514122, -0.039755821228027344, -0.03790698200464249, -0.03605813905596733, -0.034209296107292175, -0.03236045688390732, -0.03051161579787731, -0.028662774711847305, -0.02681393176317215, -0.024965092539787292, -0.023116249591112137, -0.02126741036772728, -0.019418567419052124, -0.017569728195667267, -0.01572088524699211, -0.013872046023607254, -0.012023203074932098, -0.010174363851547241, -0.008325520902872086, -0.006476681679487228, -0.004627838730812073, -0.0027789995074272156, -0.0009301565587520599, 0.0009186863899230957, 0.002767525613307953, 0.00461636483669281, 0.006465211510658264, 0.008314050734043121, 0.010162889957427979, 0.012011729180812836, 0.01386057585477829, 0.015709415078163147, 0.017558254301548004, 0.01940709352493286, 0.021255940198898315, 0.023104779422283173, 0.02495361864566803, 0.026802457869052887, 0.02865130454301834, 0.030500143766403198, 0.032348982989788055, 0.03419782966375351, 0.03604666888713837, 0.037895508110523224, 0.03974434733390808, 0.041593194007873535, 0.04344203323125839, 0.04529087245464325, 0.04713971167802811, 0.04898855835199356, 0.05083739757537842, 0.052686236798763275, 0.05453507602214813, 0.056383922696113586, 0.058232761919498444]}, "gradients/fc.1.weight": {"_type": "histogram", "values": [1.0, 0.0, 2.0, 1.0, 1.0, 1.0, 0.0, 0.0, 2.0, 1.0, 2.0, 1.0, 0.0, 0.0, 0.0, 0.0, 0.0, 0.0, 0.0, 0.0, 0.0, 0.0, 2.0, 3.0, 1.0, 0.0, 1.0, 5.0, 3.0, 4.0, 3.0, 1.0, 7.0, 3.0, 4.0, 2.0, 3.0, 2.0, 2.0, 3.0, 3.0, 2.0, 2.0, 1.0, 9.0, 8.0, 10.0, 15.0, 228.0, 14.0, 18.0, 30.0, 22.0, 26.0, 17.0, 10.0, 7.0, 4.0, 1.0, 5.0, 8.0, 4.0, 2.0, 5.0], "bins": [-0.07885436713695526, -0.07722742110490799, -0.07560048252344131, -0.07397353649139404, -0.07234659790992737, -0.0707196518778801, -0.06909270584583282, -0.06746576726436615, -0.06583882123231888, -0.0642118752002716, -0.06258493661880493, -0.06095799058675766, -0.05933104828000069, -0.05770410597324371, -0.05607715994119644, -0.05445021763443947, -0.052823275327682495, -0.05119633302092552, -0.04956939071416855, -0.04794244468212128, -0.046315502375364304, -0.04468856006860733, -0.04306161403656006, -0.041434671729803085, -0.03980772942304611, -0.03818078711628914, -0.036553844809532166, -0.034926898777484894, -0.03329995647072792, -0.03167301416397095, -0.030046068131923676, -0.028419125825166702, -0.02679218351840973, -0.025165241211652756, -0.023538298904895782, -0.02191135287284851, -0.020284410566091537, -0.018657468259334564, -0.017030522227287292, -0.015403583645820618, -0.013776637613773346, -0.012149691581726074, -0.0105227530002594, -0.008895806968212128, -0.007268860936164856, -0.005641922354698181, -0.004014976322650909, -0.0023880377411842346, -0.0007610917091369629, 0.0008658543229103088, 0.0024927929043769836, 0.004119738936424255, 0.00574667751789093, 0.007373623549938202, 0.009000569581985474, 0.010627508163452148, 0.01225445419549942, 0.013881400227546692, 0.015508338809013367, 0.01713528484106064, 0.01876223087310791, 0.020389169454574585, 0.022016115486621857, 0.02364305406808853, 0.025270000100135803]}, "gradients/fc.2.weight": {"_type": "histogram", "values": [2.0, 0.0, 1.0, 0.0, 0.0, 0.0, 2.0, 0.0, 1.0, 0.0, 0.0, 0.0, 0.0, 0.0, 0.0, 0.0, 0.0, 0.0, 0.0, 1.0, 0.0, 1.0, 0.0, 0.0, 0.0, 0.0, 0.0, 0.0, 0.0, 0.0, 0.0, 0.0, 0.0, 0.0, 0.0, 0.0, 0.0, 0.0, 0.0, 0.0, 0.0, 0.0, 0.0, 0.0, 0.0, 0.0, 0.0, 1.0, 0.0, 0.0, 0.0, 0.0, 0.0, 0.0, 0.0, 0.0, 0.0, 0.0, 0.0, 0.0, 0.0, 0.0, 0.0, 7.0], "bins": [-0.40437835454940796, -0.3978622853755951, -0.3913462460041046, -0.38483017683029175, -0.37831413745880127, -0.3717980682849884, -0.36528199911117554, -0.35876595973968506, -0.3522498905658722, -0.3457338511943817, -0.33921778202056885, -0.33270174264907837, -0.3261856734752655, -0.31966960430145264, -0.31315356492996216, -0.3066374957561493, -0.3001214265823364, -0.29360538721084595, -0.2870893180370331, -0.2805732786655426, -0.27405720949172974, -0.26754117012023926, -0.2610251009464264, -0.2545090317726135, -0.24799299240112305, -0.24147692322731018, -0.2349608689546585, -0.22844481468200684, -0.22192876040935516, -0.2154127061367035, -0.20889663696289062, -0.20238058269023895, -0.19586452841758728, -0.1893484741449356, -0.18283241987228394, -0.17631635069847107, -0.1698002964258194, -0.16328424215316772, -0.15676818788051605, -0.15025213360786438, -0.1437360644340515, -0.13722002506256104, -0.13070395588874817, -0.1241878867149353, -0.11767184734344482, -0.11115577816963196, -0.10463973879814148, -0.09812366962432861, -0.09160763025283813, -0.08509156107902527, -0.0785754919052124, -0.07205945253372192, -0.06554338335990906, -0.05902734398841858, -0.05251127481460571, -0.04599520564079285, -0.03947916626930237, -0.0329630970954895, -0.026447057723999023, -0.019930988550186157, -0.013414919376373291, -0.0068988800048828125, -0.0003828108310699463, 0.006133228540420532, 0.012649297714233398]}, "gradients/fc.2.bias": {"_type": "histogram",