{"graph_0": {"_type": "graph-file", "path": "media/graph/graph_0_summary_6082cb78.graph.json", "sha256": "6082cb782dcfa7d2137e514078f236074263cb18d068f6ff7aaf05d35360f27f", "size": 691}, "_timestamp": 1585423442.6827004, "Episode reward": -195.97591382878792, "Policy Loss": 0.12202450633049011, "_step": 9, "Episode length": 999, "_runtime": 276.7360713481903, "Value Loss": 11.84276008605957}
