{"graph_0": {"_type": "graph-file", "path": "media/graph/graph_0_summary_b869cb90.graph.json", "sha256": "b869cb90af2aa48c5c90255ccc1928e67ced4c9c1194c4c05069088b43b23355", "size": 700}, "_timestamp": 1585618484.1682603, "Episode length": 789, "Episode reward": 21.311886935978166, "Policy Loss": 0.5519461631774902, "_step": 499, "Value Loss": 12.572649002075195, "_runtime": 21114.535390853882, "gradients/fc.2.bias": {"_type": "histogram", "values": [0.0, 0.0, 0.0, 0.0, 0.0, 0.0, 0.0, 0.0, 0.0, 0.0, 0.0, 0.0, 0.0, 0.0, 0.0, 0.0, 0.0, 0.0, 0.0, 0.0, 0.0, 0.0, 0.0, 0.0, 0.0, 0.0, 0.0, 0.0, 0.0, 0.0, 0.0, 1.0, 0.0, 0.0, 0.0, 0.0, 0.0, 0.0, 0.0, 0.0, 0.0, 0.0, 0.0, 0.0, 0.0, 0.0, 0.0, 0.0, 0.0, 0.0, 0.0, 0.0, 0.0, 0.0, 0.0, 0.0, 0.0, 0.0, 0.0, 0.0, 0.0, 0.0, 0.0, 0.0], "bins": [-0.12798291444778442, -0.12798291444778442, -0.12798291444778442, -0.12798291444778442, -0.12798291444778442, -0.12798291444778442, -0.12798291444778442, -0.12798291444778442, -0.12798291444778442, -0.12798291444778442, -0.12798291444778442, -0.12798291444778442, -0.12798291444778442, -0.12798291444778442, -0.12798291444778442, -0.12798291444778442, -0.12798291444778442, -0.12798291444778442, -0.12798291444778442, -0.12798291444778442, -0.12798291444778442, -0.12798291444778442, -0.12798291444778442, -0.12798291444778442, -0.12798291444778442, -0.12798291444778442, -0.12798291444778442, -0.12798291444778442, -0.12798291444778442, -0.12798291444778442, -0.12798291444778442, -0.12798291444778442, -0.12798291444778442, -0.12798291444778442, -0.12798291444778442, -0.12798291444778442, -0.12798291444778442, -0.12798291444778442, -0.12798291444778442, -0.12798291444778442, -0.12798291444778442, -0.12798291444778442, -0.12798291444778442, -0.12798291444778442, -0.12798291444778442, -0.12798291444778442, -0.12798291444778442, -0.12798291444778442, -0.12798291444778442, -0.12798291444778442, -0.12798291444778442, -0.12798291444778442, -0.12798291444778442, -0.12798291444778442, -0.12798291444778442, -0.12798291444778442, -0.12798291444778442, -0.12798291444778442, -0.12798291444778442, -0.12798291444778442, -0.12798291444778442, -0.12798291444778442, -0.12798291444778442, -0.12798291444778442, -0.12798291444778442]}, "gradients/fc.2.weight": {"_type": "histogram", "values": [1.0, 0.0, 0.0, 0.0, 0.0, 1.0, 0.0, 0.0, 0.0, 0.0, 0.0, 0.0, 0.0, 0.0, 0.0, 0.0, 0.0, 0.0, 0.0, 0.0, 0.0, 0.0, 0.0, 0.0, 0.0, 0.0, 0.0, 0.0, 0.0, 0.0, 1.0, 0.0, 0.0, 0.0, 0.0, 0.0, 1.0, 0.0, 0.0, 0.0, 0.0, 0.0, 0.0, 0.0, 0.0, 0.0, 0.0, 0.0, 1.0, 0.0, 0.0, 0.0, 0.0, 0.0, 0.0, 0.0, 0.0, 0.0, 0.0, 8.0, 1.0, 1.0, 0.0, 1.0], "bins": [-6.036052703857422, -5.932949542999268, -5.829845905303955, -5.726742744445801, -5.623639106750488, -5.520535945892334, -5.41743278503418, -5.314329147338867, -5.211225986480713, -5.1081223487854, -5.005019187927246, -4.901915550231934, -4.798812389373779, -4.695709228515625, -4.5926055908203125, -4.489502429962158, -4.386399269104004, -4.283295631408691, -4.180192470550537, -4.077088832855225, -3.9739856719970703, -3.870882272720337, -3.7677788734436035, -3.66467547416687, -3.5615720748901367, -3.4584689140319824, -3.355365514755249, -3.2522621154785156, -3.1491587162017822, -3.046055316925049, -2.9429521560668945, -2.839848756790161, -2.7367453575134277, -2.6336419582366943, -2.530538558959961, -2.4274353981018066, -2.3243319988250732, -2.22122859954834, -2.1181252002716064, -2.015021800994873, -1.9119186401367188, -1.8088150024414062, -1.705711841583252, -1.6026086807250977, -1.4995050430297852, -1.3964018821716309, -1.2932982444763184, -1.190195083618164, -1.0870914459228516, -0.9839882850646973, -0.880885124206543, -0.7777814865112305, -0.6746783256530762, -0.5715746879577637, -0.4684715270996094, -0.3653683662414551, -0.2622647285461426, -0.15916156768798828, -0.05605792999267578, 0.047045230865478516, 0.1501483917236328, 0.2532520294189453, 0.3563551902770996, 0.4594588279724121, 0.5625619888305664]}, "gradients/fc.1.bias": {"_type": "histogram", "values": [1.0, 0.0, 2.0, 0.0, 0.0, 0.0, 0.0, 0.0, 0.0, 0.0, 0.0, 0.0, 0.0, 0.0, 0.0, 1.0, 0.0, 0.0, 0.0, 0.0, 1.0, 0.0, 0.0, 0.0, 0.0, 0.0, 0.0, 0.0, 0.0, 0.0, 0.0, 0.0, 0.0, 0.0, 0.0, 0.0, 0.0, 0.0, 0.0, 0.0, 1.0, 0.0, 1.0, 0.0, 0.0, 0.0, 0.0, 0.0, 0.0, 0.0, 0.0, 0.0, 7.0, 0.0, 0.0, 0.0, 0.0, 0.0, 0.0, 0.0, 0.0, 0.0, 0.0, 2.0], "bins": [-0.15160080790519714, -0.14872920513153076, -0.14585758745670319, -0.1429859697818756, -0.14011436700820923, -0.13724276423454285, -0.13437114655971527, -0.1314995288848877, -0.1286279261112213, -0.12575632333755493, -0.12288470566272736, -0.12001309543848038, -0.1171414852142334, -0.11426987498998642, -0.11139826476573944, -0.10852665454149246, -0.10565504431724548, -0.1027834340929985, -0.09991182386875153, -0.09704021364450455, -0.09416860342025757, -0.09129699319601059, -0.08842538297176361, -0.08555377274751663, -0.08268216252326965, -0.07981055229902267, -0.0769389420747757, -0.07406733185052872, -0.07119572162628174, -0.06832411140203476, -0.06545250117778778, -0.0625808909535408, -0.05970928072929382, -0.056837670505046844, -0.053966060280799866, -0.05109445005655289, -0.04822283983230591, -0.04535122960805893, -0.04247961938381195, -0.03960800915956497, -0.03673639893531799, -0.033864788711071014, -0.030993178486824036, -0.028121568262577057, -0.025249958038330078, -0.022378355264663696, -0.01950673758983612, -0.016635119915008545, -0.013763517141342163, -0.010891914367675781, -0.008020296692848206, -0.00514867901802063, -0.002277076244354248, 0.0005945265293121338, 0.0034661442041397095, 0.006337761878967285, 0.009209364652633667, 0.012080967426300049, 0.014952585101127625, 0.0178242027759552, 0.020695805549621582, 0.023567408323287964, 0.02643902599811554, 0.029310643672943115, 0.0321822464466095]}, "gradients/fc.0.weight": {"_type": "histogram", "values": [1.0, 0.0, 0.0, 0.0, 0.0, 2.0, 0.0, 1.0, 5.0, 2.0, 3.0, 1.0, 0.0, 1.0, 0.0, 10.0, 5.0, 2.0, 3.0, 3.0, 6.0, 3.0, 0.0, 2.0, 0.0, 3.0, 1.0, 0.0, 1.0, 0.0, 2.0, 0.0, 0.0, 1.0, 1.0, 0.0, 0.0, 0.0, 0.0, 1.0, 0.0, 0.0, 0.0, 0.0, 0.0, 0.0, 1.0, 0.0, 0.0, 0.0, 0.0, 0.0, 0.0, 0.0, 0.0, 1.0, 0.0, 0.0, 1.0, 0.0, 0.0, 0.0, 0.0, 1.0], "bins": [-0.661833643913269, -0.6241885423660278, -0.5865433812141418, -0.5488982200622559, -0.5112531185150146, -0.47360798716545105, -0.43596285581588745, -0.39831772446632385, -0.36067259311676025, -0.32302746176719666, -0.28538233041763306, -0.24773719906806946, -0.21009206771850586, -0.17244693636894226, -0.13480180501937866, -0.09715664386749268, -0.059511542320251465, -0.021866440773010254, 0.015778720378875732, 0.05342388153076172, 0.09106898307800293, 0.12871408462524414, 0.16635924577713013, 0.2040044069290161, 0.24164950847625732, 0.27929461002349854, 0.3169397711753845, 0.3545849323272705, 0.3922300338745117, 0.42987513542175293, 0.4675203561782837, 0.5051654577255249, 0.5428105592727661, 0.5804556608200073, 0.6181007623672485, 0.6557459831237793, 0.6933910846710205, 0.7310361862182617, 0.7686814069747925, 0.8063265085220337, 0.8439716100692749, 0.8816167116165161, 0.9192618131637573, 0.9569070339202881, 0.9945521354675293, 1.0321972370147705, 1.0698424577713013, 1.1074875593185425, 1.1451326608657837, 1.182777762413025, 1.2204228639602661, 1.2580680847167969, 1.295713186264038, 1.3333582878112793, 1.37100350856781, 1.4086486101150513, 1.4462937116622925, 1.4839388132095337, 1.521583914756775, 1.5592290163040161, 1.5968743562698364, 1.6345194578170776, 1.6721645593643188, 1.70980966091156, 1.7474547624588013]}, "gradients/fc.1.weight": {"_type": "histogram", "values": [1.0, 0.0, 2.0, 0.0, 0.0, 0.0, 0.0, 0.0, 0.0, 0.0, 0.0, 0.0, 0.0, 0.0, 1.0, 0.0, 0.0, 1.0, 1.0, 2.0, 0.0, 0.0, 0.0, 0.0, 0.0, 0.0, 0.0, 1.0, 0.0, 1.0, 3.0, 0.0, 0.0, 1.0, 2.0, 1.0, 3.0, 1.0, 1.0, 1.0, 5.0, 4.0, 4.0, 3.0, 8.0, 6.0, 10.0, 3.0, 14.0, 37.0, 226.0, 14.0, 31.0, 16.0, 1.0, 12.0, 7.0, 18.0, 17.0, 6.0, 16.0, 15.0, 9.0, 7.0],