{"graph_0": {"_type": "graph-file", "path": "media/graph/graph_0_summary_d5c26f22.graph.json", "sha256": "d5c26f228fcc4499cf6434c7e527ca69a2f4814a765c462f6efa964c6de108df", "size": 700}, "_runtime": 5245.847583055496, "Episode reward": -99.8999999999986, "Value Loss": 5.462430638022986e-13, "Policy Loss": -1.3336043380718365e-08, "_step": 499, "_timestamp": 1585514324.2683127, "Episode length": 999, "gradients/fc.0.bias": {"_type": "histogram", "values": [1.0, 1.0, 0.0, 0.0, 0.0, 1.0, 2.0, 0.0, 1.0, 1.0, 0.0, 2.0, 1.0, 1.0, 3.0, 0.0, 0.0, 0.0, 1.0, 0.0, 0.0, 0.0, 0.0, 1.0, 0.0, 1.0, 0.0, 1.0, 2.0, 1.0, 1.0, 3.0, 1.0, 0.0, 0.0, 0.0, 0.0, 1.0, 0.0, 0.0, 1.0, 2.0, 1.0, 0.0, 0.0, 0.0, 0.0, 0.0, 0.0, 0.0, 0.0, 0.0, 0.0, 0.0, 0.0, 0.0, 0.0, 0.0, 0.0, 0.0, 0.0, 0.0, 0.0, 1.0], "bins": [-3.3486032485961914, -3.1359448432922363, -2.9232864379882812, -2.710628032684326, -2.497969388961792, -2.285310983657837, -2.072652578353882, -1.8599940538406372, -1.6473356485366821, -1.434677243232727, -1.2220187187194824, -1.0093603134155273, -0.7967019081115723, -0.5840435028076172, -0.371384859085083, -0.15872645378112793, 0.05393195152282715, 0.2665903568267822, 0.4792487621307373, 0.6919074058532715, 0.9045658111572266, 1.1172242164611816, 1.3298826217651367, 1.5425410270690918, 1.7551994323730469, 1.967857837677002, 2.180516242980957, 2.3931751251220703, 2.6058335304260254, 2.8184919357299805, 3.0311503410339355, 3.2438087463378906, 3.4564671516418457, 3.669125556945801, 3.881783962249756, 4.094442367553711, 4.307100772857666, 4.519759178161621, 4.732418060302734, 4.945075988769531, 5.1577348709106445, 5.370392799377441, 5.583051681518555, 5.795710563659668, 6.008368492126465, 6.221027374267578, 6.433685302734375, 6.646344184875488, 6.859002113342285, 7.071660995483398, 7.284318923950195, 7.496977806091309, 7.7096357345581055, 7.922294616699219, 8.134953498840332, 8.347611427307129, 8.560270309448242, 8.772928237915039, 8.985587120056152, 9.19824504852295, 9.410903930664062, 9.62356185913086, 9.836220741271973, 10.04887866973877, 10.261537551879883]}, "gradients/fc.0.weight": {"_type": "histogram", "values": [2.0, 0.0, 0.0, 1.0, 0.0, 1.0, 0.0, 1.0, 1.0, 0.0, 1.0, 0.0, 1.0, 0.0, 0.0, 1.0, 0.0, 2.0, 0.0, 1.0, 1.0, 0.0, 0.0, 0.0, 1.0, 1.0, 1.0, 1.0, 1.0, 3.0, 1.0, 3.0, 1.0, 1.0, 0.0, 6.0, 7.0, 7.0, 8.0, 0.0, 2.0, 1.0, 1.0, 0.0, 2.0, 1.0, 0.0, 0.0, 0.0, 0.0, 0.0, 0.0, 0.0, 0.0, 0.0, 1.0, 0.0, 0.0, 0.0, 0.0, 0.0, 0.0, 0.0, 1.0], "bins": [-11.357376098632812, -11.032428741455078, -10.70748233795166, -10.382534980773926, -10.057588577270508, -9.732641220092773, -9.407694816589355, -9.082747459411621, -8.757801055908203, -8.432853698730469, -8.107906341552734, -7.782959938049316, -7.458012580871582, -7.133065700531006, -6.80811882019043, -6.4831719398498535, -6.158225059509277, -5.833278179168701, -5.508331298828125, -5.183384418487549, -4.858437538146973, -4.533490180969238, -4.208543300628662, -3.883596420288086, -3.5586495399475098, -3.2337026596069336, -2.908755302429199, -2.5838088989257812, -2.258861541748047, -1.933915138244629, -1.6089677810668945, -1.2840213775634766, -0.9590740203857422, -0.6341266632080078, -0.30918025970458984, 0.01576709747314453, 0.3407135009765625, 0.6656608581542969, 0.9906072616577148, 1.3155546188354492, 1.6405010223388672, 1.9654483795166016, 2.290395736694336, 2.615342140197754, 2.9402894973754883, 3.2652359008789062, 3.5901832580566406, 3.9151296615600586, 4.240077018737793, 4.565024375915527, 4.889970779418945, 5.21491813659668, 5.539865493774414, 5.864810943603516, 6.18975830078125, 6.514705657958984, 6.839653015136719, 7.164600372314453, 7.489545822143555, 7.814493179321289, 8.139440536499023, 8.464387893676758, 8.78933334350586, 9.114280700683594, 9.439228057861328]}, "gradients/fc.1.weight": {"_type": "histogram", "values": [1.0, 1.0, 0.0, 1.0, 1.0, 1.0, 2.0, 2.0, 2.0, 2.0, 1.0, 1.0, 1.0, 1.0, 1.0, 0.0, 0.0, 0.0, 1.0, 0.0, 2.0, 1.0, 0.0, 3.0, 1.0, 4.0, 3.0, 1.0, 1.0, 0.0, 1.0, 1.0, 1.0, 1.0, 2.0, 2.0, 3.0, 18.0, 20.0, 371.0, 24.0, 4.0, 1.0, 0.0, 3.0, 1.0, 1.0, 2.0, 0.0, 2.0, 1.0, 4.0, 3.0, 1.0, 1.0, 0.0, 2.0, 0.0, 0.0, 3.0, 2.0, 0.0, 1.0, 1.0], "bins": [-13.591436386108398, -13.246519088745117, -12.901601791381836, -12.556684494018555, -12.211767196655273, -11.866849899291992, -11.521932601928711, -11.17701530456543, -10.832098007202148, -10.487180709838867, -10.142263412475586, -9.797345161437988, -9.452427864074707, -9.107510566711426, -8.762593269348145, -8.417675971984863, -8.072758674621582, -7.727841377258301, -7.3829240798950195, -7.038006782531738, -6.693089485168457, -6.348171710968018, -6.003254413604736, -5.658337116241455, -5.313419342041016, -4.968502044677734, -4.623584747314453, -4.278667449951172, -3.9337501525878906, -3.5888328552246094, -3.243915557861328, -2.898998260498047, -2.5540809631347656, -2.2091636657714844, -1.8642463684082031, -1.5193290710449219, -1.1744117736816406, -0.8294944763183594, -0.4845771789550781, -0.13965988159179688, 0.20525741577148438, 0.550175666809082, 0.8950929641723633, 1.2400102615356445, 1.5849275588989258, 1.929844856262207, 2.2747621536254883, 2.619678497314453, 2.964597702026367, 3.3095149993896484, 3.6544322967529297, 3.999349594116211, 4.344266891479492, 4.689184188842773, 5.034101486206055, 5.379018783569336, 5.723936080932617, 6.068853378295898, 6.41377067565918, 6.758687973022461, 7.103605270385742, 7.448522567749023, 7.793439865112305, 8.138357162475586, 8.483274459838867]}, "gradients/fc.2.weight": {"_type": "histogram", "values": [11.0, 0.0, 0.0, 0.0, 0.0, 0.0, 0.0, 0.0, 0.0, 0.0, 0.0, 0.0, 0.0, 0.0, 0.0, 0.0, 0.0, 0.0, 0.0, 0.0, 0.0, 0.0, 0.0, 0.0, 0.0, 0.0, 0.0, 0.0, 0.0, 0.0, 0.0, 0.0, 0.0, 0.0, 0.0, 0.0, 0.0, 0.0, 0.0, 0.0, 0.0, 0.0, 0.0, 1.0, 0.0, 0.0, 0.0, 0.0, 0.0, 0.0, 0.0, 0.0, 0.0, 1.0, 0.0, 0.0, 0.0, 0.0, 0.0, 1.0, 0.0, 0.0, 1.0, 1.0], "bins": [0.582077145576477, 2.0919442176818848, 3.601811408996582, 5.111678123474121, 6.621545314788818, 8.131412506103516, 9.641279220581055, 11.15114688873291, 12.66101360321045, 14.170880317687988, 15.680747985839844, 17.190614700317383, 18.700481414794922, 20.21034812927246, 21.720216751098633, 23.230083465576172, 24.73995018005371, 26.24981689453125, 27.75968360900879, 29.26955223083496, 30.7794189453125, 32.28928756713867, 33.79915237426758, 35.30902099609375, 36.818885803222656, 38.32875442504883, 39.838619232177734, 41.348487854003906, 42.85835647583008, 44.368221282958984, 45.878089904785156, 47.38795471191406, 48.897823333740234, 50.407691955566406, 51.91755676269531, 53.427425384521484, 54.93729019165039, 56.44715881347656, 57.957027435302734, 59.46689224243164, 60.97676086425781, 62.48662567138672, 63.99649429321289, 65.50636291503906, 67.01622772216797, 68.52609252929688, 70.03596496582031, 71.54582977294922, 73.05569458007812, 74.56556701660156, 76.07543182373047, 77.58529663085938, 79.09516143798828, 80.60503387451172, 82.11489868164062, 83.62476348876953, 85.13463592529297, 86.64450073242188, 88.15436553955078, 89.66423797607422, 91.17410278320312, 92.68396759033203, 94.19383239746094, 95.70370483398438, 97.21356964111328]}, "gradients/fc.2.bias": {"_type": "histogram", "values": [0.0, 0.0, 0.0, 0.0, 0.0, 0.0, 0.0, 0.0, 0.0, 0.0, 0.0, 0.0, 0.0, 0.0, 0.0, 0.0, 0.0, 0.0, 0.0, 0.0, 0.0, 0.0, 0.0, 0.0, 0.0, 0.0, 0.0, 0.0, 0.0, 0.0, 0.0, 0.0, 1.0, 0.0, 0.0, 0.0, 0.0, 0.0, 0.0, 0.0, 0.0, 0.0, 0.0, 0.0, 0.0, 0.0, 0.0, 0.0, 0.0, 0.0, 0.0, 0.0, 0.0, 0.0, 0.0, 0.0, 0.0, 0.0, 0.0, 0.0, 0.0, 0.0, 0.0, 0.0],