{"graph_0": {"_type": "graph-file", "path": "media/graph/graph_0_summary_c00caa3b.graph.json", "sha256": "c00caa3b62fe7a24dafcac1fb57fc72beb45962661abed5193edea3bd3dbb687", "size": 700}, "_runtime": 48.39946675300598, "Value Loss": 93.8927993774414, "_timestamp": 1585507293.379777, "Episode length": 999, "Policy Loss": -90.2615737915039, "_step": 24, "Episode reward": -99.89993915403292}
